smiles,delta_g_kcal_mol,source,role,parent_name,canonical_smiles
C1CCC=C1Br,-3.02,augment,,,BrC1=CCCC1
C#CC,-1.67,augment,,,C#CC
C#CC(=C)C=C1CNN(O)CNC(=O)NC=CC=C1F,-4.19,augment,,,C#CC(=C)C=C1CNN(O)CNC(=O)NC=CC=C1F
O=C(C)C=C(C(C)CCCNF)C#C,-3.47,augment,,,C#CC(=CC(C)=O)C(C)CCCNF
C=[N+1]([O-1])C=CC=C1C=C2C=C2N1C=C(C(O)CC=O)C#C,-3.62,augment,,,C#CC(=Cn1c(=CC=C[N+](=C)[O-])cc2c1=C2)C(O)CC=O
CC1=NC(CC1)NC(=O)C(C)C(=O)C(C)(O)C#C,-3.79,augment,,,C#CC(C)(O)C(=O)C(C)C(=O)NC1CCC(C)=N1
CC=1N(Cl)CNN(CC2=O)N(CC=1)ON=C2CCC=C(C)C#C,-4.52,augment,,,C#CC(C)=CCCC1=NON2CC=C(C)N(Cl)CNN2CC1=O
COC=NC[NH1+1](C1N=CSCCCC=[C@@H1]C=CC1)C(C)C#C,-4.18,augment,,,C#CC(C)[NH+](CN=COC)C1CC=CC=CCCCSC=N1
C#CC(C=CC=CC(O)NNC)CNC#CC=O,-3.09,augment,,,C#CC(C=CC=CC(O)NNC)CNC#CC=O
CC=CCC(NCCC=O)C#C,-2.95,augment,,,C#CC(CC=CC)NCCC=O
O=COCC=NC(C)C=CC=CN=C(Cl)C#C,-3.39,augment,,,C#CC(Cl)=NC=CC=CC(C)N=CCOC=O
CNC(=C)C=CCCCCC=NC(Cl)C#C,-2.62,augment,,,C#CC(Cl)N=CCCCCC=CC(=C)NC
O=C(C)C=CC=C(F)C#C,-3.7,augment,,,C#CC(F)=CC=CC(C)=O
CC1C(C)C=C1NC2C=C2CCOCON=CCC=CC=C(F)C#C,-3.44,augment,,,C#CC(F)=CC=CCC=NOCOCCC1=CC1NC1=CC(C)C1C
CC(=O)CSC=CNC(NC=CC=CCCCC(=O)NCCC)C#C,-2.55,augment,,,C#CC(NC=CC=CCCCC(=O)NCCC)NC=CSCC(C)=O
CCC(C1CCC=O)=C1C#C,-3.12,augment,,,C#CC1=C(CC)C1CCC=O
C1CCCN=C(CC2=C(N=CCCSC2(C)C)C#C)NC=C1,-4.57,augment,,,C#CC1=C(CC2=NCCCCC=CN2)C(C)(C)SCCC=N1
CCNC=CC=CSC=CC=NOC(C=1)=CC=CCC=1C#C,-4.63,augment,,,C#CC1=CC(ON=CC=CSC=CC=CNCC)=CC=CC1
C1[C@H1]2CSCC1([C@@H1](C)NC(CC3)O3)C=C2C#C,-4.23,augment,,,C#CC1=CC2([C@@H](C)NC3CCO3)CSC[C@@H]1C2
C1OC(=C)C(C=CC2=CCC1(C3)C2CO)C=C3C#C,-4.89,augment,,,C#CC1=CC2C=CC3=CCC(COC2=C)(C1)C3CO
CCN(CC)C(=O)C1=CC(CCNC)SCCNCC=C1C#C,-3.83,augment,,,C#CC1=CCNCCSC(CCNC)C=C1C(=O)N(CC)CC
C12C=CN1CC=CC(C2CC(C)=O)C#C,-4.12,augment,,,C#CC1C=CCN2C=CC2C1CC(C)=O
CCOC=CC=C=CCOC(C)CN=CCCCC1CC1C#C,-3.4,augment,,,C#CC1CC1CCCC=NCC(C)OCC=C=CC=COCC
C#CC1CCC=C1SN2CC=CC=CC=CCC2,-4.26,augment,,,C#CC1CCC=C1SN1CC=CC=CC=CCC1
O=C(NNC=CC(C)CC(O)C=C1)CCOC=C1C=CCCC=C=CC#C,-4.27,augment,,,C#CC=C=CCCC=CC1=COCCC(=O)NNC=CC(C)CC(O)C=C1
O=CCC=CN=CCCNC(N)CC=NCC=C=CC#C,-2.89,augment,,,C#CC=C=CCN=CCC(N)NCCC=NC=CCC=O
C[C@H1](C)OCCC=CSCCNC=C=CC#C,-2.67,augment,,,C#CC=C=CNCCSC=CCCOC(C)C
C#CC=C=NC/C(NC=NC1=O)=C1NC=CC=C,-3.32,augment,,,C#CC=C=NCc1[nH]cnc(=O)c1NC=CC=C
C#CC=C=NCC(=C[N-1]1)C=NC=CN1C=CC2=CNC(O)C=CC=CC=CC=CO2,-3.72,augment,,,C#CC=C=NCc1cnccn(C=CC2=CNC(O)C=CC=CC=CC=CO2)[n-]c1
CC=CC#C,-2.16,augment,,,C#CC=CC
CCNC(=O)C(=O)C=CCC#CC=CC#C,-3.05,augment,,,C#CC=CC#CCC=CC(=O)C(=O)NCC
CC(=C)N(C)C=C(CC)CCCCNCCOC#CC=CC#C,-3.2,augment,,,C#CC=CC#COCCNCCCCC(=CN(C)C(=C)C)CC
CCNN(CON)CCN1C(=O)NCCC(F)C=C1OC=CC(CC)(C)C=CC#C,-2.64,augment,,,C#CC=CC(C)(C=COC1=CC(F)CCNC(=O)N1CCN(CON)NCC)CC
CCC=CC(N)C(CCNC=O)C=CC#C,-2.23,augment,,,C#CC=CC(CCNC=O)C(N)C=CCC
C1OC(=O)C=C1C=COCC(=O)C(O)C=CC#C,-3.65,augment,,,C#CC=CC(O)C(=O)COC=CC1=CC(=O)OC1
C=CCNC=CC=CCOCC(=O)NC(O)C1=CC=CCC1(C=CC#C)C,-3.22,augment,,,C#CC=CC1(C)CC=CC=C1C(O)NC(=O)COCC=CC=CNCC=C
C#CC=CC1=CC#CC(=O)NC2OC=CCC=C12,-4.19,augment,,,C#CC=CC1=CC#CC(=O)NC2OC=CCC=C12
C1=C(C=C(O)C=CCN)C(=N)C=C1C=CC#C,-3.71,augment,,,C#CC=CC1=CC(=N)C(C=C(O)C=CCN)=C1
C#CC=CC=C1CONC(=O)C(C=CSCOC=C1)C=CC=CC=CC=C[O-1],-4.26,augment,,,C#CC=CC=C1C=COCSC=CC(C=CC=CC=CC=C[O-])C(=O)NOC1
O=CCCC=C1SC=CS2=NCOC=CNCC=C1SCC2(N=C)C=CC=CC=CC=CC#C,-4.23,augment,,,C#CC=CC=CC=CC=CC1(N=C)CSC2=CCNC=COCN=S1C=CSC2=CCCC=O
C#CC=CC=CC=CN=C(Cl)NNN/C=NC=NC1(S)CSCC1=C,-4.38,augment,,,C#CC=CC=CC=CN=C(Cl)NNNC=NC=NC1(S)CSCC1=C
CC([O-1])C1C[C@H1](CCC1CCCNCC)C=CC=CC=CC#C,-4.13,augment,,,C#CC=CC=CC=C[C@H]1CCC(CCCNCC)C(C(C)[O-])C1
COC=CC1C[C@@H1]1N(C=O)C=CC=CC#C,-3.01,augment,,,C#CC=CC=CN(C=O)[C@H]1CC1C=COC
COC=CCCC=CC(=C)C=CCCONC=NC=CN1CCCC1=NC=CC=CC#C,-4.19,augment,,,C#CC=CC=CN=C1CCCN1C=CN=CNOCCC=CC(=C)C=CCCC=COC
CCCCCNC([NH1+1])CSCC[C@@H1](C(=O)N)CCOC=CC=CC#C,-2.28,augment,,,C#CC=CC=COCC[C@@H](CCSCC([NH+])NCCCCC)C(N)=O
CCOC=CC(C(=O)C(=N)NCCl)CC=CC#C,-2.91,augment,,,C#CC=CCC(C=COCC)C(=O)C(=N)NCCl
C#CC=CCC=CC=CC(COC(O)C=C1C2)C2C=C1CC,-4.12,augment,,,C#CC=CCC=CC=CC1COC(O)C=C2CC1C=C2CC
CC(CC(C(=O)C)=O)CCCC=CCC=CC#C,-3.17,augment,,,C#CC=CCC=CCCCC(C)CC(=O)C(C)=O
CCC(CN1C=CC=C1COCC)(C)N(C=CC2=CC=CC2)CC=CC#C,-3.96,augment,,,C#CC=CCN(C=CC1=CC=CC1)C(C)(CC)Cn1cccc1COCC
C#CC=CN=C(CNC=C)C(C)OC(C1CC=CC=C1C)=O,-2.88,augment,,,C#CC=CN=C(CNC=C)C(C)OC(=O)C1CC=CC=C1C
CC=NC=CC#C,-2.65,augment,,,C#CC=CN=CC
C#CC=CN=CC=C1SC[C@H1](C2CC=CC2C=O)C1(C(C)(F)CCF)C,-3.99,augment,,,C#CC=CN=CC=C1SC[C@H](C2CC=CC2C=O)C1(C)C(C)(F)CCF
CCOCCCN=CC(CCC=CSC1=NN=CN)C1CCSC=CC#C,-3.47,augment,,,C#CC=CSCCC1C(=NN=CN)SC=CCCC1C=NCCCOCC
COC(=O)CCCC1CN1OC[C@@H1](C)C=CC#C,-2.53,augment,,,C#CC=C[C@H](C)CON1CC1CCCC(=O)OC
C#CC=NC=CC(C)=CCF,-3.06,augment,,,C#CC=NC=CC(C)=CCF
C#CC=NCCCC=CC1=C(CC=NC2=C1)CCOC=C2CC=CC=C(C)C=CC,-4.55,augment,,,C#CC=NCCCC=CC1=C2CC=NC(=C1)C(CC=CC=C(C)C=CC)=COCC2
C#CC=NC[C@H1](CCC(=O)N[C@@H1](C1)CCCC2=C1CC)C2,-4.55,augment,,,C#CC=NC[C@@H]1CCC(=O)N[C@@H]2CCCC(=C(CC)C2)C1
CCC#C,-1.73,augment,,,C#CCC
CCCCNCSNC(=C)C(=C)C=C=C(C)C#CCC#C,-3.07,augment,,,C#CCC#CC(C)=C=CC(=C)C(=C)NSCNCCCC
CC=CC=CC=CC(=O)CC#C,-3.66,augment,,,C#CCC(=O)C=CC=CC=CC
COC(=O)CC=CC=C/C1(NSCCC(=O)CC#C)NN1CCCC=CC=CC2CO2,-3.59,augment,,,C#CCC(=O)CCSNC1(C=CC=CCC(=O)OC)NN1CCCC=CC=CC1CO1
C#CCC(C=O)CNCCNC(C)(C=O)CC=CF,-1.44,augment,,,C#CCC(C=O)CNCCNC(C)(C=O)CC=CF
CCCCCCC=CCCC=CCC[C@@H1](C)NC(CC)CC#C,-2.38,augment,,,C#CCC(CC)N[C@H](C)CCC=CCCC=CCCCCCC
COC=CC=CC(N)CCNC(=O)CC(CCCC(C)O)CC#C,-2.56,augment,,,C#CCC(CCCC(C)O)CC(=O)NCCC(N)C=CC=COC
CC=CC(CC=NC)(O)C=CCC=CNNCCSCCC(O)CC#C,-1.96,augment,,,C#CCC(O)CCSCCNNC=CCC=CC(O)(C=CC)CC=NC
O=C(CO)C1=C(CC=CC=C(C2)C2[C@H1]1CNC)CC#C,-4.41,augment,,,C#CCC1=C(C(=O)CO)[C@H](CNC)C2CC2=CC=CC1
O[C@@H1](C)N1C=CC(=O)C(Cl)=C(C=C(C)CN1C)CC#C,-3.53,augment,,,C#CCC1=C(Cl)C(=O)C=CN([C@H](C)O)N(C)CC(C)=C1
COC=C1C=C1CC#C,-2.79,augment,,,C#CCC1=CC1=COC
CCN=C(C=CC=C=CCC1=O)CCC1CNN=CCCCC2C=C2CC#C,-3.45,augment,,,C#CCC1=CC1CCCC=NNCC1CCC(=NCC)C=CC=C=CCC1=O
C#CCC=C=C(SSC)C(=C)N=CCCCCCC=C,-3.01,augment,,,C#CCC=C=C(SSC)C(=C)N=CCCCCCC=C
[NH3+1]CC=CC=CC=CCC#C,-2.98,augment,,,C#CCC=CC=CC=CC[NH3+]
N[C@@H1](C)CN=CCOC(N)C(=O)N=CCC#C,-1.9,augment,,,C#CCC=NC(=O)C(N)OCC=NC[C@H](C)N
C#CCCC#CSCNCCCC=C1C2=CC=C1C2=C,-3.0,augment,,,C#CCCC#CSCNCCCC=C1C2=CC=C1C2=C
CCC(C)CCC#C,-2.21,augment,,,C#CCCC(C)CC
C1OC=CC=C1C=CC(O)NNC(=O)N2C(C3)=CC=C2CC=C3CCC#C,-4.38,augment,,,C#CCCC1=CCc2ccc(n2C(=O)NNC(O)C=CC2=CC=COC2)C1
CC(C)OC(C1)(C)CC(=C)C1CCC#C,-3.21,augment,,,C#CCCC1CC(C)(OC(C)C)CC1=C
C#CCCC1CC(C)N1CCl,-2.5,augment,,,C#CCCC1CC(C)N1CCl
CC[C@@H1](C)C(O)OC=CC=C(N)CC[NH2+1]NC=NC=CCCC#C,-2.88,augment,,,C#CCCC=CN=CN[NH2+]CCC(N)=CC=COC(O)[C@H](C)CC
CCCCC#C,-1.94,augment,,,C#CCCCC
O=C(CC=CC=CC(=C)CO)C=CC=C(F)CCCC#C,-3.56,augment,,,C#CCCCC(F)=CC=CC(=O)CC=CC=CC(=C)CO
C#CCCCC=CC1CC=NNCCNC=CC=N1,-3.09,augment,,,C#CCCCC=CC1CC=NNCCNC=CC=N1
CC(C)N(CN=C1CC2C(=O)C=C2C=CC=CN1)CCCC#C,-4.37,augment,,,C#CCCCN(CN=C1CC2C(=O)C=C2C=CC=CN1)C(C)C
COC(=O)C=C=CN=C(NC=N1)N(CCC#C)C1C=C,-2.6,augment,,,C#CCCN1C(=NC=C=CC(=O)OC)NC=NC1C=C
O=C(N)CCCC=C([N+1](F)C=CSC)CC=CC=COCCC#C,-3.82,augment,,,C#CCCOC=CC=CCC(=CCCCC(N)=O)[N+](F)C=CSC
CCOCCNC(=O)CCCCSNC(CCOCCC#C)CC,-0.02,augment,,,C#CCCOCCC(CC)NSCCCCC(=O)NCCOCC
C#CCC[C@@H1](C1)C=CC=C1CCC=O,-4.14,augment,,,C#CCC[C@@H]1C=CC=C(CCC=O)C1
C#CCN(NC=CCCC1(C)NC2)C=C2C(=C)C(C)C1,-4.48,augment,,,C#CCN1C=C2CNC(C)(CCC=CN1)CC(C)C2=C
C#CCN=NN1/C=CC=CC(CN)C=NNC1C(=O)N=C[NH1+1](CCCF)F,-3.36,augment,,,C#CCN=NN1C=CC=CC(CN)C=NNC1C(=O)N=C[NH+](F)CCCF
C#CCNC=CCC1=CN=C(CC)NC1C2=CCC=C2CF,-3.71,augment,,,C#CCNC=CCC1=CN=C(CC)NC1C1=CCC=C1CF
C#CCNC=NC(OCCC1=O)C1CCC,-3.28,augment,,,C#CCNC=NC1OCCC(=O)C1CCC
C#CCNCCCC(NCCC(ON1)NCC2CCCC2=N3)C=C=NC13CC,-3.75,augment,,,C#CCNCCCC1C=C=NC2(CC)N=C3CCCC3CNC(CCN1)ON2
CCCC=CNCC(=O)C[NH1+1]CCNC=NCCCNCC#C,-0.56,augment,,,C#CCNCCCN=CNCC[NH+]CC(=O)CNC=CCCC
C#CCNNCNC(N)CCN[C@@H1](C=O)CCl,-0.46,augment,,,C#CCNNCNC(N)CCN[C@@H](C=O)CCl
C#CCOC1=CC#CNN1C=O,-3.27,augment,,,C#CCOC1=CC#CNN1C=O
C#CCOC=CC=CC(C=O)CF,-2.87,augment,,,C#CCOC=CC=CC(C=O)CF
C#CCOCCC,-2.21,augment,,,C#CCOCCC
C#CCONNC(C)C=O,-3.46,augment,,,C#CCONNC(C)C=O
C#CC[C@@H1](N)NC(=O)NC=C1C(C1(C)CC=CCNC2)CC=CC2C,-4.61,augment,,,C#CC[C@@H](N)NC(=O)NC=C1C2CC=CC(C)CNCC=CCC12C
O=C(OCC=NNCC(C=CC=CC1)O2)N2OC1C=CC=NC#C,-4.38,augment,,,C#CN=CC=CC1CC=CC=CC2CNN=CCOC(=O)N(O1)O2
COC=C1C=CC2=C1CC=C(N)NCCNCCCCCN2C=NC#C,-5.0,augment,,,C#CN=CN1CCCCCNCCNC(N)=CCC2=C1C=CC2=COC
CCCSC1(C=C1CNC=NC#C)C(C)CC=C2NC23CC3,-3.67,augment,,,C#CN=CNCC1=CC1(SCCC)C(C)CC=C1NC12CC2
C#CNC=CCSNCC(F)(C)C=CC=NC,-2.59,augment,,,C#CNC=CCSNCC(C)(F)C=CC=NC
CCNC#C,-2.09,augment,,,C#CNCC
C#CNCC=C,-2.15,augment,,,C#CNCC=C
CCC[NH1]C#C,-2.2,augment,,,C#CNCCC
C1C=CC=CC=CN(CC=NC[C@@H1](O)CC1O)NC#C,-4.01,augment,,,C#CNN1C=CC=CC=CCC(O)C[C@H](O)CN=CC1
C#CNN1NC(=O)NCC=CCCC2CC2NC1=O,-4.3,augment,,,C#CNN1NC(=O)NCC=CCCC2CC2NC1=O
C#CNSCNC=CCCC=CC=CN,-3.09,augment,,,C#CNSCNC=CCCC=CC=CN
COC=C(C=O)OC#C,-2.52,augment,,,C#COC(C=O)=COC
CCC(O)CCOC#C,-2.77,augment,,,C#COCCC(O)CC
CCC[C@@H1](C[NH2+1]C(=C)C(C)(NC)CCCCF)COC#C,-2.76,augment,,,C#COC[C@@H](CCC)C[NH2+]C(=C)C(C)(CCCCF)NC
CCCC1C(CCC[C@@H1]1CCOC(=O)CCO)=CSC#C,-3.87,augment,,,C#CSC=C1CCC[C@H](CCOC(=O)CCO)C1CCC
C=CC=CC=CC=C1C=CC2=C1NC(NC)NC(=O)C[C@@H1]2C#C,-4.69,augment,,,C#C[C@H]1CC(=O)NC(NC)NC2=C1C=CC2=CC=CC=CC=C
C1CCC=CC=C1SCC#CCC2C=C2NCCOC[NH1]C3=CC=CC=C3,-3.91,augment,,,C(#CCC1C=C1NCCOCNc1ccccc1)CSC1=CC=CCCC1
C1#CCCCNC=C1C2C=C2,-3.63,augment,,,C1#CC(C2C=C2)=CNCCC1
C1CCSC1CCC2C#C2,-3.02,augment,,,C1#CC1CCC1CCCS1
C1CC=CCC#C1,-2.65,augment,,,C1#CCCC=CC1
C1#CCCC=CC=C1,-3.09,augment,,,C1#CCCC=CC=C1
C1CCC=CC#C1,-2.8,augment,,,C1#CCCCC=C1
C1C=NC#C1,-2.58,augment,,,C1#CN=CC1
C1#CC=CCN1,-2.7,augment,,,C1#CNCC=C1
C1#CCO1,-2.56,augment,,,C1#COC1
C1C=C2C=C21,-2.43,augment,,,C1=C2C=C2C1
C=1C=CC=C=C=1,-2.54,augment,,,C1=C=CC=CC=1
C1CCC=C=C=C1,-2.78,augment,,,C1=C=CCCCC=1
C1C=C1,-1.8,augment,,,C1=CC1
C1CCC(C=CC2)=C12,-3.36,augment,,,C1=CC2=C(C1)CCC2
C1C=C(CCCC2)C=CCC3N=C2CCCNC4CNC=C3C4C1,-5.03,augment,,,C1=CC2=CCCC3C4=CNCC3NCCCC(=NC4C1)CCCC2
C123CCN1C=C2CCCC=CC4=CC5=CC=CC=C5CCC4CNS3,-5.47,augment,,,C1=CC2=Cc3ccccc3CCC2CNSC23CCN2C=C3CCC1
C12C=NCC=CC1N3SCCOCCCNCCCC=C3C2,-4.59,augment,,,C1=CC2C(C=NC1)CC1=CCCCNCCCOCCSN12
C1CCC=CC2C=C2C=N1,-3.65,augment,,,C1=CC2C=C2C=NCCC1
C12CCC=CC3CC=CC3C1C2,-4.26,augment,,,C1=CC2CC=CC2C2CC2CC1
C1CN=C2CCCC2C=C1,-3.66,augment,,,C1=CC2CCCC2=NCC1
C1C=NC=CC(=CSOCC2CC3=CC=C2)C=C3OC4NC4OO1,-5.42,augment,,,C1=CC2COSC=C3C=CN=CCOOC4NC4OC(=C3)C(=C1)C2
C1CC=C=CC=C1C=CCC23CCCCC2C[C@H1]4CCCCCCCCSC[C@@H1]4COO3,-6.69,augment,,,C1=CC=C(C=CCC23CCCCC2C[C@H]2CCCCCCCCSC[C@@H]2COO3)CCC=1
C12C=CC=C=CC=NC1C=CC2,-4.03,augment,,,C1=CC=CC2CC=CC2N=CC=1
C=1CC=CC=C=1,-2.47,augment,,,C1=CC=CCC=1
C=1C=CCCNC=C=1,-2.95,augment,,,C1=CC=CCCNC=1
C=1OC=CC=C=1,-2.6,augment,,,C1=CC=COC=1
C=1C=CSC=C=1,-2.44,augment,,,C1=CC=CSC=1
C=1C=NN=C=1,-3.12,augment,,,C1=CC=NN=1
C1C(CC=C1)NC(O2)CCCC2,-3.74,augment,,,C1=CCC(NC2CCCCO2)C1
C1C=CC=C1,-2.33,augment,,,C1=CCC=C1
C1C=CCC=C1,-2.45,augment,,,C1=CCC=CC1
C1C=NC=CC=C1,-2.88,augment,,,C1=CCC=NC=C1
C1CCC=C1,-2.3,augment,,,C1=CCCC1
C12CCC=C=C1C2,-2.88,augment,,,C1=CCCC2CC=12
C=1CC[C@@H1]=C=1,-2.27,augment,,,C1=CCCC=1
C=1CCCC=C=1,-2.5,augment,,,C1=CCCCC=1
C=1CCCN=C=1,-2.82,augment,,,C1=CCCCN=1
C1CC=C=N1,-2.75,augment,,,C1=CCCN=1
C1CC=C=N[NH1]1,-3.25,augment,,,C1=CCCNN=1
C=1CN=C=1,-2.38,augment,,,C1=CCN=1
C=1CNSN=C=1,-3.22,augment,,,C1=CCNSN=1
C1OC=CC=C1,-2.67,augment,,,C1=CCOC=C1
C=1COC=NC=C=1,-2.56,augment,,,C1=CCOC=NC=1
C1C=NCCC2N1C=CCCO2,-3.53,augment,,,C1=CN2CC=NCCC2OCC1
C1C=NC=C1,-2.63,augment,,,C1=CN=CC1
C1CCCCN1C=CCCSC2=CC=C3C=NC=CCC=C3S2,-4.67,augment,,,C1=CN=CC2=CC=C(SCCC=CN3CCCCC3)SC2=CC1
C12CC3CC1C=CC=NC=CC=C32,-4.25,augment,,,C1=CN=CC=CC2CC3CC2C3=C1
N1C=NN1COC2NC=CC=NC=CC=C3C=C32,-4.65,augment,,,C1=CN=CC=CNC(OCn2nc[nH]2)C2=CC2=C1
C1C=C[NH1]1,-2.09,augment,,,C1=CNC1
C1CNC=CC1,-2.66,augment,,,C1=CNCCC1
C1CCC=CNCN1N2SC3=CC4=C2C=C3C=NO4,-3.95,augment,,,C1=CNCN(n2sc3cc4oncc3cc42)CCC1
C1CC2=C1CSCNC=CC=C3CCC24C3C5=CCC5=C4,-5.17,augment,,,C1=CNCSCC2=C(CC2)C23C=C4CC=C4C2C(=C1)CC3
C1=CCC(C=C1OC=CC=CN2)C=N2,-4.34,augment,,,C1=CNN=CC2C=C(C=CC2)OC=C1
C1=CO1,-2.08,augment,,,C1=CO1
C1C2OC=CC=C12,-2.95,augment,,,C1=COC2CC2=C1
C=1OC=NC[C@@H1]=1,-2.54,augment,,,C1=COC=NC1
C1OC=CC=C2CC3CC=C2C1(N34)O4,-3.98,augment,,,C1=COCC23ON2C2CC=C3C(=C1)C2
C1OC=CCC2C=C12,-3.08,augment,,,C1=COCC2=CC2C1
C1COC=CC=C1SCCNNC(O2)C34CC=CC3C42,-4.1,augment,,,C1=COCCC(SCCNNC2OC3C4C=CCC243)=C1
C1OC=CCC1,-2.72,augment,,,C1=COCCC1
C1C(N(SC2)CCC=COC1)SC=NC=NCC2,-4.06,augment,,,C1=COCCC2SC=NC=NCCCSN2CC1
C1OC=CNC1,-2.74,augment,,,C1=COCCN1
C1C=CSC=N1,-2.6,augment,,,C1=CSC=NC1
C1[C@H1](C=C1CC=C2)CS2,-3.26,augment,,,C1=CSC[C@H]2C=C(C1)C2
C1C=N1,-1.85,augment,,,C1=NC1
C123CN=C=N[C@@H1]1C=C2CC[NH1]3,-4.21,augment,,,C1=NCC23NCCC2=C[C@H]3N=1
C=1CCCN=1,-2.61,augment,,,C1=NCCC1
C1OCC=N1,-2.25,augment,,,C1=NCOC1
C1C2CCC[C@@H1]2C[NH1+1](C3)[NH1+1]=C4CC314,-4.2,augment,,,C1CC2CC34CC3=[NH+][NH+](C[C@H]2C1)C4
C1CCCC1,-2.38,augment,,,C1CCCC1
C1COCCCC1,-2.91,augment,,,C1CCCOCC1
C1CCCCO1,-2.69,augment,,,C1CCOCC1
C1CO1,-2.12,augment,,,C1CO1
C1COC1,-2.31,augment,,,C1COC1
C1CC[C@H1]2CN12,-2.68,augment,,,C1C[C@H]2CN2C1
C1C2NNCN12,-3.24,augment,,,C1NNC2CN12
O=C/C/C(=C)/C=C/C=C/N=C(S)C=C=C=C=C=CC=CF,-4.71,augment,,,C=C(/C=C/C=C/N=C(S)C=C=C=C=C=CC=CF)CC=O
CCOC(=C)C#CNC=CC1OCCSC1N=O,-3.87,augment,,,C=C(C#CNC=CC1OCCSC1N=O)OCC
CC(C)NC(=C)C#CNC=NC=C(CC1CC)C2C1C2=C,-4.51,augment,,,C=C(C#CNC=NC=C1CC(CC)C2C(=C)C12)NC(C)C
COC=CC=C(C(=C)C(C[NH2+1])CC=CC)CC=C[NH1]C,-3.0,augment,,,C=C(C(=CC=COC)CC=CNC)C(C[NH2+])CC=CC
CCNN(C)C(=C)C(=O)C=CC(Br)CC=O,-3.43,augment,,,C=C(C(=O)C=CC(Br)CC=O)N(C)NCC
CSCCCONN(C(=C)C(=O)C=CC)CC=O,-2.36,augment,,,C=C(C(=O)C=CC)N(CC=O)NOCCCSC
C1CCCC[C@H1]1C(=C)C(=O)CC(O)[NH1+1]OC=CC=CC=O,-4.52,augment,,,C=C(C(=O)CC(O)[NH+]OC=CC=CC=O)C1CCCCC1
C1C=CC=C1C(=C)C(=O)N2C[NH1+1]C=CCSC3[C@@H1]4C=NCC3S4=C2,-5.08,augment,,,C=C(C(=O)N1C=S2C3CN=C[C@H]2C3SCC=C[NH+]C1)C1=CC=CC1
CCNC(N)C(=C)C(=O)NC=CC=CC=NNOCCCCCCC,-2.88,augment,,,C=C(C(=O)NC=CC=CC=NNOCCCCCCC)C(N)NCC
CCC=CCOC(=O)C(=C)C1OC1=O,-3.71,augment,,,C=C(C(=O)OCC=CCC)C1OC1=O
C1C[C@@H1](C)N1C(=C)C(C)CC(C)=CC(C)CC,-3.59,augment,,,C=C(C(C)CC(C)=CC(C)CC)N1CC[C@H]1C
C=C(C)C(C)C1CN1OCCC2CCCC#C2,-3.25,augment,,,C=C(C)C(C)C1CN1OCCC1C#CCCC1
C=C(C)C(C)NC=CCCCN(N1)CC=CC=C1Cl,-3.88,augment,,,C=C(C)C(C)NC=CCCCN1CC=CC=C(Cl)N1
C=C(C)C(O)C(=O)N1C(C=O)C=C1C=O,-3.56,augment,,,C=C(C)C(O)C(=O)N1C(C=O)=CC1C=O
C1CCCCONCCCCNC(=O)CCCC1(CC)C(C)=C,-4.32,augment,,,C=C(C)C1(CC)CCCCCONCCCCNC(=O)CCC1
C=C(C)C1(CS)CC1CN,-3.41,augment,,,C=C(C)C1(CS)CC1CN
C1[C@H1](O)N2[C@@H1](C)NC2(C(C)=C)NC=C1C=CN=O,-4.78,augment,,,C=C(C)C12NC=C(C=CN=O)C[C@H](O)N1[C@@H](C)N2
C1=C(C(=C)C)CC=NNNC=CC=C1C,-4.47,augment,,,C=C(C)C1=CC(C)=CC=CNNN=CC1
C[C@H1](C=CC=CC=C1C(=C)C)CC2C=CCCC2CC=CC1,-5.21,augment,,,C=C(C)C1=CC=CC=C[C@@H](C)CC2C=CCCC2CC=CC1
CCOC(C=CC#CCC[C@H1]1N)CC2CCOCC=C2C1C(C)=C,-4.79,augment,,,C=C(C)C1C2=CCOCCC2CC(OCC)C=CC#CCC[C@H]1N
CC1(C)OC(C)CC(C(C)=C)NC(C2)=C2C=CC1,-4.53,augment,,,C=C(C)C1CC(C)OC(C)(C)CC=CC2=C(C2)N1
CC(C)C(N)C1(N)C(C(=C)C)CCC=NC=C1NN=NCNOC=CN,-1.94,augment,,,C=C(C)C1CCC=NC=C(NN=NCNOC=CN)C1(N)C(N)C(C)C
C=C(C)C=C(C)OCC=CSCCl,-2.71,augment,,,C=C(C)C=C(C)OCC=CSCCl
CC(=C)C=C(CCC=O)CCC(Cl)F,-3.03,augment,,,C=C(C)C=C(CCC=O)CCC(F)Cl
CC(=C)C=CN(OC(C)=CC=NC=CC(Cl)=CC)C,-3.36,augment,,,C=C(C)C=CN(C)OC(C)=CC=NC=CC(Cl)=CC
CC(=C)C=CN=C=CBr,-3.77,augment,,,C=C(C)C=CN=C=CBr
CNC#CC1C2=CC(=C)CCN=CC(N2NN=CC(=C)C)C1=O,-4.27,augment,,,C=C(C)C=NNN1C2=CC(=C)CCN=CC1C(=O)C2C#CNC
CC(C)OC=CCCCC(=O)CC=[C@H1]CC(=C)C,-2.67,augment,,,C=C(C)CC=CCC(=O)CCCC=COC(C)C
CC(=C)CCC1=CC=CSON(CCCCC)C1NC=CC(C)C,-3.86,augment,,,C=C(C)CCC1=CC=CSON(CCCCC)C1NC=CC(C)C
CC(CCCC(C)=C)CCN(N=N)C(=O)[NH1+1]C=CC=O,-3.5,augment,,,C=C(C)CCCC(C)CCN(N=N)C(=O)[NH+]C=CC=O
C=C(C)CCF,-1.87,augment,,,C=C(C)CCF
C=C(C)CCNC(C)NC(=O)NC=NC=CCC(Cl)C=CN,-4.01,augment,,,C=C(C)CCNC(C)NC(=O)NC=NC=CCC(Cl)C=CN
C=C(C)CN=COCC=CC(C)C1=NNC=CC1C,-3.68,augment,,,C=C(C)CN=COCC=CC(C)C1=NNC=CC1C
CC(=C)CC1=CC=C(C=C12)CC2=C,-3.69,augment,,,C=C(C)Cc1ccc2cc1C(=C)C2
C=C(C)N,-1.99,augment,,,C=C(C)N
CC(=C)N1CCN/C(=O)NC(C=CC=CC=C1CC)F,-3.99,augment,,,C=C(C)N1CCNC(=O)NC(F)C=CC=CC=C1CC
C=C(C)NC=CC=O,-3.01,augment,,,C=C(C)NC=CC=O
C[C@H1](COC(C)CCC=CCC=CC1)C1NCC=COC(C)=C,-4.65,augment,,,C=C(C)OC=CCNC1CC=CCC=CCCC(C)OC[C@H]1C
CC=CC=CNC#COCCCCCC=CC=C1NC1NNCCCOC(C)=C,-3.05,augment,,,C=C(C)OCCCNNC1NC1=CC=CCCCCCOC#CNC=CC=CC
C=C(C)[C@H1](C=CCCCNC=CC1)CC=CC=C1OC(C)=CSC,-5.05,augment,,,C=C(C)[C@@H]1C=CCCCNC=CCC(OC(C)=CSC)=CC=CC1
O=C(CN1CC)C=C1SC(O)C(=C)C(OCC2)CCO2,-3.58,augment,,,C=C(C1CCOCCO1)C(O)SC1=CC(=O)CN1CC
CNC[NH2+1]CC(=C)C=C(CC)CC=NC=O,-2.09,augment,,,C=C(C=C(CC)CC=NC=O)C[NH2+]CNC
COC=CC=C(C=CC=O)ONC(=C)C=C(O)C=C=CN=CC,-3.47,augment,,,C=C(C=C(O)C=C=CN=CC)NOC(C=CC=O)=CC=COC
CCC1=CC=CC=C1C2CCCN2CCCC=CNC(=C)C=C3N=C3,-4.51,augment,,,C=C(C=C1C=N1)NC=CCCCN1CCCC1c1ccccc1CC
CCCCC(=C)C=C=C=COSC=NC([C@H1](C)CC)C,-3.06,augment,,,C=C(C=C=C=COSC=NC(C)[C@H](C)CC)CCCC
CCOC(=C)C=C=CC=O,-3.24,augment,,,C=C(C=C=CC=O)OCC
CC(=O)CC=C=CC(=C)CCC=C(C)CCC(C)C,-3.93,augment,,,C=C(C=C=CCC(C)=O)CCC=C(C)CCC(C)C
COC=CC=CC=CC(=O)CC=CCCCCN=C=CC(=C)C=NC,-3.67,augment,,,C=C(C=C=NCCCCC=CCC(=O)C=CC=CC=COC)C=NC
CCOC=C(C=CC=O)C(=C)C=C=O,-3.62,augment,,,C=C(C=C=O)C(C=CC=O)=COCC
CC[NH2+1]C=CC=CC=C(S/C(=C)C=CC#N)S,-3.33,augment,,,C=C(C=CC#N)SC(S)=CC=CC=C[NH2+]CC
O=CC(C)N=C[NH1]C=C[NH1]C(=C)/C=CC(=C)N=CCC(Cl)CC,-3.98,augment,,,C=C(C=CC(=C)NC=CNC=NC(C)C=O)N=CCC(Cl)CC
CC(C)N=CCSCOC(=O)C=CC(=C)NNNNC1CCCC=N1,-2.22,augment,,,C=C(C=CC(=O)OCSCC=NC(C)C)NNNNC1CCCC=N1
CCCNC(=C)C=CC(C)CC=CC1C=CNC2OC1CC2,-4.16,augment,,,C=C(C=CC(C)CC=CC1C=CNC2CCC1O2)NCCC
CCOC(C)C=CC(OC=CC(OC)C=CC(=C)SC)CCF,-2.88,augment,,,C=C(C=CC(C=COC(C=CC(C)OCC)CCF)OC)SC
CC(COC1=O)CSC1CCC(=C)C=CC,-3.7,augment,,,C=C(C=CC)CCC1SCC(C)COC1=O
CC=CC(=C)CCCl,-2.53,augment,,,C=C(C=CC)CCCl
CC1=C(N2CCCCNC2(C=NC(=C)C=CC)C1N)CCC=O,-3.51,augment,,,C=C(C=CC)N=CC12NCCCCN1C(CCC=O)=C(C)C2N
CC(=C)NCCC=CCCCCCCOC=NC(=C)C=CC,-1.47,augment,,,C=C(C=CC)N=COCCCCCCC=CCCNC(=C)C
C1CCC(N)C=CC(=O)C=C1C(=C)C=CC2=CC(CC=C2)C,-5.11,augment,,,C=C(C=CC1=CC(C)CC=C1)C1=CC(=O)C=CC(N)CCC1
CC=CC1=CC=CC=C1C(O)C(=C)C=CC2CC2,-3.9,augment,,,C=C(C=CC1CC1)C(O)c1ccccc1C=CC
CC[C@@H1](C)NC(=O)C(=C)C=CC=C1C=C1OC=CC,-3.98,augment,,,C=C(C=CC=C1C=C1OC=CC)C(=O)N[C@H](C)CC
CC=CC=CC(=C)C=C1C=CNCCNN1C2=NC=CC=C2N=CNSNCCCC,-5.1,augment,,,C=C(C=CC=CC)C=C1C=CNCCNN1c1ncccc1N=CNSNCCCC
CC=CC=CC(=C)N=CC=CC=O,-3.7,augment,,,C=C(C=CC=CC)N=CC=CC=O
CC(C)C(=C)C=CC=CC1=CCCN[C@H1]1OCC[NH2+1],-3.16,augment,,,C=C(C=CC=CC1=CCCN[C@H]1OCC[NH2+])C(C)C
CC=CC=CC=CC(=C)C(N)CC=CC=CC=O,-4.17,augment,,,C=C(C=CC=CC=CC)C(N)CC=CC=CC=O
C=C(NCSNC=NC=O)C=CC=CC=CSCCF,-3.33,augment,,,C=C(C=CC=CC=CSCCF)NCSNC=NC=O
NC(=O)C=CC(=C)C=C/C=CCC1N=C1SC=C=NCCCCCC(F)C,-3.7,augment,,,C=C(C=CC=CCC1N=C1SC=C=NCCCCCC(C)F)C=CC(N)=O
CC=CN=CCCCC=CC=CC(=C)NC(=S)NSCC,-3.76,augment,,,C=C(C=CC=CCCCC=NC=CC)NC(=S)NSCC
O=CCOC=C/C(OC)=C/C(=C)C=CC=CCF,-2.99,augment,,,C=C(C=CC=CCF)/C=C(/C=COCC=O)OC
CCCC(C)=CCCCC(=C)C=CC=CCN=NC=O,-3.98,augment,,,C=C(C=CC=CCN=NC=O)CCCC=C(C)CCC
CCC(=C)C=CC=CCNC=C1C(=C)C=C1,-3.94,augment,,,C=C(C=CC=CCNC=C1C=CC1=C)CC
COCC=CC=CC(=C)C(C)C1CCCNN1CCCC=O,-4.09,augment,,,C=C(C=CC=CCOC)C(C)C1CCCNN1CCCC=O
OCOC#CN/NCOC(S)NC(=C)C=CC=CF,-3.16,augment,,,C=C(C=CC=CF)NC(S)OCNNC#COCO
COC(=C)C=CC=CN1C=C(C)CC1=O,-3.38,augment,,,C=C(C=CC=CN1C=C(C)CC1=O)OC
COC=CC=CC(=C)C(=O)C=CC(O)C=CCl,-3.95,augment,,,C=C(C=CC=COC)C(=O)C=CC(O)C=CCl
C=C(C(C)NCCCNCC=NC(C)NN=CC(C)(C)CCC)C=CC=O,-1.37,augment,,,C=C(C=CC=O)C(C)NCCCNCC=NC(C)NN=CC(C)(C)CCC
C=C(C=CC=NCC[O-1])C=CC=O,-3.39,augment,,,C=C(C=CC=O)C=CC=NCC[O-]
COC(=O)CC=CC(=C)C1=CCOC1(C)SCCN=COCCO,-2.98,augment,,,C=C(C=CCC(=O)OC)C1=CCOC1(C)SCCN=COCCO
CC(C)C[C@@H1]=CC(=C)C=CC(=O)NC=NCC,-3.66,augment,,,C=C(C=CCC(C)C)C=CC(=O)NC=NCC
CC(C)C(CNC(=C)C=CCC)(C(=O)C)CCC=CC=CNSCCC,-2.8,augment,,,C=C(C=CCC)NCC(CCC=CC=CNSCCC)(C(C)=O)C(C)C
COC=CCSC=CC(=C)C(=C)C=CCC(C)(C=C1C=C(N)N)C1,-2.63,augment,,,C=C(C=CCC1(C)C=C(C=C(N)N)C1)C(=C)C=CSCC=COC
CCCC=CC(=C)CC=CN[C@H1](C)NC=O,-2.9,augment,,,C=C(C=CCCC)CC=CN[C@H](C)NC=O
C=C(C=CCCCC=CC=CCCC)CNN=CC=CC=CC(C1)C1F,-3.44,augment,,,C=C(C=CCCCC=CC=CCCC)CNN=CC=CC=CC1CC1F
CCC(C=O)C(=C)C=CCCCCOC(C)C=CC=CC=CC,-3.25,augment,,,C=C(C=CCCCCOC(C)C=CC=CC=CC)C(C=O)CC
COC(=C)N=CCC(C)=[C@@H1]NSCCC(=C)C=CCCOCC,-2.37,augment,,,C=C(C=CCCOCC)CCSNC=C(C)CC=NC(=C)OC
O=C(CCC=CC(=C)C=CCF)C=O,-3.4,augment,,,C=C(C=CCF)C=CCCC(=O)C=O
CCOC=CCCNS(=O)NCCNCC=CC(=C)C(=C)C=CCS,-1.16,augment,,,C=C(C=CCS)C(=C)C=CCNCCNS(=O)NCCC=COCC
CNCCC(O)CC(=C)/C=CCl,-2.78,augment,,,C=C(C=CCl)CC(O)CCNC
NCC=NNN/C#CCCNC=NC=CC(=C)C=CF,-3.33,augment,,,C=C(C=CF)C=CN=CNCCC#CNNN=CCN
CC=NN(C)C=CC(=C)PCCC=CC=CC1COC1C=NCO,-3.6,augment,,,C=C(C=CN(C)N=CC)PCCC=CC=CC1COC1C=NCO
OC(C)C=CN=CCC=NN(C(=O)C(N)NNC)C=CC(=C)[NH1]N=O,-2.38,augment,,,C=C(C=CN(N=CCC=NC=CC(C)O)C(=O)C(N)NNC)NN=O
CC1OC=CN1CNC(C)C(=C)C=CN2CCC=C2S#N,-4.06,augment,,,C=C(C=CN1CCC=C1S#N)C(C)NCN1C=COC1C
CCCCCCN(NCCC[C@@H1](Cl)C=NC=CC(=C)CC)CC=CC1=CSO1,-2.61,augment,,,C=C(C=CN=C[C@H](Cl)CCCNN(CC=Cc1cso1)CCCCCC)CC
C=C(CNC=CC=CCC)OC(C=CN=O)=C,-3.72,augment,,,C=C(C=CN=O)OC(=C)CNC=CC=CCC
COC[NH2+1]C(C=CNCC(C)C1=C2C=COC2CC1)=C,-2.84,augment,,,C=C(C=CNCC(C)C1=C2C=COC2CC1)[NH2+]COC
COC=CC=CCNC=CC(=C)C=CN1NN=NC=CC1CNN=CC=CNN=O,-3.37,augment,,,C=C(C=CNCC=CC=COC)C=CN1NN=NC=CC1CNN=CC=CNN=O
CCOC(C=CNCC=[C@@H1]NCC=CC=C[O-1])=C,-3.11,augment,,,C=C(C=CNCC=CNCC=CC=C[O-])OCC
C[NH1+1](C)OC=CNC(=O)CCCNC=CC(=C)NC(=O)CN=O,-3.04,augment,,,C=C(C=CNCCCC(=O)NC=CO[NH+](C)C)NC(=O)CN=O
C1CCCC=C2N1C(=O)N2NC=CC(=C)CCF,-3.66,augment,,,C=C(C=CNN1C(=O)N2CCCCC=C21)CCF
CCOC=CC(=C)C1=CC=C[C@H1](C)C1NCCNCC[C@H1]2NCCC2CCC,-3.54,augment,,,C=C(C=COCC)C1=CC=C[C@H](C)C1NCCNCC[C@H]1NCCC1CCC
CN(CC(=C)C=C[C@H1](CCl)C)ONC1CCCO1,-3.28,augment,,,C=C(C=C[C@@H](C)CCl)CN(C)ONC1CCCO1
C=C(CCC(C)NCCCCCCO)C=N,-1.31,augment,,,C=C(C=N)CCC(C)NCCCCCCO
C1CC=C1CCC(=C)C=NC=C=CN(C=NC=O)CCC=CC=O,-4.2,augment,,,C=C(C=NC=C=CN(C=NC=O)CCC=CC=O)CCC1=CCC1
COCCCNC/CNC=C/C=C/C(=C)C=O,-2.94,augment,,,C=C(C=O)/C=C/C=CNCCNCCCOC
CC([O-1])C(=C)C=O,-3.02,augment,,,C=C(C=O)C(C)[O-]
CSC=CC(=O)C=CC=CC=CC(CNN=O)C(=C)C=O,-4.42,augment,,,C=C(C=O)C(C=CC=CC=CC(=O)C=CSC)CNN=O
CCOC(CC)C(N)C(=C)C=O,-2.55,augment,,,C=C(C=O)C(N)C(CC)OCC
CC1CC=C(C2=C1C(=C)C=O)CC=C2[N+1]=CC=CC=CCCCC,-4.56,augment,,,C=C(C=O)C1=C2C(=CCC1C)CC=C2[N+]=CC=CC=CCCCC
C1[C@@H1](C)C1C(=C)C=O,-3.51,augment,,,C=C(C=O)C1C[C@H]1C
O=CC(=C)C=C(F)CCOC=CC(C)C1=CC(C)C1C=CC=CC,-4.3,augment,,,C=C(C=O)C=C(F)CCOC=CC(C)C1=CC(C)C1C=CC=CC
CC(C)NC=CCOCC(C1)C(C)CC1=CC(=C)C=O,-4.21,augment,,,C=C(C=O)C=C1CC(C)C(COCC=CNC(C)C)C1
CCC=CC=CC(=C)C=O,-3.53,augment,,,C=C(C=O)C=CC=CCC
CC([NH2+1])CC(=C)C=O,-2.52,augment,,,C=C(C=O)CC(C)[NH2+]
C=C(C=O)CN(C)NCC(=O)N=NNNNNCC(C)COC,-1.24,augment,,,C=C(C=O)CN(C)NCC(=O)N=NNNNNCC(C)COC
C=C(N(C)CCCC)C=O,-2.95,augment,,,C=C(C=O)N(C)CCCC
C1=[C@@H1]NCCC=CN1C(C=O)=C,-4.01,augment,,,C=C(C=O)N1C=CCCNC=C1
COC(=C)C=O,-2.44,augment,,,C=C(C=O)OC
O=C(NC=CC=COC(=C)C=O)NCC1=CC1=O,-4.17,augment,,,C=C(C=O)OC=CC=CNC(=O)NCc1cc1=O
COCCNC(=C)CBr,-2.42,augment,,,C=C(CBr)NCCOC
C=C(NCC=CCC1CCCN1CCNCNC)CC(C)CC2C=C2,-2.71,augment,,,C=C(CC(C)CC1C=C1)NCC=CCC1CCCN1CCNCNC
CCC[C@@H1](C1)C(C(=C)CC)(C)NCCCCCCCN1N,-3.7,augment,,,C=C(CC)C1(C)NCCCCCCCN(N)C[C@@H]1CCC
C=C(CC)CC=CCCSN(CC)OC=CNCC,-2.9,augment,,,C=C(CC)CC=CCCSN(CC)OC=CNCC
CCCNC=CCCOC1CC[NH1+1](C)CC=CC(C[NH1+1]CCCC(=C)CC)C=C1,-4.13,augment,,,C=C(CC)CCC[NH+]CC1C=CC[NH+](C)CCC(OCCC=CNCCC)C=C1
CCC(=C)N(C=O)CC(C1)C1,-2.88,augment,,,C=C(CC)N(C=O)CC1CC1
C1C=CC=C1NCNC(C)C(=C)CC=CC=O,-4.5,augment,,,C=C(CC=CC=O)C(C)NCNC1=CC=CC1
C[NH1+1]CCN[C@@H1](C)NNCCC(=C)CC=CF,-2.1,augment,,,C=C(CC=CF)CCNN[C@H](C)NCC[NH+]C
C=C(CCC(=O)CC1=CC1C)CC=NC(C=CCC2)CC2,-3.92,augment,,,C=C(CC=NC1C=CCCCC1)CCC(=O)CC1=CC1C
CCC=CCS(=C)NCSC(=C)CC=NC=CC=O,-2.6,augment,,,C=C(CC=NC=CC=O)SCNS(=C)CC=CCC
CC=CC=CCCOCC(=C)CC=NNC(CCC=O)C,-2.64,augment,,,C=C(CC=NNC(C)CCC=O)COCCC=CC=CC
COC=CC=CC(S)CNC=CC=C(N)CC(=C)CCC(N)C=CN=NON1OC1,-1.12,augment,,,C=C(CCC(N)C=CN=NON1CO1)CC(N)=CC=CNCC(S)C=CC=COC
CCCC(CCNC=O)=C,-2.89,augment,,,C=C(CCC)CCNC=O
C1NC#CCCCC(C2)C2(CCC(=C)NCC)N1,-3.85,augment,,,C=C(CCC12CC1CCCC#CNCN2)NCC
CC=CCCNC=CC=CNCOCCNC(=C)CCC=C1C=NN=NC1,-2.32,augment,,,C=C(CCC=C1C=NN=NC1)NCCOCNC=CC=CNCCC=CC
CC(=O)C1CCNC1CNCCCCCCCCC=CCCC(=C)NCF,-1.66,augment,,,C=C(CCC=CCCCCCCCCNCC1NCCC1C(C)=O)NCF
CCC=NN(C=NCC)CNCC1CC1NCCC(CCC=CCCCCO)=C,-0.6,augment,,,C=C(CCC=CCCCCO)CCNC1CC1CNCN(C=NCC)N=CCC
C=C([C@@H1](C)C(C)(C)CF)CCCC(ON)CCCC,-3.0,augment,,,C=C(CCCC(CCCC)ON)[C@@H](C)C(C)(C)CF
CCCCCC(=CN)C=NCCC(CCCCC)=C,-2.71,augment,,,C=C(CCCCC)CCN=CC(=CN)CCCCC
O=CC=CCNCCCC(=C)NC1CCCOO1,-2.51,augment,,,C=C(CCCNCC=CC=O)NC1CCCOO1
CC=CC(Cl)=CC=CC=CNCCC(=C)N=C1NN1NCNC,-4.54,augment,,,C=C(CCNC=CC=CC=C(Cl)C=CC)N=C1NN1NCNC
CCNCCC(CCNC(Cl)NC(=O)C1CCON1NC=CCC)=C,-1.44,augment,,,C=C(CCNCC)CCNC(Cl)NC(=O)C1CCON1NC=CCC
CCCNCCNC(=C)CC[NH1+1]SCCC1C=N1,-0.48,augment,,,C=C(CC[NH+]SCCC1C=N1)NCCNCCC
CCOC=CC=CC=CN=C(C)CC(=C)CC[O-1],-3.03,augment,,,C=C(CC[O-])CC(C)=NC=CC=CC=COCC
CCC=C1NC#COC[C@H1]1CCC[C@H1](C(=C)CCl)CN,-3.52,augment,,,C=C(CCl)[C@H](CN)CCC[C@@H]1COC#CNC1=CCC
O=CC1C(C)=CC=C1/C(=C)CF,-3.32,augment,,,C=C(CF)C1=CC=C(C)C1C=O
O=C(CCC(=C)CF)NC=C1C(N)C=C1Cl,-3.54,augment,,,C=C(CF)CCC(=O)NC=C1C(Cl)=CC1N
C1C=NC=C1S(=O)NCC=CC2=CC=CC=C2C(=C)CF,-4.91,augment,,,C=C(CF)c1ccccc1C=CCNS(=O)C1=CN=CC1
CCCNC(C=NCC(=C)N=CC)C=NNC=CCCCCCC#N,-2.72,augment,,,C=C(CN=CC(C=NNC=CCCCCCC#N)NCCC)N=CC
COCCNCC(=C)NCCCC(C[NH1+1]1CCCC1)C,-1.07,augment,,,C=C(CNCCOC)NCCCC(C)C[NH+]1CCCC1
CCCCC(O)C=NC1=C=C1C(=C)COCC=NC=O,-3.53,augment,,,C=C(COCC=NC=O)C1=C=C1N=CC(O)CCCC
C=C(COCCC=CCCC=NC=CC=CC=CC=CN)COCCN=N,-2.92,augment,,,C=C(COCCC=CCCC=NC=CC=CC=CC=CN)COCCN=N
CCOC=CC=CNC(=C)COCONN(C1)CC1C,-1.79,augment,,,C=C(COCONN1CC(C)C1)NC=CC=COCC
CCC=C(CSCC(=O)C(C)CF)C(F)=C,-2.35,augment,,,C=C(F)C(=CCC)CSCC(=O)C(C)CF
C[C@H1](C(C)OC(F)=C)CCCCNCC,-1.77,augment,,,C=C(F)OC(C)[C@@H](C)CCCCNCC
C=C(N)CC(=O)C=CC(=O)NCCCC=O,-3.29,augment,,,C=C(N)CC(=O)C=CC(=O)NCCCC=O
C=C(N)CCCC(CCCC)CCC(CO)CCCSC,-2.64,augment,,,C=C(N)CCCC(CCCC)CCC(CO)CCCSC
OC1(C)C=CNCN(C(N)=C)C=CC=C1F,-4.01,augment,,,C=C(N)N1C=CC=C(F)C(C)(O)C=CNC1
N#CNC(=C)C(=O)N1CC=CC=C1,-3.67,augment,,,C=C(NC#N)C(=O)N1C=CC=CC1
CCC=CC=CNC(C)(CC=O)NC(=C)C(C)F,-3.03,augment,,,C=C(NC(C)(CC=O)NC=CC=CCC)C(C)F
CN/C(=C)C(C)N(F)C=O,-3.01,augment,,,C=C(NC)C(C)N(F)C=O
C1C=CC=C(NC(=C)[C@@H1](N)CC(=O)CCCC)C(C)=N1,-3.08,augment,,,C=C(NC1=CC=CCN=C1C)[C@@H](N)CC(=O)CCCC
CC(COC(=O)C)=CNC(=C)[C@@H1](C1)CC1,-2.66,augment,,,C=C(NC=C(C)COC(C)=O)C1CCC1
O=C(C)C=CNC(=C)NC(=O)NC=O,-3.49,augment,,,C=C(NC=CC(C)=O)NC(=O)NC=O
CC(C)N=CCNC(=C)C(=O)C=O,-2.7,augment,,,C=C(NCC=NC(C)C)C(=O)C=O
O=CCCCNC(=C)C(C=CC=N)CCl,-2.53,augment,,,C=C(NCCCC=O)C(C=CC=N)CCl
C1NNCN1CNCCNC(=C)N(O)C=CCC,-2.25,augment,,,C=C(NCCNCN1CNNC1)N(O)C=CCC
C1CN1C(=C)NCNC(C)CCCC(=O)NC=O,-2.88,augment,,,C=C(NCNC(C)CCCC(=O)NC=O)N1CC1
CC(C)C(=C)NOC=CC=CC(C)N(C)C=O,-3.24,augment,,,C=C(NOC=CC=CC(C)N(C)C=O)C(C)C
O=S(N)NC(=C)C(C)CC1=CC1C=O,-2.93,augment,,,C=C(NS(N)=O)C(C)CC1=CC1C=O
C=C(O)C(C)C=O,-3.03,augment,,,C=C(O)C(C)C=O
CCN[NH1]C(C)=CC1(C)/NN=CCCC=C1NC=CCCC(O)=C,-3.07,augment,,,C=C(O)CCC=CNC1=CCCC=NNC1(C)C=C(C)NNCC
COC(=C)C(C)CC(CCCCCC=CC=O)C=O,-3.26,augment,,,C=C(OC)C(C)CC(C=O)CCCCCC=CC=O
C=C(OC=CSCCNCC(C)(N)C)OC=CC#CBr,-1.37,augment,,,C=C(OC=CC#CBr)OC=CSCCNCC(C)(C)N
CCOC(=C)C(=N)NN=NCC=CC1=CC1=NN=NNNCC2CC(C)C=C2C,-4.9,augment,,,C=C(OCC)C(=N)NN=NCC=Cc1cc1=NN=NNNCC1CC(C)C=C1C
CNC=CCC(=N)C=CCOC(=C)N(C1)C=CC=C1F,-3.5,augment,,,C=C(OCC=CC(=N)CC=CNC)N1C=CC=C(F)C1
O=C(N)C=CCOC(=C)C(=O)NCCCC,-3.08,augment,,,C=C(OCC=CC(N)=O)C(=O)NCCCC
C=C(OCCCC=CNC=CC=NC1=C=C=CCCC=CC=CC1)C2CC2,-4.55,augment,,,C=C(OCCCC=CNC=CC=NC1=C=C=CCCC=CC=CC1)C1CC1
CC=[NH1+1]C(SCCNCCCNC(C)C=CC1=C)C#C1,-4.66,augment,,,C=C1C#CC([NH+]=CC)SCCNCCCNC(C)C=C1
C=C(SC=NC=CCC1(CC=CC)F)C#CCCC=C1CN,-4.42,augment,,,C=C1C#CCCC=C(CN)C(F)(CC=CC)CC=CN=CS1
C1#CC(=C)N1C(C)CC(C)CCC=C(C)CCC2CC=CC=C2,-4.27,augment,,,C=C1C#CN1C(C)CC(C)CCC=C(C)CCC1C=CC=CC1
C1CC2=CC=C3C2CC(O)C=CC(=C)C#CN=CC(C)C31C4CC4(C)F,-5.12,augment,,,C=C1C#CN=CC(C)C2(C3CC3(C)F)CCC3=CC=C2C3CC(O)C=C1
CC1(C)C(=C)C(=C)C(=O)NC(C)=C1CCCN=CC(O2)C=C2,-4.66,augment,,,C=C1C(=C)C(C)(C)C(CCCN=CC2C=CO2)=C(C)NC1=O
CC=C1C(=O)CC(C)(C2)N2C1=C,-4.01,augment,,,C=C1C(=CC)C(=O)CC2(C)CN12
CCCN(C=CN=C(CCC1=O)NCCCC)CC=C(N)C1=C,-3.85,augment,,,C=C1C(=O)CCC(NCCCC)=NC=CN(CCC)CC=C1N
O=C(CCCNCC=C1N(C)C=N)C1=C,-3.85,augment,,,C=C1C(=O)CCCNCC=C1N(C)C=N
CCCC=C(C=C1C(=C)C(=O)CC2)C(C)=CC1N2CC,-4.38,augment,,,C=C1C(=O)CCN(CC)C2C=C(C)C(=CCCC)C=C12
C=C(C(=O)SC=CC1N(C)C=NC=CC2CC2)N3C1=C3C#N,-4.22,augment,,,C=C1C(=O)SC=CC(N(C)C=NC=CC2CC2)C2=C(C#N)N12
C1C=CCCC(C(=C)C2=O)C=C1CNC=CCNCCC=CN=CSS2,-5.59,augment,,,C=C1C(=O)SSC=NC=CCCNCC=CNCC2=CC1CCC=CC2
CC(=O)N=CCC(N1C(C)=CC(C)C1=C)CCCCC=S,-3.54,augment,,,C=C1C(C)C=C(C)N1C(CC=NC(C)=O)CCCCC=S
CC=CC=CC(=O)CC[C@@]1(NCCNCC2CC=NC23C1=C)C(C)CCC3,-5.18,augment,,,C=C1C23CCCC(C)[C@@]1(CCC(=O)C=CC=CC)NCCNCC2CC=N3
C=C1C(N2)C3=C1CCN32,-3.75,augment,,,C=C1C2=C3C1NN3CC2
C1C(C)=[C@H1]CCCC(=O)C2C=C1C2=C,-4.48,augment,,,C=C1C2=CC1C(=O)CCCC=C(C)C2
C1COC2=CC=CC(N1C=CC=C(C2C)C3=C)C=CCC3CCO,-5.43,augment,,,C=C1C2=CC=CN3CCOC(=CC=CC3C=CCC1CCO)C2C
CC=NN(C=1C)CNC=1C2=CC=CC=C2[C@@H1](O3)C4=CSNC=C3C4=C,-4.94,augment,,,C=C1C2=CNSC=C1[C@@H](c1ccccc1C1=C(C)N(N=CC)CN1)O2
C1OC=C2CCC=C1C2=C,-3.2,augment,,,C=C1C2=COCC1=CCC2
C=12CN=C2C(=C)/C(F)CCC=1,-3.54,augment,,,C=C1C2=NCC2=CCCC1F
C1C2OC3C(=C)N2C([NH1+1]C)C=CCC(C)(OC)COCCC31O,-3.75,augment,,,C=C1C2OC3CC2(O)CCOCC(C)(OC)CC=CC([NH+]C)N13
CCNC(=O)C1=CC(=C)NCC2NC=CC3=CNCC2C=CC4C3=C4ON1C,-4.64,augment,,,C=C1C=C(C(=O)NCC)N(C)OC2=C3C4=CNCC(C=CC23)C(CN1)NC=C4
C1CC(=C)C=C1C(O)CCOC=CC2CN=CCC2C=O,-3.85,augment,,,C=C1C=C(C(O)CCOC=CC2CN=CCC2C=O)CC1
CC1=CC(=C)C=C1C(=C)/C(O)OC(C=2)CC=2C,-3.51,augment,,,C=C1C=C(C)C(C(=C)C(O)OC2C=C(C)C2)=C1
CN(CC=C(C)SC=CCC1C)NC(=C)C(=C)C=C(C)C=CC=C1,-5.37,augment,,,C=C1C=C(C)C=CC=CC(C)CC=CSC(C)=CCN(C)NC1=C
CC(O)C1=CCCN(O)CC(C)CCOC(C)=CC1=C,-4.08,augment,,,C=C1C=C(C)OCCC(C)CN(O)CCC=C1C(C)O
CCN1C(C)C=CC=CC=CS(=N)C=C1C2=CC(=C)CC2C,-5.02,augment,,,C=C1C=C(C2=CS(=N)C=CC=CC=CC(C)N2CC)C(C)C1
CCOC(C=CC=CCCNC=CC1N)C(=C)C=C1C=CC=O,-3.9,augment,,,C=C1C=C(C=CC=O)C(N)C=CNCCC=CC=CC1OCC
COC=CC=CCNC(=O)C=CC1=CC(=C)C=C1C=O,-4.19,augment,,,C=C1C=C(C=O)C(C=CC(=O)NCC=CC=COC)=C1
CCOC=CC=CCCC=C(CC)CC1NC(=C)C=C1C=O,-3.83,augment,,,C=C1C=C(C=O)C(CC(=CCCC=CC=COCC)CC)N1
C1[NH1+1](C)C(=C)C=C1/CC=NC=C(C)CCF,-3.14,augment,,,C=C1C=C(CC=NC=C(C)CCF)C[NH+]1C
CCOCCOC(=O)C[C@@H1]1NC(=C)C=C(F)C=C1,-2.26,augment,,,C=C1C=C(F)C=C[C@H](CC(=O)OCCOCC)N1
C1OC=CNC(=O)CCC(=C)C=C(N)C(O2)C=C2SS1,-4.1,augment,,,C=C1C=C(N)C2C=C(O2)SSCOC=CNC(=O)CC1
C1CCC=C1NC2=CC(=C)NC2=S,-4.54,augment,,,C=C1C=C(NC2=CCCC2)C(=S)N1
C1C(=C)C(=C)C=C1[N+1](=O)CNN2CNCC2C3=CC3,-3.95,augment,,,C=C1C=C([N+](=O)CNN2CNCC2C2=CC2)CC1=C
C=C(CC1CC[NH1+1]C=CCCCC(=O)N)C=C1C2=CC#CC=C2,-3.67,augment,,,C=C1C=C(c2cc#ccc2)C(CC[NH+]C=CCCCC(N)=O)C1
COCCCC(CN)C(SN)CCOC(C)C=CC1=CC1=C,-1.49,augment,,,C=C1C=C1C=CC(C)OCCC(SN)C(CN)CCCOC
COC=CCCC([NH2+1]CCCC=CCC1=CC1=C)C#CC=N,-3.39,augment,,,C=C1C=C1CC=CCCC[NH2+]C(C#CC=N)CCC=COC
C1C(C)C(=C)C=C2/C(C)N(C)N(CCC2C=CS1)C,-4.88,augment,,,C=C1C=C2C(C=CSCC1C)CCN(C)N(C)C2C
CN(CC1OC)OC2[NH2+1]C3=C(C)CC(=C)C=C1C=CC3=N2,-4.41,augment,,,C=C1C=C2C=CC3=NC([NH2+]C3=C(C)C1)ON(C)CC2OC
C1OC=CCC2/C=C1C3=CC(=C)CCCC=NC=C2C(=O)N3,-4.9,augment,,,C=C1C=C2NC(=O)C(=CN=CCCC1)C1C=C2COC=CC1
[NH3+1][C@@H1]=C/C1NNC(=C/C2=C)SOOC21C=CC=C3C=C3,-4.62,augment,,,C=C1C=C2NNC(C=C[NH3+])C1(C=CC=C1C=C1)OOS2
C1C=CC=C(C=C=CC(=C)CC=C(ON2)C=NN=C2C3CCC)C1OC3,-5.43,augment,,,C=C1C=C=CC2=CC=CCC2OCC(CCC)C2=NN=CC(=CC1)ON2
CC(C)C=[C@H1]NC(O)CCOC=C(C1=CC=C=CC1=C)O[O-1],-3.82,augment,,,C=C1C=C=CC=C1C(=COCCC(O)NC=CC(C)C)O[O-]
C1C(=C)C=C=CCCCNC(CCC2=O)C2C1,-4.47,augment,,,C=C1C=C=CCCCNC2CCC(=O)C2CC1
C1=C=CONCNC=CNC=CC1=C,-3.92,augment,,,C=C1C=C=CONCNC=CNC=C1
C1C(=C)C=CC1=CN=O,-4.52,augment,,,C=C1C=CC(=CN=O)C1
O=C(C)NC=CC1=C=C1NCNC2=CC(=C)C=CC2=O,-5.29,augment,,,C=C1C=CC(=O)C(NCNC2=C=C2C=CNC(C)=O)=C1
CC(C=CCCCN/C=NC=CCC(C)C(C)C=C1)SC1=C,-4.7,augment,,,C=C1C=CC(C)C(C)CC=CN=CNCCCC=CC(C)S1
CC1OCCCOC=C1NN2C(=O)NCC(=C)C=CC2C,-4.34,augment,,,C=C1C=CC(C)N(NC2=COCCCOC2C)C(=O)NC1
O=CC=CC=CC1NC2COCC(=C)C1C(C=O)C=CC2=C,-4.4,augment,,,C=C1C=CC(C=O)C2C(=C)COCC1NC2C=CC=CC=O
O=C(N)CCC1C=CC(=C)C=C1CNS(=O)NCN=C(C)C,-3.27,augment,,,C=C1C=CC(CCC(N)=O)C(CNS(=O)NCN=C(C)C)=C1
C1C(CCCN)C=C/C(=C)/C(=O)CC=CC2=CC=CC=C2C=N1,-5.27,augment,,,C=C1C=CC(CCCN)CN=Cc2ccccc2C=CCC1=O
CCC=CC=1C(=C)C=CC=1CN,-3.74,augment,,,C=C1C=CC(CN)=C1C=CCC
CCNC(C)CCC(C)CSC1(O)C=CC(=C)C=NC1N[NH1]C,-2.13,augment,,,C=C1C=CC(O)(SCC(C)CCC(C)NCC)C(NNC)N=C1
C1C=CC1=C,-2.42,augment,,,C=C1C=CC1
COC(=O)C(=O)NC=C=CC(C=CC1=C)(C2)C2=C1C,-4.79,augment,,,C=C1C=CC2(C=C=CNC(=O)C(=O)OC)CC2=C1C
CC=CSC=C1/N=CNC(=C)C=CC=C(ON)CC2CC=CC=C21,-5.17,augment,,,C=C1C=CC=C(ON)CC2CC=CC=C2C(=CSC=CC)N=CN1
C=C1C=CC=C1CN2C3CCN=C2C(=O)N(C=CCC4)C=C34,-4.38,augment,,,C=C1C=CC=C1CN1C2=NCCC1C1=CN(C=CCC1)C2=O
C=C1C=CC=C(C=CC1C2)CC=CC=C2,-5.0,augment,,,C=C1C=CC=C2C=CC1CC=CC=CC2
CC1C=CC=CC1=C,-3.24,augment,,,C=C1C=CC=CC1C
C1=C(C)CCNCC=C(NCC2C=CC=CC2=C)C1,-5.14,augment,,,C=C1C=CC=CC1CNC1=CCNCCC(C)=CC1
CCCSCCCNC=NN1C(=O)CC=CC(=C)C=CC=CC=C1[NH1]C,-4.41,augment,,,C=C1C=CC=CC=C(NC)N(N=CNCCCSCCC)C(=O)CC=C1
C1C(=C)C=CC=CC=CC=C1N,-3.94,augment,,,C=C1C=CC=CC=CC=C(N)C1
C[C@@H1](C)NCC=CC(C(C)C=CC=CC=CC=CC1=C)C=CC=C1,-5.61,augment,,,C=C1C=CC=CC=CC=CC(C)C(C=CCNC(C)C)C=CC=C1
CC(O)C=CN1C2=CC=C1PC(=C)C=CC=CN=C3N[C@@H1]3C=C2,-4.88,augment,,,C=C1C=CC=CN=C2N[C@@H]2C=Cc2ccc(n2C=CC(C)O)P1
C1OC=CCNC(=C)C=CC=CNCCC2C(C)CCC21S,-4.63,augment,,,C=C1C=CC=CNCCC2C(C)CCC2(S)COC=CCN1
C1C=CC2(O)CC1(CC3C(=C)C=CC=CNCCC=C3N(C)C)SC2C,-5.52,augment,,,C=C1C=CC=CNCCC=C(N(C)C)C1CC12CC=CC(O)(C1)C(C)S2
C=C1CC1CN2CCNC(=C)C=CC=COO2,-4.23,augment,,,C=C1C=CC=COON(CC2CC2=C)CCN1
C=C1OC=NCC(C)(CCCC)CC=C1,-3.52,augment,,,C=C1C=CCC(C)(CCCC)CN=CO1
C12C(=C)C=CCC1C(=O)C=CC(O)C#CN3C=CC=CN3C=C2,-5.28,augment,,,C=C1C=CCC2C(=O)C=CC(O)C#CN3C=CC=CN3C=CC12
CC=CC=CC(CO)C1=CC(=C)C=CCCN1C(=O)[O-1],-4.04,augment,,,C=C1C=CCCN(C(=O)[O-])C(C(C=CC=CC)CO)=C1
C=C1OCCC=C1,-2.92,augment,,,C=C1C=CCCO1
C=C1NCC=CC1=C,-3.37,augment,,,C=C1C=CCNC1=C
CCCCC(CCC)C[C@@H1]1CCNNCC=CC(=C)C1N=C=O,-3.91,augment,,,C=C1C=CCNNCC[C@@H](CC(CCC)CCCC)C1N=C=O
CC=CC=C(OC=CC(=C)SC(C1)CC2C)N1CC=C2,-4.98,augment,,,C=C1C=COC(=CC=CC)N2CC=CC(C)CC(C2)S1
C1OC=CC(=C)C=CC1SCCOC(=C)C=C(F)CF,-3.26,augment,,,C=C1C=COCC(SCCOC(=C)C=C(F)CF)C=C1
C1CSC=CC1=C,-2.86,augment,,,C=C1C=CSCC1
O=C(OCC=CNN(O)NC[N+1](=O)C=CC(=C)CC1C)C1=S,-4.88,augment,,,C=C1C=C[N+](=O)CNN(O)NC=CCOC(=O)C(=S)C(C)C1
O=C(CC=CC=CCC)C=CC(C)O[C@H1](C)CS(C1)=CC1=C,-3.53,augment,,,C=C1C=S(C[C@@H](C)OC(C)C=CC(=O)CC=CC=CCC)C1
CC1(N)C(O)C=NC=C1N(C(C)C(=C)CC#C2)C2,-4.12,augment,,,C=C1CC#CCN(C2=CN=CC(O)C2(C)N)C1C
CC[NH2+1]C=C=NC(C)CCC=C(C=CC=C(C1)C)C1=C,-4.75,augment,,,C=C1CC(C)=CC=CC1=CCCC(C)N=C=C[NH2+]CC
O=C([O-1])C1=NC=C(C)CC1=C,-4.07,augment,,,C=C1CC(C)=CN=C1C(=O)[O-]
CC(C1)C(=O)NC1=C,-3.64,augment,,,C=C1CC(C)C(=O)N1
OC(=O)/N=CC1=CC=CSCCN1CC=CC=C2C(=C)CC2CCC,-5.21,augment,,,C=C1CC(CCC)C1=CC=CCN1CCSC=CC=C1C=NC(=O)O
CC=CCCSCCCCC(C1=C)CC(=C)N1C=CN=CC=CF,-3.29,augment,,,C=C1CC(CCCCSCCC=CC)C(=C)N1C=CN=CC=CF
O=CC1C2(C=CO1)CNCC=CCC(F)CC2=C,-3.74,augment,,,C=C1CC(F)CC=CCNCC12C=COC2C=O
O=C(CCCOCCC(CC)C(N)C=CCC=CC=C1CC1=C)S,-2.93,augment,,,C=C1CC1=CC=CCC=CC(N)C(CC)CCOCCCC(=O)S
CCCNC(S)C1CC1=C,-3.37,augment,,,C=C1CC1C(S)NCCC
C1C=CC=C1C(=O)C=CC=CNC=CC(CCCC)=CC2CC2=C,-4.35,augment,,,C=C1CC1C=C(C=CNC=CC=CC(=O)C1=CC=CC1)CCCC
ClC=CC=CN=CCNN(N)C(C1)C1=C,-3.67,augment,,,C=C1CC1N(N)NCC=NC=CC=CCl
C=C(NNCNNCNC(C=NC=CCC(O)C1=O)C=CC=C12)C2,-4.64,augment,,,C=C1CC2=CC=CC(C=NC=CCC(O)C2=O)NCNNCNN1
C=C1CC2C(C)NN2NC=CCCC=C1Cl,-4.46,augment,,,C=C1CC2C(C)NN2NC=CCCC=C1Cl
CCC=CC#CCCC(CCC=O)CC(C)=CC=CC(C1CC2=C)C=C21,-4.18,augment,,,C=C1CC2C1=CC2C=CC=C(C)CC(CCC#CC=CCC)CCC=O
CCCNSC1CC=CC2=C1C3CCC2CC3=C,-4.49,augment,,,C=C1CC2CCC1C1=C2C=CCC1SNCCC
CC1=NNC(C2)CC(=C)C(=N)N=C1S2=C=O,-4.35,augment,,,C=C1CC2CS(=C=O)C(=NC1=N)C(C)=NN2
CNC(=O)C1=CC(C=C/C=O)CCCCSC(=C)CC=C1O,-4.44,augment,,,C=C1CC=C(O)C(C(=O)NC)=CC(C=CC=O)CCCCS1
C1C=CC(=O)CC(COC=O)C1=C,-3.76,augment,,,C=C1CC=CC(=O)CC1COC=O
C1CC=CC=C1C=C2C(=C)CC=C2,-4.49,augment,,,C=C1CC=CC1=CC1=CC=CCC1
C=C1CC=CC=C=C=C(F)CCC=CC=C1CCF,-4.42,augment,,,C=C1CC=CC=C=C=C(F)CCC=CC=C1CCF
C=C(CC=CCC=CCC=C1C)CCC=N1,-4.66,augment,,,C=C1CC=CCC=CCC=C(C)N=CCC1
C1C=NC=C(C)CN(N)[C@@H1](C)CC1=C,-3.95,augment,,,C=C1CC=NC=C(C)CN(N)[C@@H](C)C1
CC=CC=C(SCCCNCCCC(CCC1=C)=N)CC2C1C2,-5.2,augment,,,C=C1CCC(=N)CCCNCCCSC(=CC=CC)CC2CC12
C1COC=C2CC=C1OC2CCCC=CCN(C)CCSC3=C=NCC(=O)CCC3=C,-4.1,augment,,,C=C1CCC(=O)CN=C=C1SCCN(C)CC=CCCCC1OC2=CCC1=COCC2
CC[NH2+1]CC1C(=O)CCC(C)C(Cl)CCC1=C,-3.9,augment,,,C=C1CCC(Cl)C(C)CCC(=O)C1C[NH2+]CC
C1CC=CCOOC=C2C=C2CCC1=C,-4.34,augment,,,C=C1CCC=CCOOC=C2C=C2CC1
CC(CC1NC2)CC=C1C=C2CCCCCCN3C(=C)CCC=CN=C3,-4.56,augment,,,C=C1CCC=CN=CN1CCCCCCC1=CC2=CCC(C)CC2NC1
CCC=NC=C=NCC1CCCC1=C,-3.61,augment,,,C=C1CCCC1CN=C=CN=CCC
C=C1CCCC2=C1CC(=O)NC=CC=C=C2NCCCCC3CC3=CC,-5.54,augment,,,C=C1CCCC2=C1CC(=O)NC=CC=C=C2NCCCCC1CC1=CC
CC1C2C3=NC(C)C4=C2NCC4CC=C1CCCC3=C,-4.95,augment,,,C=C1CCCC2=CCC3CNC4=C3C(C)N=C1C4C2C
CC(C)NC=C=CNCSC1(CC)CC(C)=CC=CCCCC1=C,-4.5,augment,,,C=C1CCCC=CC=C(C)CC1(CC)SCNC=C=CNC(C)C
CCNC(=CC)CC(=O)N(C1)CC(C)C=C(F)CCCCC1=C,-4.55,augment,,,C=C1CCCCC(F)=CC(C)CN(C(=O)CC(=CC)NCC)C1
COCCCC[C@H1](C1[NH2+1])CCC2[NH1+1]1CC(=C)CCCC2,-3.32,augment,,,C=C1CCCCC2CC[C@H](CCCCOC)C([NH2+])[NH+]2C1
C1OCCCC1=C,-2.98,augment,,,C=C1CCCOC1
C1OC(=C)CCNCCC2CC2(C)CC(F)=C1,-4.43,augment,,,C=C1CCNCCC2CC2(C)CC(F)=CCO1
O=C(C)C1=C2C=C([O-1])N1C(=C)CCOC(C)C3C=C3C=CC=C2,-5.35,augment,,,C=C1CCOC(C)C2C=C2C=CC=Cc2cc([O-])n1c2C(C)=O
C1COCCC1=C,-2.87,augment,,,C=C1CCOCC1
C1COCCC(=C)CCN(CCNCCC(C)CC(C)=CCCl)CC=C1,-4.43,augment,,,C=C1CCOCCC=CCN(CCNCCC(C)CC(C)=CCCl)CC1
C=C1CN(COC=CC=CC=CC=C=C1COC)CC,-4.45,augment,,,C=C1CN(CC)COC=CC=CC=CC=C=C1COC
C1OC1=C,-2.36,augment,,,C=C1CO1
NC=C1C=NCNC(=O)CC[NH1+1](C(=C)CO1)C=CC,-3.68,augment,,,C=C1COC(=CN)C=NCNC(=O)CC[NH+]1C=CC
CNC(=O)NC=C1C=C(C=CCNNCCCC)CCC=C(C)OCC1=C,-3.62,augment,,,C=C1COC(C)=CCCC(C=CCNNCCCC)=CC1=CNC(=O)NC
C1CCCCC(N=NC=CC)=CCSC(O)C=C(C(C)OCC2=C)C=CC=C21,-5.33,augment,,,C=C1COC(C)C2=CC(O)SCC=C(N=NC=CC)CCCCCC1=CC=C2
O=C(CCNCSCC1=C)C=CC2=CCC3C=C2N(C)[C@@H1]13,-4.57,augment,,,C=C1CSCNCCC(=O)C=CC2=CCC3C=C2N(C)[C@@H]13
CC=CC1=CCC2=CC=C1N2CNC=CC(C=NC3[C@H1](C)CC3=C)S,-4.08,augment,,,C=C1C[C@@H](C)C1N=CC(S)C=CNCn1c2ccc1C(C=CC)=CC2
CCCC1CC=CNCCC1CCCC(=O)N2C3CC[C@H1]2CC3=C,-4.71,augment,,,C=C1C[C@@H]2CCC1N2C(=O)CCCC1CCNC=CCC1CCC
CC[C@H1](C(=O)NCCC1OCCC=C12)CC2=C,-4.01,augment,,,C=C1C[C@H](CC)C(=O)NCCC2OCCC=C12
C1[C@H1](C/C(=C)N(C2=NC=CC=NN)C=CC=CC=C3)C2(C)C4CC341,-5.04,augment,,,C=C1C[C@H]2CC34C=CC=CC=CN1C(=NC=CC=NN)C2(C)C3C4
C1C(C)[C@@H1](CC2=C1)NC=NC2=C,-3.76,augment,,,C=C1N=CN[C@@H]2CC1=CCC2C
COC=CC(C=O)CNCCC1NSC=NC1=C,-2.45,augment,,,C=C1N=CSNC1CCNCC(C=O)C=COC
CCNC=CNCSC=NN=CN[C@H1](N)C1=CC(=O)NC1=C,-4.07,augment,,,C=C1NC(=O)C=C1[C@@H](N)NC=NN=CSCNC=CNCC
C1NC2=C1CNC(=C)NC=C=C(OC)C(C3)[C@H1]3OC=C2,-4.25,augment,,,C=C1NC=C=C(OC)C2C[C@@H]2OC=CC2=C(CN1)CN2
C=C1NCC2C1C3=C(C)C2CCCC=C3[NH1+1](C)CCC=O,-4.04,augment,,,C=C1NCC2C3CCCC=C([NH+](C)CCC=O)C(=C3C)C12
CCCN=NC=CN1CCCCNC1=C,-3.35,augment,,,C=C1NCCCCN1C=CN=NCCC
O=CC=CC=C1NC(O2)CN1CSC2=C,-4.19,augment,,,C=C1OC2CN(CS1)C(=CC=CC=O)N2
CC1(Cl)COC(=C)N1NCSCSC(O)[O-1],-2.29,augment,,,C=C1OCC(C)(Cl)N1NCSCSC([O-])O
CC[C@@]#CSN(CCOC(=C)C1=CNC2)CC=C1C2CC,-4.53,augment,,,C=C1OCCN(SC#CCC)CC=C2C1=CNCC2CC
CSCC=NCC[NH1+1]NCSCN(CCCN[C@@H1](C)C1=C)O1,-1.97,augment,,,C=C1ON(CSCN[NH+]CCN=CCSC)CCCN[C@H]1C
CC[NH1+1]C(C(=C)SCCCCCC1N)C(C)=C1,-4.21,augment,,,C=C1SCCCCCC(N)C=C(C)C1[NH+]CC
CCCCCS1=NCC(O)CCCSCCNSC1=C,-3.67,augment,,,C=C1SNCCSCCCC(O)CN=S1CCCCC
C=C=C,-1.73,augment,,,C=C=C
C=CC(CCCC)COC=C1C=C1NC(N)C(C)=C=C,-3.46,augment,,,C=C=C(C)C(N)NC1=CC1=COCC(C=C)CCCC
CCN=NNC=C(N)C=CC(C)=C=C,-3.91,augment,,,C=C=C(C)C=CC(N)=CNN=NCC
O=C(CN)C=CC=CC(=O)CC(CC=C)NC(Cl)=C=C,-3.39,augment,,,C=C=C(Cl)NC(CC=C)CC(=O)C=CC=CC(=O)CN
C=C=C1CC[C@@H1](C)C(=C)C=C1C,-4.04,augment,,,C=C=C1CC[C@@H](C)C(=C)C=C1C
C[NH1+1](C)CC(CC1=CCC=CC=C2N=CCS2=NC=CC=C1N)=C=C=C,-4.91,augment,,,C=C=C=C(CC1=CCC=CC=C2N=CCS2=NC=CC=C1N)C[NH+](C)C
COCC1CC(=O)C=CC=CC2=CC=C1C(C)CNN2C(C3)C3=C=C=C,-5.36,augment,,,C=C=C=C1CC1N1NCC(C)C2=CC=C1C=CC=CC(=O)CC2COC
CCC=C(SC(C)(N)C(O)C=C=C=C)CF,-2.8,augment,,,C=C=C=CC(O)C(C)(N)SC(=CCC)CF
CCCC=NC(=O)NC=CNOC1CC(C=CC1)C(C)CC=C=C=C,-4.4,augment,,,C=C=C=CCC(C)C1C=CCC(ONC=CNC(=O)N=CCCC)C1
CCOC1=CCSC[C@H1]1CCCCC=[C@@H1]CC=C[NH1+1]CCCC=C=C=C,-3.41,augment,,,C=C=C=CCCC[NH+]C=CCC=CCCCC[C@@H]1CSCC=C1OCC
O=C(CC=CC=CCF)N1CC1=NNCC=C=C=C,-3.74,augment,,,C=C=C=CCNN=C1CN1C(=O)CC=CC=CCF
CC1CC=CC=C1CCC(C)CC(=O)C=C=C,-4.21,augment,,,C=C=CC(=O)CC(C)CCC1=CC=CCC1C
CCOCOC#CNC(=O)C=C=C,-2.93,augment,,,C=C=CC(=O)NC#COCOCC
C1C(C)(N)C1=NC2C=CCC=C2C(C)C=C=C,-3.98,augment,,,C=C=CC(C)C1=CCC=CC1N=C1CC1(C)N
C1C(C2)(C3NC31CC=N)C=C(N)C2(Cl)C=C=C,-4.17,augment,,,C=C=CC1(Cl)CC2(C=C1N)CC1(CC=N)NC21
C1OC=C(COC=CN1CCC(Cl)C2C=C=C)CCC(C)=CC2C3=CC3,-4.42,augment,,,C=C=CC1C(Cl)CCN2C=COCC(=COC2)CCC(C)=CC1C1=CC1
C1C2=NN1C(C)=CC(COCCCCO2)C=C=C,-4.19,augment,,,C=C=CC1C=C(C)N2CC(=N2)OCCCCOC1
CC1=NC=CCC=CC=NCCCN1C=CC(CN)=CC=C=C,-4.46,augment,,,C=C=CC=C(C=CN1CCCN=CC=CCC=CN=C1C)CN
CC=CC=C=C,-2.46,augment,,,C=C=CC=CC
CC=CC1=C2C=C2C=C=CN[C@H1]1CCC=CC=CC=C=C,-4.8,augment,,,C=C=CC=CC=CCC[C@@H]1NC=C=CC2=CC2=C1C=CC
CC1=CC(NSCNC(C)CCN)C1CC=CC=C=C,-3.21,augment,,,C=C=CC=CCC1C(C)=CC1NSCNC(C)CCN
CC=CC=CCCCCC(CCC1C=N1)N=NCCCC=CC=C=C,-2.9,augment,,,C=C=CC=CCCCN=NC(CCCCC=CC=CC)CCC1C=N1
CCCCCCCN=C(C)SCC(C)CNC=NNSCNCCC=CC=C=C,-3.88,augment,,,C=C=CC=CCCNCSNN=CNCC(C)CSC(C)=NCCCCCCC
CCCCCNC(C(=O)C(=C)C=CCCC=NNCNNC=NC=CC=C=C)=C,-2.99,augment,,,C=C=CC=CN=CNNCNN=CCCC=CC(=C)C(=O)C(=C)NCCCCC
CC(SC1=C)C(=O)C=CC=CCC1NCOC=CC=C=C,-4.59,augment,,,C=C=CC=COCNC1CC=CC=CC(=O)C(C)SC1=C
C=C=CCC(=O)NCCC=[NH1+1]OC=NC=O,-3.34,augment,,,C=C=CCC(=O)NCCC=[NH+]OC=NC=O
COCCC(N)C(C)CC(C)(C#N)CC=C=C,-2.48,augment,,,C=C=CCC(C)(C#N)CC(C)C(N)CCOC
O=C(C)CC=C=C,-3.11,augment,,,C=C=CCC(C)=O
C1C=CC=C1CCCC(O)C=C2C=CC=C2CC=C=C,-3.93,augment,,,C=C=CCC1=CC=CC1=CC(O)CCCC1=CC=CC1
NC(O)C1=C=CC=C1CC=[NH1+1][C@H1](CC2=O)C=CC=CC2CC=C=C,-3.96,augment,,,C=C=CCC1C=CC=C[C@H]([NH+]=CCC2=CC=C=C2C(N)O)CC1=O
CCCC=C=C,-2.23,augment,,,C=C=CCCC
C[C@@H1](CC[C@@H1](C=1)NC(=C)C=1CC=O)C=CNCC(C)CCC=C=C,-3.31,augment,,,C=C=CCCC(C)CNC=C[C@@H](C)CC[C@H]1C=C(CC=O)C(=C)N1
C1CCNCCCN(C=CC=C1C=CCC#N)NCOC=CC=CN=CCCC=C=C,-3.49,augment,,,C=C=CCCC=NC=CC=COCNN1C=CC=C(C=CCC#N)CCCNCCC1
CCOC(=C)C(=O)NN(C=O)NCCCCCCC=C=C,-3.19,augment,,,C=C=CCCCCCCNN(C=O)NC(=O)C(=C)OCC
CC=CN(CC1C=C)CC[NH1+1]1NCC[NH1+1]([NH1+1])CCCCCC=C=C,-3.04,augment,,,C=C=CCCCCC[NH+]([NH+])CCN[NH+]1CCN(C=CC)CC1C=C
C[C@@H1](C)CCCCN(C[NH1+1]CCC=CCC1=CC=CCC1)CCC=C=C,-2.71,augment,,,C=C=CCCN(CCCCC(C)C)C[NH+]CCC=CCC1=CC=CCC1
O=C(NC=CC=CC=CC=CF)NCCC=C=C,-3.8,augment,,,C=C=CCCNC(=O)NC=CC=CC=CC=CF
CCOC=CC=CCCC[NH1+1](C)[C@@H1]([NH2+1]C)CNC[C@@H1](C)CCC=C=C,-2.56,augment,,,C=C=CCC[C@H](C)CNC[C@H]([NH2+]C)[NH+](C)CCCC=CC=COCC
CC(C1)C=C2C(N1CC=NC=O)CN2CC=C=C,-4.18,augment,,,C=C=CCN1CC2C1=CC(C)CN2CC=NC=O
OC(NC=C=C)C=O,-2.74,augment,,,C=C=CNC(O)C=O
C=C=[C@@H1]NCCC=CC1=CC=CC(=O)CCC=C1NC,-4.56,augment,,,C=C=CNCCC=CC1=CC=CC(=O)CCC=C1NC
CCOC=C=C,-2.31,augment,,,C=C=COCC
C=CC(N)CCC=NCC(N(C)C=O)=CC1=CC=CC=C1CCCCOC=C=C,-3.15,augment,,,C=C=COCCCCc1ccccc1C=C(CN=CCCC(N)C=C)N(C)C=O
COC=CC1=CN1OC=C=C,-2.9,augment,,,C=C=CON1C=C1C=COC
COCC(C)N=C=C,-2.47,augment,,,C=C=NC(C)COC
C1C=CC2=C1C=C(C)C=C(Cl)CC(C)C2CN=C=C,-4.76,augment,,,C=C=NCC1C2=C(C=C(C)C=C(Cl)CC1C)CC=C2
CC(C=O)C=NN=C=C,-3.51,augment,,,C=C=NN=CC(C)C=O
C=C=N[C@@H1](N=C1NC(C)C1)CC=NC=CS#N,-3.46,augment,,,C=C=N[C@H](CC=NC=CS#N)N=C1CC(C)N1
C=C=O,-2.42,augment,,,C=C=O
CNCCOC(C)=CCOC=CC(=O)C#CC=C,-2.35,augment,,,C=CC#CC(=O)C=COCC=C(C)OCCNC
C=CC#N,-2.08,augment,,,C=CC#N
O=C(CCNC1=CC2=C)C=C1C2(C(=C)C=C)CN=S,-4.06,augment,,,C=CC(=C)C1(CN=S)C(=C)C=C2NCCC(=O)C=C21
C=CC(=C)C=C(O)C#CNC=CC1=CNCC=C1C(C2)C2CC,-4.34,augment,,,C=CC(=C)C=C(O)C#CNC=CC1=CNCC=C1C1CC1CC
C=CC(=C)N=C=NNC(=O)[C@H1](C1)C1O,-3.64,augment,,,C=CC(=C)N=C=NNC(=O)[C@@H]1CC1O
CC=CC=CC=CC=C(C=C)CC(C)[NH2+1]CCC,-3.8,augment,,,C=CC(=CC=CC=CC=CC)CC(C)[NH2+]CCC
COC=CC=C(C=C)C1C2SN2[NH1+1]CCC[C@H1]1C(C=O)C3=CO3,-3.74,augment,,,C=CC(=CC=COC)C1C2SN2[NH+]CCC[C@H]1C(C=O)C1=CO1
COC=CC=C(CC(=O)C(=C)C=NC=C=CSC=CCSSCF)C=C,-2.37,augment,,,C=CC(=CC=COC)CC(=O)C(=C)C=NC=C=CSC=CCSSCF
CCOC=CC=NC=C(C=C)NSC(=O)C#N,-3.05,augment,,,C=CC(=CN=CC=COCC)NSC(=O)C#N
CC=CC=COCCC=C(Cl)NC=CC=CC=CC(=O)C=C,-3.64,augment,,,C=CC(=O)C=CC=CC=CNC(Cl)=CCCOC=CC=CC
CN(COCOCCC)NCCCC=CC(=O)C=C,-3.72,augment,,,C=CC(=O)C=CCCCNN(C)COCOCCC
O=C(C=O)C=C,-2.67,augment,,,C=CC(=O)C=O
CC(C)CC1C=C1CSC(CCCC(=O)C=C)C=C,-2.9,augment,,,C=CC(=O)CCCC(C=C)SCC1=CC1CC(C)C
C=CC(=O)CCNC1=CC=C2C=C12,-3.29,augment,,,C=CC(=O)CCNc1ccc2cc1-2
CN(NC(=O)C=C)C(C)=C(C)C=CC=CC,-3.8,augment,,,C=CC(=O)NN(C)C(C)=C(C)C=CC=CC
O=C(N)[C@@H1](O)C(C)(C(C)OC=CC1=CC=CCC1CN)C=C,-3.47,augment,,,C=CC(C)(C(C)OC=CC1=CC=CCC1CN)[C@H](O)C(N)=O
CCC(C)(OCN=CCOC=CCCBr)C=C,-2.79,augment,,,C=CC(C)(CC)OCN=CCOC=CCCBr
CCC(C=O)=C=NC\C(CCC=O)(C)C=C,-3.29,augment,,,C=CC(C)(CCC=O)CN=C=C(C=O)CC
CCNC(C(=C)C=O)N(C)N=CC(C)(O)C=C,-2.46,augment,,,C=CC(C)(O)C=NN(C)C(NCC)C(=C)C=O
C1OC=C(Cl)CN[C@H1](C(=O)N1C(C)(O)C=C)C,-3.32,augment,,,C=CC(C)(O)N1COC=C(Cl)CN[C@@H](C)C1=O
CC(C)C=C,-2.16,augment,,,C=CC(C)C
CCC12C(CS)N(C(O)C=NC(N)C(C)C=C)CCCC1=N2,-3.19,augment,,,C=CC(C)C(N)N=CC(O)N1CCCC2=NC2(CC)C1CS
CC=C(C=O)N=CC1=CCC=CCC2=CC2(C)CC1C(C)C=C,-4.38,augment,,,C=CC(C)C1CC2(C)C=C2CC=CCC=C1C=NC(C=O)=CC
O=CN=CNCC(O)=CC(C)C=C,-3.25,augment,,,C=CC(C)C=C(O)CNC=NC=O
CCNC=CCC=CC1(C)N=C=NC12C=CC(C)=C2N(O)CC(C)C=C,-4.2,augment,,,C=CC(C)CN(O)C1=C(C)C=CC12N=C=NC2(C)C=CCC=CNCC
OC1=NC=CN=C1CCNCC(C)C=C,-2.9,augment,,,C=CC(C)CNCCc1nccnc1O
O1[C@H1](C)[NH1+1]CC=C1NCCNCCN(C)C(C)C=C,-2.01,augment,,,C=CC(C)N(C)CCNCCNC1=CC[NH+][C@@H](C)O1
C1C2OC(=O)C=C1S(C3)=CC(O)C23NC(C)C=C,-3.95,augment,,,C=CC(C)NC12CS(=CC1O)C1=CC(=O)OC2C1
CC(NCCOC=CC(C)C=CC=NCNNCC)C=C,-2.96,augment,,,C=CC(C)NCCOC=CC(C)C=CC=NCNNCC
CCC=CC=CC(CC1(C=C(O)C1=O)CCCNN)C=C,-3.52,augment,,,C=CC(C=CC=CCC)CC1(CCCNN)C=C(O)C1=O
CCCCCCNC(S)C=CC=C(C=C(C=O)C=C)C,-2.58,augment,,,C=CC(C=O)=CC(C)=CC=CC(S)NCCCCCC
COCSC(CC(C)[NH1+1]1CCN(C1C(Cl)=CCl)C)C=C,-2.7,augment,,,C=CC(CC(C)[NH+]1CCN(C)C1C(Cl)=CCl)SCOC
C1CCCCC=C1C=CCC(N=CNCC=C(CCC)CC=O)C=C,-5.19,augment,,,C=CC(CC=CC1=CCCCCC1)N=CNCC=C(CC=O)CCC
CCCCCCCC(C)NCNC(CCC=CC=CNCO)C=C,-2.81,augment,,,C=CC(CCC=CC=CNCO)NCNC(C)CCCCCCC
CC(C)N=C(CCCC[C@H1]=CCCCCC(OC)CC)C=C,-3.03,augment,,,C=CC(CCCCC=CCCCCC(CC)OC)=NC(C)C
C1CCCC[C@@H1]1O[C@@H1](C)ONCCCC=CC(Cl)C=C,-3.98,augment,,,C=CC(Cl)C=CCCCNO[C@H](C)OC1CCCCC1
CC=NCN(COCCCC=CC=CC=C(F)C=C)F,-3.41,augment,,,C=CC(F)=CC=CC=CCCCOCN(F)CN=CC
CCCC(NSOC=CCCC(=O)CC)C(N)C=CC(F)C=C,-3.39,augment,,,C=CC(F)C=CC(N)C(CCC)NSOC=CCCC(=O)CC
COC=CC=CC1(O)NCCC=C1NCCC(C=C)F,-3.0,augment,,,C=CC(F)CCNC1=CCCNC1(O)C=CC=COC
CC[C@H1](CC)[NH1+1]C(C=CC=C1C)C1(N)C(N)C=C,-2.98,augment,,,C=CC(N)C1(N)C(C)=CC=CC1[NH+]C(CC)CC
C[C@@H1](CC(N)C=C)C=O,-3.01,augment,,,C=CC(N)C[C@H](C)C=O
CCC=CCCCCOCCCNNCCCCCC(O)(O)C=C,-0.35,augment,,,C=CC(O)(O)CCCCCNNCCCOCCCCC=CCC
CCCOC(C=C)C(=O)CCC(C)CCC=O,-2.76,augment,,,C=CC(OCCC)C(=O)CCC(C)CCC=O
CC1=NNC(OCCCC(C)S1)C(C)C2(C=C)C#C2,-4.61,augment,,,C=CC1(C(C)C2NN=C(C)SC(C)CCCO2)C#C1
COC=CCCC1C[NH1]C=CC1(C=C)C(C)CCC,-3.33,augment,,,C=CC1(C(C)CCC)C=CNCC1CCC=COC
CCC=CC(=C)C1=CC=NCN2C=NC1C=C=C=CC2(C)C=C,-5.24,augment,,,C=CC1(C)C=C=C=CC2N=CN1CN=CC=C2C(=C)C=CCC
OOCC=CCOC=CC(=O)C=NNCCC1CC1(C)C=C,-4.17,augment,,,C=CC1(C)CC1CCNN=CC(=O)C=COCC=CCOO
C=C(C=CC#CC1=O)NCC1(C=O)C=C,-3.95,augment,,,C=CC1(C=O)CNC(=C)C=CC#CC1=O
C1COC=CCCN1C(C)NC(C2)(C=CCCCC2)C=C,-4.16,augment,,,C=CC1(NC(C)N2CCC=COCC2)C=CCCCCC1
C1COCC(=C2)C(N)CC=CC2CC(C(=C)CC)=C1C=C,-4.08,augment,,,C=CC1=C(C(=C)CC)CC2C=CCC(N)C(=C2)COCC1
C1C2(C)CC=CC12C=CC3=C(C=CC=C(C)CCC3=O)C=C,-4.89,augment,,,C=CC1=C(C=CC23C=CCC2(C)C3)C(=O)CCC(C)=CC=C1
C1=2C=CC1CC=2C=C,-3.21,augment,,,C=CC1=C2C=CC2C1
C=CC1=C(CC=CC(=C)N=C1CCCC=C2C=C(C)C=C2C=C3)C3,-5.58,augment,,,C=CC1=C2CC=CC(=C)N=C1CCCC=C1C=C(C)C=C1C=CC2
N1C=NCC=CC=C=C=C1C=C,-3.74,augment,,,C=CC1=C=C=CC=CCN=CN1
CCN(O)C=CC=C(C(=O)C=CC=CC)NC=CC=CNC(C12C=C1)N=C=C2C=C,-4.98,augment,,,C=CC1=C=NC(NC=CC=CNC(=CC=CN(O)CC)C(=O)C=CC=CC)C12C=C2
O=C(C(=O)C=C1C=C)C=NNNCCCNC(C)=C1C=CC=O,-5.27,augment,,,C=CC1=CC(=O)C(=O)C=NNNCCCNC(C)=C1C=CC=O
CCCNCNC1=CC=CC=C1CCCC2(CC)C=C2C=C,-3.71,augment,,,C=CC1=CC1(CC)CCCc1ccccc1NCNCCC
CC(=O)CCOC=CC=C1C=C1C=C,-3.78,augment,,,C=CC1=CC1=CC=COCCC(C)=O
CC=CC=CCNS(=O)C1=CC=C2NC2C=C1C=C,-4.66,augment,,,C=CC1=CC2NC2=CC=C1S(=O)NCC=CC=CC
CN(C=C(NN)C(C)CNC)NN(C1)NC=CCCC=CC=C1C=C,-4.14,augment,,,C=CC1=CC=CCCC=CNN(NN(C)C=C(NN)C(C)CNC)C1
C[NH1+1](C)C(=O)CC=CC=CN1C(O)CC=C1C=C,-3.91,augment,,,C=CC1=CCC(O)N1C=CC=CCC(=O)[NH+](C)C
COC1=CC2=CC=CC=C2C(CCCC=CCCC)CCC=C1C=C,-3.78,augment,,,C=CC1=CCCC(CCCC=CCCC)c2ccccc2C=C1OC
C1CCNN1SCCN=CC2=CCCC=C2C=C,-4.36,augment,,,C=CC1=CCCC=C1C=NCCSN1CCCN1
O1OC(=O)C1(CC2C=C(C3)CCC=CC=CC=CCCC=C3C=C)C2,-5.69,augment,,,C=CC1=CCCC=CC=CC=CCCC(=CC2CC3(C2)OOC3=O)C1
COC=CC=C(CCCCN1C=C(CCC1)C=C)CC,-3.54,augment,,,C=CC1=CN(CCCCC(=CC=COC)CC)CCC1
C=CC1=CN=CC=CC(C)C=[C@@H1]OC=CCC(C(=O)C=C1OO)C=CN=O,-5.2,augment,,,C=CC1=CN=CC=CC(C)C=COC=CCC(C=CN=O)C(=O)C=C1OO
C1CC=CC=CONCCOC(C)CCNC=C[NH1]C=C1C=C,-4.87,augment,,,C=CC1=CNC=CNCCC(C)OCCNOC=CC=CCC1
CC=NC1(COCOC=O)C=NCOC=C1C=C,-2.77,augment,,,C=CC1=COCN=CC1(COCOC=O)N=CC
C=CC1=NC(O)[C@H1]1C=CC=O,-3.54,augment,,,C=CC1=NC(O)[C@H]1C=CC=O
CCCCCC1C(C(C)NC1C=O)CCC2=C3S2=C3C=C,-3.61,augment,,,C=CC1=S2C(CCC3C(C)NC(C=O)C3CCCCC)=C12
COCOC(C1C=C)C#C1,-2.76,augment,,,C=CC1C#CC1OCOC
O=CCNC=NC#CC(=O)CCCC(C)C1=NN(C)C1C=C,-4.13,augment,,,C=CC1C(C(C)CCCC(=O)C#CN=CNCC=O)=NN1C
CCCCCOC=CNC(C12)[C@@H1]1CC=C(C=C3C=C3Cl)C2C=C,-3.51,augment,,,C=CC1C(C=C2C=C2Cl)=CC[C@H]2C(NC=COCCCCC)C12
C1C2=CCC(/C=CC(=O)C=C1C=CC=CC(C)C=C=C2)C=C,-5.05,augment,,,C=CC1C=CC(=O)C=C2C=CC=CC(C)C=C=CC(=CC1)C2
C1C=CC1C=C,-2.55,augment,,,C=CC1C=CC1
C1CCSCOC(C)COC(C=C)C=CC=C(ON=O)OO1,-4.32,augment,,,C=CC1C=CC=C(ON=O)OOCCCSCOC(C)CO1
N#CC=CC=C(CCC1C=C)CC=C1,-3.78,augment,,,C=CC1C=CCC(=CC=CC#N)CC1
C=CC1C=CCC=C=C1CNONC=O,-4.31,augment,,,C=CC1C=CCC=C=C1CNONC=O
C[C@H1](CC)NCCCNC(C)CC1=NC=CC1C=C,-2.41,augment,,,C=CC1C=CN=C1CC(C)NCCCN[C@H](C)CC
CNC(=O)NC(=C)C=CC(C)C1C(C)(O)CC1C=C,-4.32,augment,,,C=CC1CC(C)(O)C1C(C)C=CC(=C)NC(=O)NC
CC(C)C=C=NC=CC(C)=CCNCC1CC=CCC1C=C,-4.49,augment,,,C=CC1CC=CCC1CNCC=C(C)C=CN=C=CC(C)C
CNCOC=C[C@@H1](O)N1C2C=CC=CC=C1CCCC2C=C,-4.07,augment,,,C=CC1CCCC2=CC=CC=CC1N2[C@H](O)C=COCNC
CCC(C)CSCCNC(C=O)N(CC1)C1C=C,-2.48,augment,,,C=CC1CCN1C(C=O)NCCSCC(C)CC
C=CC1CN2C(C)CN2C3=CN=C1C3=O,-3.64,augment,,,C=CC1CN2C(C)CN2C2=CN=C1C2=O
CN(C)CC1CC(C=O)=CC2=CC(=C)C=NN=CC3C1CCC4=C3N2OCC4C=C,-4.98,augment,,,C=CC1CON2C3=CC(=C)C=NN=CC4C2=C1CCC4C(CN(C)C)CC(C=O)=C3
C=CC1C[C@@H1](C)CC1(N)C=O,-3.26,augment,,,C=CC1C[C@@H](C)CC1(N)C=O
COC=CC=CSC(=O)CCNSCCC=CC(S)C=NN(N)C1CCOC1C=C,-1.7,augment,,,C=CC1OCCC1N(N)N=CC(S)C=CCCSNCCC(=O)SC=CC=COC
CN(NC(C1)NC(N)C(C)=CC=C)C1N,-3.01,augment,,,C=CC=C(C)C(N)NC1CC(N)N(C)N1
O=C(NN(C)NC=CC=CC(C)=CC=C)C=CCF,-3.49,augment,,,C=CC=C(C)C=CC=CNN(C)NC(=O)C=CCF
CCOC=CC=CNC(C=CC=CC=CC=C=CC)=CC=C,-3.86,augment,,,C=CC=C(C=CC=CC=CC=C=CC)NC=CC=COCC
CCOC=CCC=CC(CCCC(COC=CC=CCCCCF)C)=CC=C,-2.8,augment,,,C=CC=C(C=CCC=COCC)CCCC(C)COC=CC=CCCCCF
C=CC=C(SCCCC=C(C)C(=C)C=CC)CC=O,-3.36,augment,,,C=CC=C(CC=O)SCCCC=C(C)C(=C)C=CC
C=CC=C1/C=C1NSC/CNCC2=N[C@H1](C(C3)=C2C=C4)C34C,-3.77,augment,,,C=CC=C1C=C1NSCCNCC1=N[C@@H]2C3=C1C=CC2(C)C3
C=CNCNN(C=CC=CC=CC1=CC=C)CC1C(=O)[O-1],-3.76,augment,,,C=CC=C1C=CC=CC=CN(NCNC=C)CC1C(=O)[O-]
CNCCC(C)C(N)C(C)C(O)C1CC=CC1=CC=C,-2.31,augment,,,C=CC=C1C=CCC1C(O)C(C)C(N)C(C)CCNC
CCCCCCCCCCSC=NC(C=NC1=CC=C)C1,-2.65,augment,,,C=CC=C1CC(N=CSCCCCCCCCCC)C=N1
C=CC=C(C1=CC=CC2=C(O)C=C2COC)CC=CC=CC1,-4.69,augment,,,C=CC=C1CC=CC=CCC1=CC=CC1=C(O)C=C1COC
C1C(N1C=O)CC(CCNC=O)N2CC2=CC=C,-3.64,augment,,,C=CC=C1CN1C(CCNC=O)CC1CN1C=O
CCOC(CCOC=O)=C=CC=C,-2.95,augment,,,C=CC=C=C(CCOC=O)OCC
CCCC=C1CNC=CNC=CC=CC=CC(C(C)N1)=C=C=CC=C,-5.09,augment,,,C=CC=C=C=C1C=CC=CC=CNC=CNCC(=CCCC)NC1C
C=CC=C=[C@H1]CC=CC=NC=CC1CCC=C1OC=NCCCl,-3.39,augment,,,C=CC=C=CCC=CC=NC=CC1CCC=C1OC=NCCCl
C=CC=CC(=O)CNC=NC(OC)=CC=NNN=COC=CC=CON,-3.73,augment,,,C=CC=CC(=O)CNC=NC(=CC=NNN=COC=CC=CON)OC
C12CNCN2C=CC=C1SC=CC(C)C=CC=C,-4.09,augment,,,C=CC=CC(C)C=CSC1=CC=CN2CNCC12
CCCCCCNCCCCNCCCNNC=CC(C=CC=C)C=CN=O,-2.66,augment,,,C=CC=CC(C=CN=O)C=CNNCCCNCCCCNCCCCCC
COC=CC=C(C=CC=C)C=O,-3.0,augment,,,C=CC=CC(C=O)=CC=COC
CNCCNC(C=CC=C)C=O,-2.78,augment,,,C=CC=CC(C=O)NCCNC
C[NH2+1]CC(C1C=CCC=C2CCC=C3C2C13S)C=CC=C,-4.45,augment,,,C=CC=CC(C[NH2+]C)C1C=CCC=C2CCC=C3C2C31S
COC(=O)NNCNCC(C)=C(F)C=CC=C,-2.82,augment,,,C=CC=CC(F)=C(C)CNCNNC(=O)OC
CCC(=O)CCCC=CC(N)C=CC(C=CC=C)F,-2.9,augment,,,C=CC=CC(F)C=CC(N)C=CCCCC(=O)CC
CC(C=C=C(O)C=CC=C)CC[O-1],-3.51,augment,,,C=CC=CC(O)=C=CC(C)CC[O-]
CCCC1CC2C=C=C1NS/COC2(COCCCC=NC=CC)C=CC=C,-3.68,augment,,,C=CC=CC1(COCCCC=NC=CC)OCSNC2=C=CC1CC2CCC
C=CC=CC1=C(SCC=N[N+1]CC2C=C2C=C1)CC,-4.23,augment,,,C=CC=CC1=C(CC)SCC=N[N+]CC2C=C2C=C1
C1CC=C(C)C2C1C=C=C(C=CC=C)C=C[C@H1]2CC(C)COCCC,-4.59,augment,,,C=CC=CC1=C=CC2CCC=C(C)C2[C@H](CC(C)COCCC)C=C1
C1CC(CC)CCCC=C(C=CC=C)C(C=N)C(N)N(C)C=CC=CC=C1,-4.06,augment,,,C=CC=CC1=CCCCC(CC)CCC=CC=CC=CN(C)C(N)C1C=N
CCCNC1/CC(C2)CNN(C=C3CC=NC=C3C=CC=C)C2=C1OC,-3.99,augment,,,C=CC=CC1=CN=CCC1=CN1NCC2CC1=C(OC)C(NCCC)C2
COC1CN/CNC=CC=NNC=C=NN(C#N)CCOC(C=CC=C)C=CC1,-4.39,augment,,,C=CC=CC1C=CCC(OC)CNCNC=CC=NNC=C=NN(C#N)CCO1
C=CC=CC1CC=CC=NC=CC(O)CCC=C1COC,-3.92,augment,,,C=CC=CC1CC=CC=NC=CC(O)CCC=C1COC
COC=CC=C(C1C)NC=NC1C=CC=C,-3.76,augment,,,C=CC=CC1N=CNC(=CC=COC)C1C
C=CC=CC=C(C)C=CC=CC=C/C1C=C1ONC=C(C2)CCC=C2,-5.01,augment,,,C=CC=CC=C(C)C=CC=CC=CC1C=C1ONC=C1CC=CCC1
C=CC=CC=C(F)C(=O)C=CCCCC(C)[C@H1](C)C=O,-3.79,augment,,,C=CC=CC=C(F)C(=O)C=CCCCC(C)[C@H](C)C=O
C1CCC2CNC3CC31OCCCOC(C=C2C)=CC=CC=C,-4.67,augment,,,C=CC=CC=C1C=C(C)C2CCCC3(CC3NC2)OCCCO1
C=CC=CC=C1CNCCC=CC=C2C=C2NN1N=CC=CPC,-4.51,augment,,,C=CC=CC=C1CNCCC=CC=C2C=C2NN1N=CC=CPC
C1[NH1+1](COPC)CC=C1NCCCC2CC2C=CC=CC=C,-3.51,augment,,,C=CC=CC=CC1CC1CCCNC1=CC[NH+](COPC)C1
C1C(C)NC(N)C(=O)CC=NN1C(C)=CC=CC=CC=C,-3.92,augment,,,C=CC=CC=CC=C(C)N1CC(C)NC(N)C(=O)CC=N1
C=CC=CC=CC=C(C1)C1,-3.41,augment,,,C=CC=CC=CC=C1CC1
C1OC=CC=C(/CC=C2CC(=O)C=CC=CC=CC=C)C=C21,-4.58,augment,,,C=CC=CC=CC=CC(=O)CC1=CCC2=CC=COCC1=C2
C=CC=CC=CC=CC=CC(=O)CC(C1)C1C,-3.61,augment,,,C=CC=CC=CC=CC=CC(=O)CC1CC1C
CCCNC(C=CC=CC=CC=CC=C)C(NC)=CC=CC=O,-3.71,augment,,,C=CC=CC=CC=CC=CC(NCCC)C(=CC=CC=O)NC
O=C(/CC/CNC=CC1=CC=CC=C1F)C=CC=CC=CC=CC=CC=C,-4.27,augment,,,C=CC=CC=CC=CC=CC=CC(=O)CCCNC=Cc1ccccc1F
CCCON=CC=C/C(OC)C(C)=CC=CC(=C)NC=CC=CC=CC=C,-3.72,augment,,,C=CC=CC=CC=CNC(=C)C=CC=C(C)C(C=CC=NOCCC)OC
CCC(C(=C)NCNC=CC=CC=CC=C)C=1NC=NC=1CC,-3.98,augment,,,C=CC=CC=CC=CNCNC(=C)C(CC)c1[nH]cnc1CC
CC(CCCC=CNC(C)CC=CC=CC=C)C=NC=NCC=NC,-3.09,augment,,,C=CC=CC=CCC(C)NC=CCCCC(C)C=NC=NCC=NC
CSCC[C@@H1](CC)CC(CC=O)C/C=CC=CC=C,-2.85,augment,,,C=CC=CC=CCC(CC=O)C[C@H](CC)CCSC
C1CO[C@@H1]1CNCCN2SCC=C2CCC(NC)CC=CC=CC=C,-2.49,augment,,,C=CC=CC=CCC(CCC1=CCSN1CCNC[C@@H]1CCO1)NC
CC(C)NC(C(SC)CC=CC=CC=C)=O,-3.28,augment,,,C=CC=CC=CCC(SC)C(=O)NC(C)C
CNC=CNC(C1)C1=CSNC(CNCCCC=CC=CC=C)Br,-2.74,augment,,,C=CC=CC=CCCCNCC(Br)NSC=C1CC1NC=CNC
CCOC=CC(C(=O)NC=CC=CC=C)C=CC=1CC(=C)C=1,-4.31,augment,,,C=CC=CC=CNC(=O)C(C=COCC)C=CC1=CC(=C)C1
C1CN1CC=C=CC=C/C=CC(=O)NC=CC=CC=C,-3.85,augment,,,C=CC=CC=CNC(=O)C=CC=CC=C=CCN1CC1
C=CC=CC=CNC=CC=O,-3.29,augment,,,C=CC=CC=CNC=CC=O
C=CC=CC=CNCCC[C@@H1]1CCCC2CNCCCC12F,-4.17,augment,,,C=CC=CC=CNCCC[C@@H]1CCCC2CNCCCC21F
CC=NCC(CNNC=CC=CC=C)C=CC=N[NH1]C=C1C=C1,-3.93,augment,,,C=CC=CC=CNNCC(C=CC=NNC=C1C=C1)CN=CC
CCC=CC1C=CC=CC=C(CN=CC=CC=C)CCC=C1,-4.85,augment,,,C=CC=CC=NCC1=CC=CC=CC(C=CCC)C=CCC1
CC=CC(CCC(C)NC=NC#CCC=CC=C)=NON,-3.19,augment,,,C=CC=CCC#CN=CNC(C)CCC(C=CC)=NON
CC=CC=C(CC=CC=C)CN(NCCCCCON)C=CC=CN=C=NN=NC,-3.66,augment,,,C=CC=CCC(=CC=CC)CN(C=CC=CN=C=NN=NC)NCCCCCON
C=CC=CCC(=O)C=CC1=NC(C)CC2CCCC2CCC=CC#C1,-5.26,augment,,,C=CC=CCC(=O)C=CC1=NC(C)CC2CCCC2CCC=CC#C1
O=C(C=CC=NNC(CC)NNOC=CC1CC1(F)F)CC=CC=C,-3.69,augment,,,C=CC=CCC(=O)C=CC=NNC(CC)NNOC=CC1CC1(F)F
CC(C1)C[C@H1](CC)C1CSCOC(=O)CC=CC=C,-3.3,augment,,,C=CC=CCC(=O)OCSCC1CC(C)C[C@@H]1CC
COC(=O)CNC=CC(CC=O)(C)CC=CC=C,-3.49,augment,,,C=CC=CCC(C)(C=CNCC(=O)OC)CC=O
CC=CC=CC(C(CO)CCCSCC=C)CC=CC=C,-2.88,augment,,,C=CC=CCC(C=CC=CC)C(CO)CCCSCC=C
O=CCC=C(C)NC(C)C(=N)N=CCC1OC1(C)CC=CC=C,-4.29,augment,,,C=CC=CCC1(C)OC1CC=NC(=N)C(C)NC(C)=CCC=O
C1SCC=NN=C(N1NCCC(C=2)CCCCC=2CC=CC=C)CC,-4.4,augment,,,C=CC=CCC1=CC(CCNN2CSCC=NN=C2CC)CCCC1
C1C=C(CCC1(NCCCC=CC(CC=CC=C)C#CCC=C2C=N)C)OCC2=O,-5.05,augment,,,C=CC=CCC1C#CCC=C(C=N)C(=O)COC2=CCC(C)(CC2)NCCCC=C1
COC(=O)CC(NCCN(C)C1CC(C)C1CC=CC=C)C=C=O,-2.93,augment,,,C=CC=CCC1C(C)CC1N(C)CCNC(C=C=O)CC(=O)OC
CC=C1C=CC(C2)C2NCCC(CC=CC=C)C1C=CC(=O)NNOCCC,-4.69,augment,,,C=CC=CCC1CCNC2CC2C=CC(=CC)C1C=CC(=O)NNOCCC
CC=C(CN(C=O)C=O)CC(C=CN=CC)=CCC=CC=C,-3.66,augment,,,C=CC=CCC=C(C=CN=CC)CC(=CC)CN(C=O)C=O
CCOC=CCCC(CNC(=O)C)=CC=CCC=CC=C,-3.39,augment,,,C=CC=CCC=CC=C(CCC=COCC)CNC(C)=O
C[C@@H1](CC(=C)N=C(C=C)C=CC=CC=CCC=CC=C)N=CC(O1)C1,-3.87,augment,,,C=CC=CCC=CC=CC=CC(C=C)=NC(=C)C[C@H](C)N=CC1CO1
COC=CC=CC=CC(=C)C(=O)CN=CCC=CC=C,-3.17,augment,,,C=CC=CCC=NCC(=O)C(=C)C=CC=CC=COC
CC(N)[C@@H1](CC(=O)CCC=CC=C)C=O,-2.63,augment,,,C=CC=CCCC(=O)C[C@@H](C=O)C(C)N
CCCN(C=C1C=CS)C(O)NC=CC=CCCCN=C1CCC=CC=C,-4.3,augment,,,C=CC=CCCC1=NCCCC=CC=CNC(O)N(CCC)C=C1C=CS
C12NC=CC=C1C2CCCC=CCCC=CC=C,-3.61,augment,,,C=CC=CCCC=CCCCC1C2=CC=CNC21
CC=CC=C(CCC(C)CCCCCCNC)CCCCC=CC=C,-2.73,augment,,,C=CC=CCCCCC(=CC=CC)CCC(C)CCCCCCNC
CN(C)ONNC(=O)N(CC=CCC)SC(=O)CCCCCCC=CC=C,-3.46,augment,,,C=CC=CCCCCCCC(=O)SN(CC=CCC)C(=O)NNON(C)C
CCC=CC(C)=CCCC1=C(Cl)CC=C1C(=O)PCCCC=CC=C,-3.5,augment,,,C=CC=CCCCPC(=O)C1=CCC(Cl)=C1CCC=C(C)C=CCC
CC(C)(C=O)C=CC=NCCC=CC=C,-2.97,augment,,,C=CC=CCCN=CC=CC(C)(C)C=O
CC1=CC=CCC=C1OC=CC=NCNCCC=CC=C,-4.74,augment,,,C=CC=CCCNCN=CC=COC1=CCC=CC=C1C
CC(C)N1NC=NN1CC=CC=CC=CCOCCC=CC=C,-3.54,augment,,,C=CC=CCCOCC=CC=CC=CCN1N=CNN1C(C)C
C1CCCOCCSC=CNC(CCN)C(F)C=CN1OCC=CN(C)CC=CC=C,-3.04,augment,,,C=CC=CCN(C)C=CCON1C=CC(F)C(CCN)NC=CSCCOCCCC1
COC1=CC(C(=O)CN=CSCCN1CC=CC=C)C(C)OCCCC=C,-3.12,augment,,,C=CC=CCN1CCSC=NCC(=O)C(C(C)OCCCC=C)C=C1OC
C1CC=CC1(NC(S2)CNN=CCCNOC)N2CC=CC=C,-2.71,augment,,,C=CC=CCN1SC(CNN=CCCNOC)NC12C=CCC2
C=C(C=CN=CCNCCCC=CC=CC1=NCC=CC=C)C=C1CN(C)C=C=O,-5.03,augment,,,C=CC=CCN=C1C=CC=CCCCNCC=NC=CC(=C)C=C1CN(C)C=C=O
CC(C)(NC(C)OC(C)CNC=O)CC(=O)NCC=CC=C,-2.79,augment,,,C=CC=CCNC(=O)CC(C)(C)NC(C)OC(C)CNC=O
C=CC=CCOC=CC(C)C=C[C@H1](C)C1=CC#C1,-3.52,augment,,,C=CC=CCOC=CC(C)C=C[C@H](C)C1=CC#C1
O=CCCCCCCC(C)(O)COCC=CC=C,-3.07,augment,,,C=CC=CCOCC(C)(O)CCCCCCC=O
CCCC[C@@H1](CC(=O)CCC(=O)CCON=O)CC=CC=C,-3.22,augment,,,C=CC=CC[C@@H](CCCC)CC(=O)CCC(=O)CCON=O
CCCCNC1C=C1CCNC(O)N(C)C=CC=C,-2.79,augment,,,C=CC=CN(C)C(O)NCCC1=CC1NCCCC
O=CCC=CNC=CC=C(NCOC=O)NN(C)C=CC=C,-3.11,augment,,,C=CC=CN(C)NC(=CC=CNC=CCC=O)NCOC=O
CC=CC=C(OCCCC1OC=CCN(N)C=CC=C)C=C2C=CC1=N2,-4.82,augment,,,C=CC=CN(N)CC=COC1CCCOC(=CC=CC)C=C2C=CC1=N2
CNC=CN(C)C(=O)C1C=CN(C=CC=C)N(C)C=CC=C1C=C,-4.51,augment,,,C=CC=CN1C=CC(C(=O)N(C)C=CNC)C(C=C)=CC=CN1C
COC=CC=C1CN1C=CC=C,-2.86,augment,,,C=CC=CN1CC1=CC=COC
C1C(=O)C(=C)C=C=C(N)NCCCCOC=NN(CCC1(C)CC)C=CC=C,-4.72,augment,,,C=CC=CN1CCC(C)(CC)CC(=O)C(=C)C=C=C(N)NCCCCOC=N1
O=C(C[C@@H1](C)C=CC=NCC=CC=CN=CNCN1C=CC=C)C1,-5.26,augment,,,C=CC=CN1CNC=NC=CC=CCN=CC=C[C@H](C)CC(=O)C1
CCCCCC(N1C(=O)N(C=CC=C)NC=CN=COCC=C2C=CC=C1)C=CC2,-5.0,augment,,,C=CC=CN1NC=CN=COCC=C2C=CC=CN(C1=O)C(CCCCC)C=CC2
CCC=CC(C=NC1=CC)=CC=CSCCCCC1=NC=CC=C,-4.75,augment,,,C=CC=CN=C1CCCCSC=CC=C(C=CCC)C=NC1=CC
CCC[C@H1]=CNC(=O)CCC=C=CC(=NN1)CCCCC1NC=CC=C,-4.65,augment,,,C=CC=CNC1CCCCC(C=C=CCCC(=O)NC=CCCC)=NN1
C1=CCCCC=CC1C=CC(C)C=CCCNC=CC=C,-3.91,augment,,,C=CC=CNCCC=CC(C)C=CC1C=CCCCC=C1
O=CC(CCC(=O)C=NC=C=C1Cl)N1NC=CC=C,-3.67,augment,,,C=CC=CNN1C(Cl)=C=CN=CC(=O)CCC1C=O
C[NH1+1](CSC=NC1=NC=C1C=CCCC=NC=CNNNC=CC=C)NC,-3.43,augment,,,C=CC=CNNNC=CN=CCCC=CC1=CN=C1N=CSC[NH+](C)NC
CCCOC=C(CO)N[C@@H1](C=CC=CC)CCCONC=CC=C,-2.41,augment,,,C=CC=CNOCCC[C@H](C=CC=CC)NC(=COCCC)CO
COCCC[NH1+1](CCNC=C1COC=CNC=C1OC=CC=C)CCCC=CCF,-1.5,augment,,,C=CC=COC1=CNC=COCC1=CNCC[NH+](CCCC=CCF)CCCOC
CCCN1NC=CS1(C=CCCC(CCCC)CO)C=CC=C,-2.68,augment,,,C=CC=CS1(C=CCCC(CO)CCCC)C=CNN1CCC
COCCC[C@H1]1C(C=O)C=C=C(C=CC=CSC=CC=C)CO1,-3.84,augment,,,C=CC=CSC=CC=CC1=C=CC(C=O)[C@H](CCCOC)OC1
CCC=NC=CCNC(=C)CSC=CC=C,-3.28,augment,,,C=CC=CSCC(=C)NCC=CN=CCC
C=CC=CSCNC(C)CCNCCC=O,-1.63,augment,,,C=CC=CSCNC(C)CCNCCC=O
CC1CCCNC=C=CC(C(=O)CCC1C(O)N=CC=C)CCCC,-3.85,augment,,,C=CC=NC(O)C1CCC(=O)C(CCCC)C=C=CNCCCC1C
C=CC=NC1(OCCCNCCC2[C@@H1](C)OOO2)C=CC=C1,-2.86,augment,,,C=CC=NC1(OCCCNCCC2OOO[C@@H]2C)C=CC=C1
CC(C1)NCCON=C(NC=CCC=C1N=CC=C)C(C)=NN=CC=O,-4.61,augment,,,C=CC=NC1=CCC=CNC(C(C)=NN=CC=O)=NOCCNC(C)C1
COC(=O)/C(=C)/N/C=C/C=NC=C/C1=C/C1N=CC=C,-3.09,augment,,,C=CC=NC1C=C1C=CN=C/C=C/NC(=C)C(=O)OC
COC=CC=C(NC=CC(C(C)=NC=CN=CC=C)C(C=CN=O)C1NC=CC1)CC=C,-3.81,augment,,,C=CC=NC=CN=C(C)C(C=CNC(=CC=COC)CC=C)C(C=CN=O)C1CC=CN1
CC(C)C(O)(C)C=NC(C/CCC=CCCC=CC)=NN=CC=C,-3.72,augment,,,C=CC=NN=C(CCCC=CCCC=CC)N=CC(C)(O)C(C)C
C=[C@H1]C=O,-2.39,augment,,,C=CC=O
C1C=CC(CC2NCCC3NCCCONCC=CCS214=CC=C)C=C4O3,-4.89,augment,,,C=CC=S123CC=CCNOCCCNC4CCNC1CC(C=CC2)C=C3O4
CC=CC(=O)C(C)OC(C)CC#CCC=C,-2.92,augment,,,C=CCC#CCC(C)OC(C)C(=O)C=CC
CN(C1=O)CCC1(F)CCNC=CC=C(N=O)CC=C,-3.55,augment,,,C=CCC(=CC=CNCCC1(F)CCN(C)C1=O)N=O
COC=C(CC=C)CCNC=O,-2.53,augment,,,C=CCC(=COC)CCNC=O
C=CCC(C(=O)NC=CC=CC=C(Cl)C=O)=NC=NN=CCC,-4.19,augment,,,C=CCC(=NC=NN=CCC)C(=O)NC=CC=CC=C(Cl)C=O
CCNCCC(C(=O)CC=C)N=CC=CC=C=CCF,-2.48,augment,,,C=CCC(=O)C(CCNCC)N=CC=CC=C=CCF
C=CCC(=O)C[C@H1](N)CC=O,-2.55,augment,,,C=CCC(=O)C[C@H](N)CC=O
C=[C@H1]CC(=O)N=CC1C=C1O,-3.56,augment,,,C=CCC(=O)N=CC1C=C1O
CC=NOCON=C=C=C(COC(=O)C[C@@H1]=C)CCCCCF,-2.91,augment,,,C=CCC(=O)OCC(=C=C=NOCON=CC)CCCCCF
C=CCC(Br)C=CC(C=O)=NN(O)CC(C)CCC(N1C2)=C12,-3.06,augment,,,C=CCC(Br)C=CC(C=O)=NN(O)CC(C)CCC1=C2CN12
CN(CC=CC=CN(CO)CC)C(C1)(CCOC=C1C)CC(C)CC=C,-3.74,augment,,,C=CCC(C)CC1(N(C)CC=CC=CN(CC)CO)CCOC=C(C)C1
C[NH1+1](C)CCCC(C)C1C=C(CCC1NC)CCC(C)CC=C,-2.73,augment,,,C=CCC(C)CCC1=CC(C(C)CCC[NH+](C)C)C(NC)CC1
C1COC(C)=C=C1C=C(N)NCCSN(CCCN2C(C)CC=C)CCOC2,-2.89,augment,,,C=CCC(C)N1CCCN(SCCNC(N)=CC2=C=C(C)OCC2)CCOC1
CC1OC(=O)C(NC2)CC=CN=C2CNN1NCC=CNC(C)CC=C,-3.69,augment,,,C=CCC(C)NC=CCNN1NCC2=NC=CCC(NC2)C(=O)OC1C
CCN=CCC(CN)CC=C,-3.07,augment,,,C=CCC(CN)CC=NCC
C=C(CC=CC(Cl)CC=C)C1NC1COCCF,-2.73,augment,,,C=CCC(Cl)C=CCC(=C)C1NC1COCCF
C1CCCCNC(C)CC=2C=C1CC=2CC(F)CC=C,-3.81,augment,,,C=CCC(F)CC1=C2C=C(CCCCCNC(C)C2)C1
C1OC=CC2C(NC)[NH2+1]C(C)(CC=C)C=C2C1,-3.84,augment,,,C=CCC1(C)C=C2CCOC=CC2C(NC)[NH2+]1
C1CN(CC)C(=O)C=CC2=C[C@@H1]=CC=C2C1(C)CC=C,-4.42,augment,,,C=CCC1(C)CCN(CC)C(=O)C=Cc2ccccc21
COC[C@@H1]1C(=O)CC1(C=O)CC=C,-3.24,augment,,,C=CCC1(C=O)CC(=O)[C@H]1COC
CC=NN(C=O)C(C)NC=C1C=NC=CNN2NCCCCCC2(CC=C)N1,-3.49,augment,,,C=CCC12CCCCCNN1NC=CN=CC(=CNC(C)N(C=O)N=CC)N2
C1C[C@H1]1C[NH2+1]SC=CC=CC=CC=CC=C2C=C2CC=C,-4.23,augment,,,C=CCC1=CC1=CC=CC=CC=CC=CS[NH2+]CC1CC1
C12S(C)=CNC=C1C3N=CC=NN4C5=CC=CC(F)C5NC=CC=CC42C=C3CC=C,-5.13,augment,,,C=CCC1=CC23C=CC=CNC4C(=CC=CC4F)N2N=CC=NC1C1=CNC=S(C)C13
C1OC=CC=C1CC=C,-2.88,augment,,,C=CCC1=CC=COC1
C1C(=O)NC2CCC(C=C2C=O)=CN=CC3=NC1CC=C3CC=C,-4.43,augment,,,C=CCC1=CCC2CC(=O)NC3CCC(=CN=CC1=N2)C=C3C=O
CCCNC(=C)C=NCCNC1=CC2CCC1CC=C2CC=C,-3.49,augment,,,C=CCC1=CCC2CCC1C=C2NCCN=CC(=C)NCCC
C1COCCN(NC(=O)CNC=NC=C(C2)CC=C)C=C2CC=CCC=C1,-4.89,augment,,,C=CCC1=CN=CNCC(=O)NN2C=C(CC=CCC=CCCOCC2)C1
CCC(C)C=CC(=N)CCCCC1NC=C(C(CC=C)=N1)NC=CC,-3.12,augment,,,C=CCC1=NC(CCCCC(=N)C=CC(C)CC)NC=C1NC=CC
C=CCC1=NCC=C1NCC2CC(CC=C3C=CCCCCCCF)(C)CC32,-3.43,augment,,,C=CCC1=NCC=C1NCC1CC2(C)CC=C(C=CCCCCCCF)C1C2
CC=CC1=CC=CNC1C2CNC=CCSC(=NN(OC)C=C2C)CC=C,-4.15,augment,,,C=CCC1=NN(OC)C=C(C)C(C2NC=CC=C2C=CC)CNC=CCS1
CC(=O)[C@H1](N[C@H1](O1)[C@@H1]1CC2CCC2CC=C3C=CC)C3CC=C,-4.52,augment,,,C=CCC1C(C=CC)=CCC2CCC2C[C@@H]2O[C@H]2N[C@H]1C(C)=O
C12CC=C1CCC(CCC=CC=C=[NH1])C2CC=C,-4.48,augment,,,C=CCC1C(CCC=CC=C=N)CCC2=CCC21
CC=NC(C1CC=C)C=C1NC=C,-3.07,augment,,,C=CCC1C(NC=C)=CC1N=CC
CCOC=1CN[C@H1]=CC(=O)C2=CNC=1C2CC=C,-3.73,augment,,,C=CCC1C2=CNC1=C(OCC)CNC=CC2=O
CC=N[C@@H1](CNC=C[NH1]C=C1C(=C2)/C2CC=C)CC3OC1CC=C3,-4.33,augment,,,C=CCC1C=C1C1=CNC=CNC[C@H](N=CC)CC2C=CCC1O2
CCC=C=C1ONCN1CCN2C(C=CC3CC=C)C=C3C2COC,-4.63,augment,,,C=CCC1C=CC2C=C1C(COC)N2CCN1CNOC1=C=CCC
C1C2=CC=CC3(CC(CC=C)C(=C)C=C2F)CC31,-4.25,augment,,,C=CCC1CC23C=CC=C(CC2C3)C(F)=CC1=C
CC[NH1+1]CCONNOCCSCN[C@@H1](CN)C1(C)C=CCC1CC=C,-0.29,augment,,,C=CCC1CC=CC1(C)[C@H](CN)NCSCCONNOCC[NH+]CC
CCNCNC[NH1+1]CCC1NCCC[C@@H1]1C2CCCC2CC=C,-3.15,augment,,,C=CCC1CCCC1[C@H]1CCCNC1CC[NH+]CNCNCC
C=CCC1CCCCCN[C@@H1]=CC(CC=CC=CC=CC=CSC)OCCC1,-5.4,augment,,,C=CCC1CCCCCNC=CC(CC=CC=CC=CC=CSC)OCCC1
C=CCC(N1)COC=CCNC=C(CCCC)OCC1,-3.59,augment,,,C=CCC1COC=CCNC=C(CCCC)OCCN1
C=C(C)C=CC=CC=CC1C2CCCN2NCCC=NC1CC=C,-4.45,augment,,,C=CCC1N=CCCNN2CCCC2C1C=CC=CC=CC(=C)C
CC=CC(C)=CC=CCC=C(C)CNC1=CC2=CC=C1[NH1]C2CC=C,-4.26,augment,,,C=CCC1Nc2ccc1cc2NCC(C)=CCC=CC=C(C)C=CC
CC(=C(O)C=CC1=CCC=C)N1,-3.65,augment,,,C=CCC=C1C=CC(O)=C(C)N1
C1C=NN=C1C=CCC=C,-3.54,augment,,,C=CCC=CC1=NN=CC1
C1N(C=O)CC1(CCNC=C)CCN=C=CC=CCC=C,-3.27,augment,,,C=CCC=CC=C=NCCC1(CCNC=C)CN(C=O)C1
CNCNCCC=CCSCCCNCCCC(C)CCNC=CC=CCC=C,-0.85,augment,,,C=CCC=CC=CNCCC(C)CCCNCCCSCC=CCCNCNC
C=[C@H1]CC=NC=NN=CC(=O)CCCN,-2.62,augment,,,C=CCC=NC=NN=CC(=O)CCCN
C=C(C)CCC=C,-2.35,augment,,,C=CCCC(=C)C
C=C(CCC=C)C=O,-2.93,augment,,,C=CCCC(=C)C=O
C=C(CCC=C)N(O)C(C1)CC=CNN1C2=CC=C3CCCC=C3C2=N,-4.73,augment,,,C=CCCC(=C)N(O)C1CC=CNN(C2=CC=C3CCCC=C3C2=N)C1
C=C(CCC=C)N(O)CC(=C)C(O)C(C)(C)C=O,-2.02,augment,,,C=CCCC(=C)N(O)CC(=C)C(O)C(C)(C)C=O
CC=CC=C(NCCC=O)CCC=C,-2.45,augment,,,C=CCCC(=CC=CC)NCCC=O
O=C(CCC=C)C1CSC=CN1C=O,-3.17,augment,,,C=CCCC(=O)C1CSC=CN1C=O
CC=NC=C(C1)C=NNN1CCCCNCCCC(=O)CCC=C,-1.95,augment,,,C=CCCC(=O)CCCNCCCCN1CC(=CN=CC)C=NN1
CN(CCSCCC(=O)CCC=C)C=NC(=C)C=C,-2.47,augment,,,C=CCCC(=O)CCSCCN(C)C=NC(=C)C=C
CC(CCC=C)(C=NC(=O)N(C)C)CC,-2.81,augment,,,C=CCCC(C)(C=NC(=O)N(C)C)CC
CC(CCC=C)=NCC=CC=O,-3.21,augment,,,C=CCCC(C)=NCC=CC=O
CC(C)CCC=C,-2.39,augment,,,C=CCCC(C)C
CC(CCC=C)C(F)=CC=CC(C)C=O,-3.5,augment,,,C=CCCC(C)C(F)=CC=CC(C)C=O
CC(CCC=C)C=CC(=O)CCCCC1CCCC1OCC(C)C,-3.09,augment,,,C=CCCC(C)C=CC(=O)CCCCC1CCCC1OCC(C)C
C=CCCC(C)CCC=CC=C=O,-3.77,augment,,,C=CCCC(C)CCC=CC=C=O
CC(CCC=C)CCC=CC=CN=CC=CCCCC=NCC,-3.92,augment,,,C=CCCC(C)CCC=CC=CN=CC=CCCCC=NCC
COC=CC(C=O)C(CC[NH1+1]N)CCC=C,-2.12,augment,,,C=CCCC(CC[NH+]N)C(C=O)C=COC
C=CCCC(NCOC=CC=CCCNC=NC1CN=NCC1[N+1](C)[O-1])CF,-1.71,augment,,,C=CCCC(CF)NCOC=CC=CCCNC=NC1CN=NCC1[N+](C)[O-]
C=CCCC(N)NC(C1)C2C1CNCOCNC=CCC3C=C23,-4.08,augment,,,C=CCCC(N)NC1CC2CNCOCNC=CCC3C=C3C21
CCOC(CCC=C)N(N)C1(C(C)CC12C=O)C=C2C,-3.16,augment,,,C=CCCC(OCC)N(N)C12C=C(C)C1(C=O)CC2C
C=[C@H1]CCC(S)CCC=CC(C=C1C=NN=C1)=NCNN,-4.37,augment,,,C=CCCC(S)CCC=CC(C=C1C=NN=C1)=NCNN
C1C(C1(CCC=C)N)[C@@H1]=CC=CC(=C)C=CNN(C)CCCC,-3.67,augment,,,C=CCCC1(N)CC1C=CC=CC(=C)C=CNN(C)CCCC
C=CCCC12CC=C2NCCCC(=C)C=CC=C1,-4.18,augment,,,C=CCCC12C=CC=CC(=C)CCCNC1=CC2
C12C(CCC=C)(C1=C)PS2=O,-3.5,augment,,,C=CCCC12PS(=O)C1C2=C
CCNC=CC(CNC=NC(=O)CCCCCC1C)=C1CCC=C,-4.27,augment,,,C=CCCC1=C(C=CNCC)CNC=NC(=O)CCCCCC1C
C1=C(CCCCC=2CC=C1SC=2CCC=C)CCC=CCl,-4.13,augment,,,C=CCCC1=C2CC=C(C=C(CCC=CCl)CCCC2)S1
CC(C)[C@H1](C=C1CC2CC=C=C2CCC=C)C=CC1=C,-4.37,augment,,,C=CCCC1=C=CCC1CC1=C[C@@H](C(C)C)C=CC1=C
C1C=CC=C[C@@H1]=C(C=O)CCCC[C@@H1](C)C=CC=CC=C1CCC=C,-5.04,augment,,,C=CCCC1=CC=CC=C[C@H](C)CCCCC(C=O)=CC=CC=CC1
CCN=NC(C=CSCC=O)=C1C=C(CC=C1CCC=C)C,-3.58,augment,,,C=CCCC1=CCC(C)=CC1=C(C=CSCC=O)N=NCC
C1CN=C1CCC=C,-2.84,augment,,,C=CCCC1=NCC1
C1C(CCC=C)C#CCCCC1NCCCCCNC(=O)C,-3.92,augment,,,C=CCCC1C#CCCCC(NCCCCCNC(C)=O)C1
C=CCCC1C(CC=CC(O)C=CC(=NC1NCOC=O)C)=COC2OC2O,-3.7,augment,,,C=CCCC1C(=COC2OC2O)CC=CC(O)C=CC(C)=NC1NCOC=O
C[C@H1]1C#CCC(C)C1CCC=C,-3.39,augment,,,C=CCCC1C(C)CC#C[C@@H]1C
O=C(C[NH1+1]CF)C1=CC1CCC=C,-2.81,augment,,,C=CCCC1C=C1C(=O)C[NH+]CF
CNC=NC=C1C=CC(CCC=C)CC=CC2=C1CSN2CCC,-4.76,augment,,,C=CCCC1C=CC(=CN=CNC)C2=C(C=CC1)N(CCC)SC2
CC=NN1C(C)NCC=C(N(C)C=CCCC=C)CC2C=CC=C2CC1,-4.4,augment,,,C=CCCC=CN(C)C1=CCNC(C)N(N=CC)CCC2=CC=CC2C1
CCCCC=C[C@@H1](C(=O)NNC(O)NC=NCCC=C)C=CCCC=C,-3.6,augment,,,C=CCCC=C[C@@H](C=CCCCC)C(=O)NNC(O)NC=NCCC=C
C=C(CC1C=C)NC=C1CCCNC=NC(C)(C)CC(=O)CCCC=C,-2.93,augment,,,C=CCCCC(=O)CC(C)(C)N=CNCCCC1=CNC(=C)CC1C=C
CC=CC(C)C=NCCCC(=O)CCCC=C,-2.58,augment,,,C=CCCCC(=O)CCCN=CC(C)C=CC
C1C(C)(CCCC=C)C=C1CC2[C@H1](C)N(C)CCC2=C,-4.54,augment,,,C=CCCCC1(C)C=C(CC2C(=C)CCN(C)[C@H]2C)C1
C1[C@@H1](CC[C@H1]1NNCCOC=O)C2C3OC=C2CC=C3CCCC=C,-3.28,augment,,,C=CCCCC1=CCC2=COC1C2[C@@H]1CC[C@@H](NNCCOC=O)C1
CCOC=NCNC(=O)CC1CC=C(F)C1C=CCCCC=C,-3.4,augment,,,C=CCCCC=CC1C(F)=CCC1CC(=O)NCN=COCC
COCCNNCSC=NN(CCCN(C1=CCC)CO)C1CC=CC=CCCCC=C,-2.87,augment,,,C=CCCCC=CC=CCC1C(=CCC)N(CO)CCCN1N=CSCNNCCOC
C=CCCCC=CC=CCCNC(C(C=O)NC=CC)=CC1=CC12CCO2,-3.09,augment,,,C=CCCCC=CC=CCCNC(=CC1=CC12CCO2)C(C=O)NC=CC
CNCOC(=O)C#CNC=CC=CCOCCCC=CCCCC=C,-2.61,augment,,,C=CCCCC=CCCCOCC=CC=CNC#CC(=O)OCNC
C[C@@H1](N)OC=CN=CC1=C(Cl)CC12C=NC2=NC(=O)OC=CCCCC=C,-4.17,augment,,,C=CCCCC=COC(=O)N=C1N=CC12CC(Cl)=C2C=NC=CO[C@@H](C)N
CNC(=O)CCCC(=O)CC(C)=CCCONC(C)CCCCC=C,-1.11,augment,,,C=CCCCCC(C)NOCCC=C(C)CC(=O)CCCC(=O)NC
COC(=O)CC=CC(C)CC1CCCC[C@@H1]1C=CCCCCC=C,-3.32,augment,,,C=CCCCCC=C[C@H]1CCCCC1CC(C)C=CCC(=O)OC
CC(C)CN1C(CN=C1NCCCCCC=C)(OC2)C2C,-3.76,augment,,,C=CCCCCCNC1=NCC2(OCC2C)N1CC(C)C
C1C=CC=CN1C=CC(=C)C=CC=CC2=CC=CC=C2NCCCCC=C,-4.21,augment,,,C=CCCCCNc1ccccc1C=CC=CC(=C)C=CN1C=CC=CC1
C1=CNC1(C=CC2=CNSCC2N)NC3=CC=CC=C3[C@H1](O)CCCCC=C,-3.18,augment,,,C=CCCCC[C@@H](O)c1ccccc1NC1(C=CC2=CNSCC2N)C=CN1
C=CCCCN(NC)CC=O,-2.82,augment,,,C=CCCCN(CC=O)NC
C=CCCCN=CC=CC1=CC=CC=C1C=NC=O,-3.74,augment,,,C=CCCCN=CC=Cc1ccccc1C=NC=O
CC=CSC=CCCCNC(N)C1=CC(NCCCC=C)=N1,-3.33,augment,,,C=CCCCNC1=NC(C(N)NCCCC=CSC=CC)=C1
C=CCCC[C@H1](C1CCNC(O)C(C)C2=C)C=CC=C12,-3.95,augment,,,C=CCCC[C@H]1C=CC=C2C(=C)C(C)C(O)NCCC21
C=CCCCN1N(NCCNC=CC=C=C[N+1])C=C1C(CCC=CC=CC2=C)CC2,-3.72,augment,,,C=CCCCn1c(C2CCC=CC=CC(=C)CC2)cn1NCCNC=CC=C=C[N+]
CCC=CN(CCC=C)CCC=CNC=C(C=C)O,-2.55,augment,,,C=CCCN(C=CCC)CCC=CNC=C(O)C=C
CCCCCC=CC(OC)C=NCN(CCC=C)NC=O,-2.67,augment,,,C=CCCN(CN=CC(C=CCCCCC)OC)NC=O
O=CCNC=CC(=C)CCCOCCCN(CCC=C)F,-1.66,augment,,,C=CCCN(F)CCCOCCCC(=C)C=CNCC=O
CCCC1=CC(C(=O)N1CCC=C)CC=C,-2.96,augment,,,C=CCCN1C(=O)C(CC=C)C=C1CCC
C=CCCN1N(C=NNC1)C=O,-3.27,augment,,,C=CCCN1CNN=CN1C=O
C1OC(=O)N1CCC=C,-3.24,augment,,,C=CCCN1COC1=O
C=NCCC=C,-2.2,augment,,,C=CCCN=C
CCCC1=CC=NC=CC1(CNCCCCN)C=CNCCC=C,-2.42,augment,,,C=CCCNC=CC1(CNCCCCN)C=CN=CC=C1CCC
COC=CC=C(NC(N)CCNC=NNCCC=C)C(C=CN=CC)=NC=COOCO[O-1],-2.35,augment,,,C=CCCNN=CNCCC(N)NC(=CC=COC)C(C=CN=CC)=NC=COOCO[O-]
CCCCC(F)(C(=O)NCC1CCC=CCC=CC1)OC#COCCC=C,-4.22,augment,,,C=CCCOC#COC(F)(CCCC)C(=O)NCC1CC=CCC=CCC1
COC=CC1=CC=NCC=NC=NC=C1NNC(C)C(O)OCCC=C,-3.59,augment,,,C=CCCOC(O)C(C)NNC1=CN=CN=CCN=CC=C1C=COC
CCNN=CC(=O)C1CC=NC1OCCC=C,-3.17,augment,,,C=CCCOC1N=CCC1C(=O)C=NNCC
C=CCC[C@@H1](NC(=O)CCCCN(C)CCNCC)NC1=NC12OC(C)C=C2,-1.76,augment,,,C=CCC[C@@H](NC(=O)CCCCN(C)CCNCC)NC1=NC12C=CC(C)O2
C1[C@H1](CCC=C)C=C1C(CO)C=O,-3.72,augment,,,C=CCC[C@@H]1C=C(C(C=O)CO)C1
CCCCC(=O)[C@@H1](CCCC=O)CCC=C,-2.67,augment,,,C=CCC[C@H](CCCC=O)C(=O)CCCC
C1C(C=O)[C@H1]1CCC=C,-3.27,augment,,,C=CCC[C@H]1CC1C=O
CC[NH2+1]C=CCCC1C[C@@H1](N)[NH2+1][C@@H1]1CCC=C,-3.98,augment,,,C=CCC[C@H]1[NH2+][C@H](N)CC1CCC=C[NH2+]CC
C[NH1+1](CCC=C)C=CC(C)C1C=CCN1SCNC=NN(C)CCF,-2.37,augment,,,C=CCC[NH+](C)C=CC(C)C1C=CCN1SCNC=NN(C)CCF
COC=C1N2C(O)C=C1N2C(=O)CCCCCON(C)CC=C,-2.05,augment,,,C=CCN(C)OCCCCCC(=O)n1c2c(=COC)n1C(O)C=2
COC(C(=O)N(C)N(CC=CC)CC=C)NCF,-2.32,augment,,,C=CCN(CC=CC)N(C)C(=O)C(NCF)OC
C=CCN(CCC(C)N=C=NNC=CC=CC=CC=CCCC1C=C1)OO,-4.59,augment,,,C=CCN(CCC(C)N=C=NNC=CC=CC=CC=CCCC1C=C1)OO
COC(C=CC=CCC(=C)N(CC=C)C1=CC=CN=C1SC2C)C=CC=C2,-4.52,augment,,,C=CCN1C(=C)CC=CC=CC(OC)C=CC=CC(C)Sc2ncccc21
C=CCN1N(CCCCCC[C@@H1](C)C)C=CN=C=CC2C=C2OC1C,-3.49,augment,,,C=CCN1C(C)OC2=CC2C=C=NC=CN1CCCCCCC(C)C
C=CCN(CC=CC1)OCNC=C1C(=O)CCCCCCCCC,-3.55,augment,,,C=CCN1CC=CCC(C(=O)CCCCCCCCC)=CNCO1
O=C(CC=C=CC(=O)NN(C)CCCC1)CC=CON1CC=C,-4.51,augment,,,C=CCN1CCCCN(C)NC(=O)C=C=CCC(=O)CC=CO1
C=CCN1CNC=CC=NNNN2CCC=C(C3=C(C)C[NH1]3)N12,-4.31,augment,,,C=CCN1CNC=CC=NNNN2CCC=C(C3=C(C)CN3)N12
C=CCN(C1)C[NH1]C2=CC=CN=C12,-4.35,augment,,,C=CCN1CNc2cccnc2C1
CCOC=C(NC=CC(C)C(=O)NCC=C)C=CC1CC1=N,-3.93,augment,,,C=CCNC(=O)C(C)C=CNC(C=CC1CC1=N)=COCC
C=CCNC(=O)C1C=CC=CC1CC,-3.69,augment,,,C=CCNC(=O)C1C=CC=CC1CC
CC(NCC=C)C=CC[NH3+1],-3.77,augment,,,C=CCNC(C)C=CC[NH3+]
C=CCNC(C)CC=CN=CNNC1=CC=NC(C)(F)COC=CC=C1,-4.65,augment,,,C=CCNC(C)CC=CN=CNNC1=CC=NC(C)(F)COC=CC=C1
C=CCNC(N)=CCC=CC=O,-3.62,augment,,,C=CCNC(N)=CCC=CC=O
C=CCNCN=CS/C=NN(C1)C=C(C=CCOC1C2C)C=CC=C2O,-4.77,augment,,,C=CCNCN=CSC=NN1C=C2C=CC=C(O)C(C)C(C1)OCC=C2
C=CCNCNCCN1C=CC=C1C=NC(Cl)C=NC=O,-1.45,augment,,,C=CCNCNCCn1cccc1C=NC(Cl)C=NC=O
C=CCNCOC=CCC=CC=CC(C)CC,-3.28,augment,,,C=CCNCOC=CCC=CC=CC(C)CC
C=CCNCOCNC[O-1],-2.03,augment,,,C=CCNCOCNC[O-]
C=CCNN(CC=CC=CNCCNCCC(C)ON)NC1=CC=CC=C1,-2.92,augment,,,C=CCNN(CC=CC=CNCCNCCC(C)ON)Nc1ccccc1
C=CCNNC=CC=CCC=CN=CSC(C(=O)C(C)CC=NC[C@@H1](CCC1)N)C#C1,-5.67,augment,,,C=CCNNC=CC=CCC=CN=CSC1C#CCCC[C@@H](N)CN=CCC(C)C1=O
NC=NC(C)CCC(C)CCNC(C)=CC=CNSCCNNCC=C,-1.71,augment,,,C=CCNNCCSNC=CC=C(C)NCCC(C)CCC(C)N=CN
C=CCN[C@H1](NC(=O)CNC1=NNCCC=CCN)C=CC=CN1,-4.58,augment,,,C=CCN[C@H]1C=CC=CNC(=NNCCC=CCN)NCC(=O)N1
C=[C@H1]CN[NH1+1](O)NC(=O)CC1CCC=CCCCOC1(C)CC,-3.55,augment,,,C=CCN[NH+](O)NC(=O)CC1CCC=CCCCOC1(C)CC
C=CCOC(C)[NH1+1]CCC[C@@H1](C)CC(Cl)=CNC(C)=CC=CC,-3.39,augment,,,C=CCOC(C)[NH+]CCC[C@@H](C)CC(Cl)=CNC(C)=CC=CC
CCNC(CCCC1OCC=C)(C)N(CC=NC=O)S1,-3.6,augment,,,C=CCOC1CCCC(C)(NCC)N(CC=NC=O)S1
C=CCOC=CC=CN=C1C(=O)CC1(C=O)OC,-3.13,augment,,,C=CCOC=CC=CN=C1C(=O)CC1(C=O)OC
CCC1CC(N)=CC=C1C(=O)C=CC=NC=COCC=C,-3.88,augment,,,C=CCOC=CN=CC=CC(=O)C1=CC=C(N)CC1CC
C=CCOCC(=C)C#CCC(OC)CCCCCC=[C@@H1]NC=CN=NC,-2.89,augment,,,C=CCOCC(=C)C#CCC(CCCCCC=CNC=CN=NC)OC
CO[C@H1]=[C@@H1]C(=O)N(CN)[C@H1](C)CCC(=C)CCOCC=C,-1.76,augment,,,C=CCOCCC(=C)CC[C@@H](C)N(CN)C(=O)C=COC
CCOC=CC(=O)C(C)OC=CN(CCC=CC=CN)OCC=C,-2.23,augment,,,C=CCON(C=COC(C)C(=O)C=COCC)CCC=CC=CN
C=CCSC=NC[C@@H1](C1=C(Cl)CC=C1F)C=CC2CC2,-3.62,augment,,,C=CCSC=NC[C@H](C=CC1CC1)C1=C(Cl)CC=C1F
C=CC[C@@H1](C)C=CC=CC=C1C=C1OCC=O,-3.77,augment,,,C=CC[C@@H](C)C=CC=CC=C1C=C1OCC=O
CC=CC=CCN=CC(=O)NC(C)CCC(=O)C[C@H1](C)CC=C,-2.5,augment,,,C=CC[C@@H](C)CC(=O)CCC(C)NC(=O)C=NCC=CC=CC
C=CC[C@@H1](C)CC=O,-2.96,augment,,,C=CC[C@@H](C)CC=O
C=CC[C@@H1](C)NC(S(C)=NC1=O)C=CC1C=NC=CC(=O)N,-4.05,augment,,,C=CC[C@@H](C)NC1C=CC(C=NC=CC(N)=O)C(=O)N=S1C
C1CNC=C1C[C@H1](CC)CC=C,-2.97,augment,,,C=CC[C@@H](CC)CC1=CNCC1
C=CC[C@H1](C)OC=O,-2.58,augment,,,C=CC[C@H](C)OC=O
CC[C@@H1](CC=C)CSC=CNCCNC1=CC=CC=N1,-2.6,augment,,,C=CC[C@H](CC)CSC=CNCCNc1ccccn1
COC1=CC2=CC1CCCCCO[C@@H1](CC=C)C2,-3.84,augment,,,C=CC[C@H]1CC2=CC(CCCCCO1)C(OC)=C2
C=CC[C@@H1](C1)[NH1+1]1CC[NH2+1]C2(C)[C@H1](F)C=C2,-3.34,augment,,,C=CC[C@H]1C[NH+]1CC[NH2+]C1(C)C=C[C@H]1F
C[C@H1](CCCN(C)CC(Cl)C(C)=CO1)[C@H1]1CC=C,-4.08,augment,,,C=CC[C@H]1OC=C(C)C(Cl)CN(C)CCC[C@H]1C
CC(C)C1=C(C=CC=N1)CC=C,-3.28,augment,,,C=CCc1cccnc1C(C)C
CC(=O)NC(=O)C(=O)C=[C@H1]C(N(C)C=C)CCC,-3.94,augment,,,C=CN(C)C(C=CC(=O)C(=O)NC(C)=O)CCC
C1C(C2CCCN1CC3C(C)CN=C3N(C)C=C)CC2C,-4.84,augment,,,C=CN(C)C1=NCC(C)C1CN1CCCC2C(C)CC2C1
CCN(C=C)/C=CC=CCC1C(N)C=C2N(C)C(C)C2C1=O,-4.19,augment,,,C=CN(C=CC=CCC1C(=O)C2C(=CC1N)N(C)C2C)CC
CCOC(=N)N(C=CCCC=CC1=CC=CCC#C1)C=C,-4.06,augment,,,C=CN(C=CCCC=CC1=CC=CCC#C1)C(=N)OCC
O=CNN(C=CSCC1CNCC=C1C2=CC=CC=C2C)C=C,-3.98,augment,,,C=CN(C=CSCC1CNCC=C1c1ccccc1C)NC=O
CCN(C=C)N=CCC=CC,-3.04,augment,,,C=CN(CC)N=CCC=CC
N#CNN=C=C(C(=O)NCNN(C(N)C=CC=CCF)C=C)N=CC=CN,-2.28,augment,,,C=CN(NCNC(=O)C(=C=NNC#N)N=CC=CN)C(N)C=CC=CCF
CC=CC=C(C=CC=O)OCC(C)SC1N(C2=CC=C1CC2=O)C=C,-3.84,augment,,,C=CN1C2=CC=C(CC2=O)C1SC(C)COC(C=CC=O)=CC=CC
O=C(NC=C(C)CCCC=C1F)CC=CN1C=C,-4.66,augment,,,C=CN1C=CCC(=O)NC=C(C)CCCC=C1F
C1C[NH1+1]C=CN(CCC=NC(N)C=CC=C1)C=C,-4.43,augment,,,C=CN1C=C[NH+]CCC=CC=CC(N)N=CCC1
C=C(NC=CNCCCC1=S=NN(CC1C)C=C)CC,-3.27,augment,,,C=CN1CC(C)C(CCCNC=CNC(=C)CC)=S=N1
C12CC=C3C=C=C1CCC2CN(C=C)C3,-4.09,augment,,,C=CN1CC2=CCC3C(=C=C2)CCC3C1
CC=C1C=C(OCC2NC2C3NC=CCN3C=C)C1Cl,-3.95,augment,,,C=CN1CC=CNC1C1NC1COC1=CC(=CC)C1Cl
CC=NC=CSC=CCCCCCC=CC(=NC=C)C=CC=CN=O,-3.75,augment,,,C=CN=C(C=CC=CN=O)C=CCCCCCC=CSC=CN=CC
CCC(C)(C)CC(C)N=CC(C1=CC=CC2=C1C2)=NC=C,-4.0,augment,,,C=CN=C(C=NC(C)CC(C)(C)CC)c1cccc2c1C2
CCC1CC=CC=CN=CCC(CNC2=NC=C)C=C2N(C=O)C1C=C,-4.26,augment,,,C=CN=C1NCC2C=C1N(C=O)C(C=C)C(CC)CC=CC=CN=CC2
CC[NH1+1]CC=CNNCCC[NH1+1]C1CCCCC(C=NC=C)(CC1CO)C=CCC,-2.9,augment,,,C=CN=CC1(C=CCC)CCCCC([NH+]CCCNNC=CC[NH+]CC)C(CO)C1
C1CC=C1C=NC=C,-3.09,augment,,,C=CN=CC1=CCC1
C=CN=CC=C(CC)CCC=CNSC=NC1CC=CC=C1,-3.82,augment,,,C=CN=CC=C(CC)CCC=CNSC=NC1C=CC=CC1
CCCONC=CC=C1/C=C1[NH2+1]NC(=O)NC=CC=CC=NC=C,-4.28,augment,,,C=CN=CC=CC=CNC(=O)N[NH2+]C1=CC1=CC=CNOCCC
C=CN=CCC1C=CC=C1CNNCCNCCCC([NH1]C2=CC)=CC=C2N=O,-2.43,augment,,,C=CN=CCC1C=CC=C1CNNCCNCCCC1=CC=C(N=O)C(=CC)N1
O=CCC(C(=O)NC=NC=C)C=CC(C)=CC=CF,-3.16,augment,,,C=CN=CNC(=O)C(C=CC(C)=CC=CF)CC=O
C=CN=CNCCCCCC1=[NH1+1]C1CCl,-2.55,augment,,,C=CN=CNCCCCCC1=[NH+]C1CCl
C1=CC1CC2=CC=CN=C2C(=O)NCC=C[NH1]C=NN=NC=C,-4.68,augment,,,C=CN=NN=CNC=CCNC(=O)c1ncccc1CC1C=C1
C=C[NH1]C(C)C=C(SCC=CC)C,-3.02,augment,,,C=CNC(C)C=C(C)SCC=CC
C[C@@H1](CC[C@@H1](C)C=CC=CC=CC=NN=CN)NNCCC=CC(C)NC=C,-3.61,augment,,,C=CNC(C)C=CCCNN[C@@H](C)CC[C@@H](C)C=CC=CC=CC=NN=CN
C=CNC(COC(=O)CC)C(F)CCCOC1=CC1=S,-1.04,augment,,,C=CNC(COC(=O)CC)C(F)CCCOc1cc1=S
C=CNC1(C)CCCCCC(C)NC1C#N,-3.13,augment,,,C=CNC1(C)CCCCCC(C)NC1C#N
CC1CC1(COC=O)NC=C,-2.85,augment,,,C=CNC1(COC=O)CC1C
C1=C(C)CCNCCCC=CC2(C)CCNC=CN=NCSC21NC=C,-4.77,augment,,,C=CNC12C=C(C)CCNCCCC=CC1(C)CCNC=CN=NCS2
C1C=NN=C1/C=CC=C2N(C=CC=CCCCC=C=C2NC=C)N=CN=CC,-5.21,augment,,,C=CNC1=C=CCCCC=CC=CN(N=CN=CC)C1=CC=CC1=NN=CC1
O=C=[C@@H1]CNCSN(C1C2NC=C)C1N2C=O,-2.93,augment,,,C=CNC1C2C(N1C=O)N2SCNCC=C=O
CC=CC=CC=C(C(=O)CC=CCC1[NH1]C=C)CC1N=O,-4.0,augment,,,C=CNC1CC=CCC(=O)C(=CC=CC=CC)CC1N=O
C1OC(=O)CSCCC1(C=C[NH1]C=C)OC,-3.79,augment,,,C=CNC=CC1(OC)CCSCC(=O)OC1
C1[C@@H1]2C[C@H1](CCC=C2CCNCCC=C[NH1]C=C)C=C1CC,-4.06,augment,,,C=CNC=CCCNCCC1=CCC[C@@H]2C=C(CC)C[C@@H]1C2
C=[C@H1]NC=O,-2.74,augment,,,C=CNC=O
CCC(C)C=C(CNC=C)C(=C)C=CC=CC=C[NH1][NH1+1]CC,-3.84,augment,,,C=CNCC(=CC(C)CC)C(=C)C=CC=CC=CN[NH+]CC
C=C(SCC=C(CNC=C)C(C)OC)C=CCCF,-2.37,augment,,,C=CNCC(=CCSC(=C)C=CCCF)C(C)OC
CCC=NC[NH1+1](C)CC(C)C(C)C=CC=CCNC=C,-3.62,augment,,,C=CNCC=CC=CC(C)C(C)C[NH+](C)CN=CCC
O=C(C=NC=CNNC(C)CCNC=C)N=CN=CC1CCC=CC=C1CCOC,-3.43,augment,,,C=CNCCC(C)NNC=CN=CC(=O)N=CN=CC1CCC=CC=C1CCOC
CNC=CCCCC=CC=COC(CCNC=C)C=CC=CCl,-3.27,augment,,,C=CNCCC(C=CC=CCl)OC=CC=CCCCC=CNC
CC1CCC(C=C1N=CCCCNC=C)N(C)C=C=O,-3.5,augment,,,C=CNCCCC=NC1=CC(N(C)C=C=O)CCC1C
C=CNCCC[NH1+1]C(C)CCCOC1=CC1C,-1.35,augment,,,C=CNCCC[NH+]C(C)CCCOC1=CC1C
C=CC1=CCCC=C1NCCNC=C,-3.55,augment,,,C=CNCCNC1=CCCC=C1C=C
O=C(C)[C@@H1](C)N(CNC=C)C=O,-3.19,augment,,,C=CNCN(C=O)[C@H](C)C(C)=O
CC=CC=C(N(CNC=C)C1=CC(/N=CC2=C/C3=N)C=CC3C=C1)C2=O,-4.28,augment,,,C=CNCN1C2=CC3C=CC(C=C2)C(=N)C=C(C=N3)C(=O)C1=CC=CC
CC=NC1C=CC=CCCCNCN(CNC=C)C(C=CC=CC)C1,-4.61,augment,,,C=CNCN1CNCCCC=CC=CC(N=CC)CC1C=CC=CC
O=C(NCNC=C)CC=CC=CC=C[O-1],-4.04,augment,,,C=CNCNC(=O)CC=CC=CC=C[O-]
C=CNCSC=NNC=CCCCC=O,-3.2,augment,,,C=CNCSC=NNC=CCCCC=O
C=[C@@H1]NCSCCNC=CC=CC=CF,-2.66,augment,,,C=CNCSCCNC=CC=CC=CF
CCNCCC(=O)C(C1=CC(=O)N(C)NC=C)N(OC)C1O,-2.51,augment,,,C=CNN(C)C(=O)C=C1C(O)N(OC)C1C(=O)CCNCC
CCC=CN(NC=C)C=CC(=O)NC(=O)NC1=NC=CNC1=CC2COO2,-4.43,augment,,,C=CNN(C=CCC)C=CC(=O)NC(=O)NC1=NC=CNC1=CC1COO1
COC=CCC(CCC1CN1NC=C)C=CC=CC,-2.97,augment,,,C=CNN1CC1CCC(C=CC=CC)CC=COC
COC=CC1=C(C(=O)N=CCSNC=C)C=C[NH1]1,-3.53,augment,,,C=CNSCC=NC(=O)c1cc[nH]c1C=COC
COC=C,-1.83,augment,,,C=COC
COC=CN(C)C(=O)CCC=CCC=NC=NC(=O)OC=C,-2.97,augment,,,C=COC(=O)N=CN=CCC=CCCC(=O)N(C)C=COC
C=COC(C)(C)C(=C)N=CC=CC=CC=CC=CC1=CC=CC=C1O,-4.16,augment,,,C=COC(C)(C)C(=C)N=CC=CC=CC=CC=Cc1ccccc1O
CCSCOCCNC=C=NNC(C(C)C=CN=NC(C)(C)OC=C)C,-1.27,augment,,,C=COC(C)(C)N=NC=CC(C)C(C)NN=C=CNCCOCSCC
O=C(C)C=CC=CNC(OC=C)C=CC(OC1)CN=CC=C1O,-3.72,augment,,,C=COC(C=CC1CN=CC=C(O)CO1)NC=CC=CC(C)=O
CC=CCC(C1OC=C)N1CC(=CN[C@@H1](C)C=O)N,-2.48,augment,,,C=COC1C(CC=CC)N1CC(N)=CN[C@@H](C)C=O
C=COC=CC=CC#CCC=CC(C)(O)NC=NN(C)CC1=CC1O,-3.4,augment,,,C=COC=CC=CC#CCC=CC(C)(O)NC=NN(C)CC1=CC1O
C=COC=CC=C/C=CC=C(CCC12C=C1OO2)C=CCCC=O,-4.21,augment,,,C=COC=CC=CC=CC=C(C=CCCC=O)CCC12C=C1OO2
C=COC=CCN[C@@H1]=CCCNC1CCCCOC=CC=C[NH1]C=C1C,-3.85,augment,,,C=COC=CCNC=CCCNC1CCCCOC=CC=CNC=C1C
C=COC=CN=CC=CC(O)CC=CC(N)C=CCCCC=CC1=CC=CC=N1,-4.06,augment,,,C=COC=CN=CC=CC(O)CC=CC(N)C=CCCCC=Cc1ccccn1
C=COC=CNC=C1N(C=O)CC1N=C(C2CC(C)CC=C2)F,-4.35,augment,,,C=COC=CNC=C1C(N=C(F)C2C=CCC(C)C2)CN1C=O
C=COC=O,-2.1,augment,,,C=COC=O
CCOC=C,-1.98,augment,,,C=COCC
CC=CCCCC#CCOC=C,-2.29,augment,,,C=COCC#CCCCC=CC
C[C@]1(C)[C@@H1](C)NCOC(O)CC1C(=O)COC=C,-3.78,augment,,,C=COCC(=O)C1CC(O)OCN[C@H](C)C1(C)C
C=C(C)NNC=CC=C(C)CC(COC=C)C=C[C@@H1](C)CC=CC,-3.39,augment,,,C=COCC(C=C[C@@H](C)CC=CC)CC(C)=CC=CNNC(=C)C
COC=C[C@H1](C)CCCC#CNCC(CC)COC=C,-2.13,augment,,,C=COCC(CC)CNC#CCCC[C@@H](C)C=COC
CC[NH1+1]CCC(C1=CCCCN1C=O)COC=C,-2.75,augment,,,C=COCC(CC[NH+]CC)C1=CCCCN1C=O
C12C=CC(CC3C=C3C=CCC4=C)C=C1CC24COC=C,-4.45,augment,,,C=COCC12CC3=CC(C=CC31)CC1C=C1C=CCC2=C
CCCCC=CCOC=C,-2.35,augment,,,C=COCC=CCCCC
COC=CCOC=C,-2.46,augment,,,C=COCC=COC
CCC(=C)NCCC(C[NH2+1])C[NH1+1](C1)CC(O)CC1CCOC=C,-2.87,augment,,,C=COCCC1CC(O)C[NH+](CC(C[NH2+])CCNC(=C)CC)C1
N#CC=CCCNC(=O)COCN=[C@@H1]CCOC=C,-1.85,augment,,,C=COCCC=NCOCC(=O)NCCC=CC#N
CC(C)[NH1+1]CCN(O)C[NH2+1]CCCCOC=C,-0.76,augment,,,C=COCCCC[NH2+]CN(O)CC[NH+]C(C)C
C=[C@@H1]OCCNNCC(CCC)=CC=CNC[O-1],-3.57,augment,,,C=COCCNNCC(=CC=CNC[O-])CCC
CCCC(C)[NH1+1](CCOC=C)CC1CCC(NC)=C1C=CC,-3.05,augment,,,C=COCC[NH+](CC1CCC(NC)=C1C=CC)C(C)CCC
CN(COC=C)C=O,-2.58,augment,,,C=COCN(C)C=O
C=C(NCNCOC=C)COC=O,-1.56,augment,,,C=COCNCNC(=C)COC=O
C=COC[C@H1](C)NCC1=C(S)CC1CF,-1.74,augment,,,C=COC[C@H](C)NCC1=C(S)CC1CF
CC(N)CCCCC1CC1CCC=CC(C)CCCOOC=C,-1.91,augment,,,C=COOCCCC(C)C=CCCC1CC1CCCCC(C)N
C1[C@@H1](O)C=C2C(S21C=C)C(Cl)[O-1],-3.44,augment,,,C=CS12C[C@@H](O)C=C1C2C([O-])Cl
C[NH1+1](C)CCNC=CC=C(SC=C)C=CC=CC=CC(F)C\C=CCC(C)F,-4.03,augment,,,C=CSC(C=CC=CC=CC(F)CC=CCC(C)F)=CC=CNCC[NH+](C)C
C=CSC1CCCC=CC=CCCCCC1F,-3.97,augment,,,C=CSC1CCCC=CC=CCCCCC1F
C=C(C(=C)C=CC=CSC=C)C=C=O,-4.44,augment,,,C=CSC=CC=CC(=C)C(=C)C=C=O
C[C@@H1](O)C=CCOCC(=O)CCOC=CCCSC=C,-3.44,augment,,,C=CSCCC=COCCC(=O)COCC=C[C@@H](C)O
C=C[C@H1](CCO)C=O,-2.96,augment,,,C=C[C@@H](C=O)CCO
C=C[C@@H1](CC=CCC=CCO)C/C=C1CCSC=C1,-3.95,augment,,,C=C[C@@H](CC=CCC=CCO)CC=C1C=CSCC1
C=C[C@@H1](CCC=CCC)C(C(C)(C)C=CC)(O)C=CC=CCCCCC,-3.19,augment,,,C=C[C@@H](CCC=CCC)C(O)(C=CC=CCCCCC)C(C)(C)C=CC
CC=CC=CC(=C1)[C@H1]1C2CCN(S)C2C3=CC=CC=C3C=C,-4.34,augment,,,C=Cc1ccccc1C1C([C@H]2C=C2C=CC=CC)CCN1S
CN=C,-1.71,augment,,,C=NC
C1NC=CC1CCCCC[C@@H1](C)NCC#CN=C,-3.08,augment,,,C=NC#CCN[C@H](C)CCCCCC1C=CNC1
C1CCCSC(C2=C[C@H1]2CC(=O)N=C)C=CC=CC=CC=C(Cl)C1=O,-5.53,augment,,,C=NC(=O)C[C@@H]1C=C1C1C=CC=CC=CC=C(Cl)C(=O)CCCCS1
C=C(C)C[NH1+1]CCC(C)N=C,-1.85,augment,,,C=NC(C)CC[NH+]CC(=C)C
O=C(NC(F)N=C)O[C@@H1](C)CC1=CN=CCN=CCCC1F,-3.95,augment,,,C=NC(F)NC(=O)O[C@@H](C)CC1=CN=CCN=CCCC1F
CC=NN(NCC(N)N=C)COCC(C)(O)O,-0.27,augment,,,C=NC(N)CNN(COCC(C)(O)O)N=CC
CCC1=C(CC2(C)N1C=O)C2C=CCCC3CC3N=C,-4.22,augment,,,C=NC1CC1CCC=CC1C2=C(CC)N(C=O)C1(C)C2
CSCCCCC1=CC=CC(=O)C=CCCC1N=C,-3.63,augment,,,C=NC1CCC=CC(=O)C=CC=C1CCCCSC
O=[N+1]([O-1])C=CC=CC([NH1+1])CCCN=C(O)COC=C(F)C=CN=C,-4.08,augment,,,C=NC=CC(F)=COCC(O)=NCCCC([NH+])C=CC=C[N+](=O)[O-]
O=CNNCCCCC(F)C=CN=C,-2.83,augment,,,C=NC=CC(F)CCCCNNC=O
N#CC=C=CC=C/C(=O)PC(C1)=C1C=CC=CN=C,-4.13,augment,,,C=NC=CC=CC1=C(PC(=O)C=CC=C=CC#N)C1
CC(C)=[C@H1]SNC(C)NC=CCC=CC=CN=C,-3.23,augment,,,C=NC=CC=CCC=CNC(C)NSC=C(C)C
C=C(C(=O)CCC=NC=CC=CN=C)Cl,-3.93,augment,,,C=NC=CC=CN=CCCC(=O)C(=C)Cl
C1CC(CC=O)NCC(C(NC)=CN=CN=C)CC2CC=NN=C2CCN1,-4.62,augment,,,C=NC=NC=C(NC)C1CNC(CC=O)CCNCCC2=NN=CCC2C1
CCC=C(C=CC=CC)CCSCC(=O)CCNC=CCC(O)CC=CN=CN=C,-3.99,augment,,,C=NC=NC=CCC(O)CC=CNCCC(=O)CSCCC(C=CC=CC)=CCC
CC(CN=C)C=CC=CNNCOCCC1C=CCO1,-3.09,augment,,,C=NCC(C)C=CC=CNNCOCCC1C=CCO1
NC(=C)C(CCC(N)CCCC1)=NN(C)C2=C1C2CN=C,-3.72,augment,,,C=NCC1C2=C1N(C)N=C(C(=C)N)CCC(N)CCCC2
CC[C@@H1](CC)CNN(F)C=CC=CC=CCC=CCN=C,-3.41,augment,,,C=NCC=CCC=CC=CC=CN(F)NCC(CC)CC
O=C(CCN=C)C,-2.72,augment,,,C=NCCC(C)=O
C=C(CCCN=C)C=C(NCCC(C)CC=CCC=CC=CC1=CN1)N,-3.25,augment,,,C=NCCCC(=C)C=C(N)NCCC(C)CC=CCC=CC=CC1=CN1
O=C=C=NC=CCN=CC=CCCCN=C,-3.24,augment,,,C=NCCCC=CC=NCC=CN=C=C=O
CN(CSCCCC(=O)CN=CCCCN=C)NC=CN=O,-2.38,augment,,,C=NCCCC=NCC(=O)CCCSCN(C)NC=CN=O
CC(=O)OCCC1NC1C(C)CCC=CCSC=CNCCCCN=C,-2.01,augment,,,C=NCCCCNC=CSCC=CCCC(C)C1NC1CCOC(C)=O
C=NCCOCC,-2.03,augment,,,C=NCCOCC
C=NN,-1.86,augment,,,C=NN
C=NN(O)C=CC=O,-2.93,augment,,,C=NN(O)C=CC=O
C[NH1+1](C=CCCCC(CC1)[C@@H1](C)C=C1S)CCONCC2CC2=NN=C,-1.75,augment,,,C=NN=C1CC1CNOCC[NH+](C)C=CCCCC1CCC(S)=C[C@@H]1C
CC(C)C(C)CCCN=COCCC1CN=CC1CNN=C,-1.86,augment,,,C=NNCC1C=NCC1CCOC=NCCCC(C)C(C)C
CC(C)(CNCC)CCCC1CCC(C)=C1COCON=C,-2.65,augment,,,C=NOCOCC1=C(C)CCC1CCCC(C)(C)CNCC
C1CC2[C@H1]=NN1C=C3C(C)(C)C=C3C2NNC4CC4NON=C,-4.1,augment,,,C=NONC1CC1NNC1C2=CC(C)(C)C2=CN2CCC1C=N2
O=C,-1.84,augment,,,C=O
O=CCC(C=C/C=NC=CS(=C)NN=CC=C[NH1])OCC,-3.36,augment,,,C=S(C=CN=CC=CC(CC=O)OCC)NN=CC=C[NH]
C=1C2=CC=C(CN2NC=NN=S=C)N=1,-3.56,augment,,,C=S=NN=CNN1Cc2ccc1cn2
NC(=O)CCNCCC=CC1=CS(O)(C)CC=C([N+1](=C)C)CC2=C1C=CC#C2,-5.31,augment,,,C=[N+](C)C1=CCS(C)(O)C=C(C=CCCNCCC(N)=O)c2ccc#cc2C1
C=[N+1](C)C=CC1(C=O)ON(ON)CCC2=C=C2S1,-3.2,augment,,,C=[N+](C)C=CC1(C=O)ON(ON)CCC2=C=C2S1
C=[NH1+1]CN1CC=CCC1,-3.34,augment,,,C=[NH+]CN1CC=CCC1
C=[NH2+1],-1.45,augment,,,C=[NH2+]
O=C(C=CC1=C2C=CC=C1C2=C)CCl,-4.56,augment,,,C=c1c2cccc1c2C=CC(=O)CCl
CCC1CC=CN(C(=O)C=C2C=C3C=CC2=C)C3=NN1C,-4.31,augment,,,C=c1ccc2cc1=CC(=O)N1C=CCC(CC)N(C)N=C21
CC=CC#CC,-2.34,augment,,,CC#CC=CC
CC=NN(CCCC)CC=CC=CC=CN(CC)CCC=CC#CC,-3.2,augment,,,CC#CC=CCCN(C=CC=CC=CCN(CCCC)N=CC)CC
CNC(=O)[NH1]C(C)CCCCCN(N)CC=CC#CC,-2.42,augment,,,CC#CC=CCN(N)CCCCCC(C)NC(=O)NC
C1C=NC=C1C=C/NCNC=NCC=CC#CC,-3.97,augment,,,CC#CC=CCN=CNCNC=CC1=CN=CC1
CC(CCC=O)NC=CC#CC,-3.36,augment,,,CC#CC=CNC(C)CCC=O
COC(=O)ONC(=O)CCN(C)C1CC=CC=C1NC=CC#CC,-2.57,augment,,,CC#CC=CNC1=CC=CCC1N(C)CCC(=O)NOC(=O)OC
CC#CC=O,-2.64,augment,,,CC#CC=O
CCCNC(C=C1CCCC1)CC#CC,-3.08,augment,,,CC#CCC(C=C1CCCC1)NCCC
CCC(O)C=CN(C=NC=CC)O[C@@H1](C1)[C@H1]1CC#CC,-3.72,augment,,,CC#CC[C@H]1C[C@@H]1ON(C=CC(O)CC)C=NC=CC
O=CC=CC(C=CC=CC)=CCCC(C)C(O)[NH1]C#CC,-3.62,augment,,,CC#CNC(O)C(C)CCC=C(C=CC=O)C=CC=CC
C[C@@H1](NC(C)C(CO)OC#CC)C(C)C#CCCC=O,-1.42,augment,,,CC#COC(CO)C(C)N[C@H](C)C(C)C#CCCC=O
CCOC(C)CC(C1)=C(C)COC1C=NC[C@@H1](C)C#CC,-2.73,augment,,,CC#C[C@H](C)CN=CC1CC(CC(C)OCC)=C(C)CO1
C1COC(O)NC=C=CNCC1C=C=C(C=CC[N+1]=O)C,-4.92,augment,,,CC(=C=CC1CCOC(O)NC=C=CNC1)C=CC[N+]=O
CC(C=O)=C=CSCCC=O,-3.42,augment,,,CC(=C=CSCCC=O)C=O
O=C=CC=CC=NC#CCNC(=O)C=C(C)C1(C)C=CO1,-4.82,augment,,,CC(=CC(=O)NCC#CN=CC=CC=C=O)C1(C)C=CO1
O=C[C@@H1](CC=NC(C)=CC1=CC(=N)C1Cl)CCN=C=CC=CNCCC2C=C2,-4.19,augment,,,CC(=CC1=CC(=N)C1Cl)N=CC[C@H](C=O)CCN=C=CC=CNCCC1C=C1
C1COC=CC=C1C(=O)C(C)=CC=C(C2CF)C=N2,-3.92,augment,,,CC(=CC=C1C=NC1CF)C(=O)C1=CC=COCC1
CC(N)C=CC=C(C)NC(=O)NCCN1NCNCCCCCC1C,-5.03,augment,,,CC(=CC=CC(C)N)NC(=O)NCCN1NCNCCCCCC1C
CC(C)CCC=CCNC(C)N1CC1C=CC=C(C)OCCN,-3.71,augment,,,CC(=CC=CC1CN1C(C)NCC=CCCC(C)C)OCCN
C[C@@H1](NCCC=NC=C=CCF)CCNC=NC(C)=CC=CC=C=O,-2.7,augment,,,CC(=CC=CC=C=O)N=CNCC[C@@H](C)NCCC=NC=C=CCF
C1C[C@@H1]1SCNC=CCCC=CC=C(C)N=O,-4.3,augment,,,CC(=CC=CCCC=CNCSC1CC1)N=O
C1[NH1+1]OCNN1C=CC=C(C)NC=O,-4.02,augment,,,CC(=CC=CN1C[NH+]OCN1)NC=O
O=CNC=NC=CC=C(C)COCF,-3.17,augment,,,CC(=CC=CN=CNC=O)COCF
C1COC=NCN=C1C(C)=CC=NN2CCNCC2,-3.85,augment,,,CC(=CC=NN1CCNCC1)C1=NCN=COCC1
CC(O)CCCC(C)=CC=O,-3.67,augment,,,CC(=CC=O)CCCC(C)O
CC(C=CC=CC=C/C=NOC[O-1])CC=C(C)CO,-4.07,augment,,,CC(=CCC(C)C=CC=CC=CC=NOC[O-])CO
O=CCCCC=C(C)CC1=CC=CC=NC1C=CCCOC=C2C=C2C,-4.54,augment,,,CC(=CCCCC=O)CC1=CC=CC=NC1C=CCCOC=C1C=C1C
O=C(CN)C=NCCCCC=C(C)C1(C)C=CC=C1,-4.02,augment,,,CC(=CCCCCN=CC(=O)CN)C1(C)C=CC=C1
O=C([O-1])CC(C)=CCCNC=O,-4.02,augment,,,CC(=CCCNC=O)CC(=O)[O-]
C1CC=CN=CCOCCN1C=NC(C)=CCC[O-1],-4.28,augment,,,CC(=CCC[O-])N=CN1CCC=CN=CCOCC1
OC(=O)NC1OC2CCN1CN2C[NH1+1]CC=C(C)CF,-2.87,augment,,,CC(=CC[NH+]CN1CN2CCC1OC2NC(=O)O)CF
CC(CN=C(CNCC=O)[O-1])=CNN(CN1)CC=CC=C1,-2.37,augment,,,CC(=CNN1CC=CC=CNC1)CN=C([O-])CNCC=O
CC(=N)C=CC(=O)C(=O)N1C=NC(C=CC=CCC=C12)C(C)=CC2,-5.33,augment,,,CC(=N)C=CC(=O)C(=O)N1C=NC2C=CC=CCC=C1CC=C2C
CC(=N)CCCNC(=C=1)CC(C=CCC=C=CC=CC=1C)[NH1]C=CN,-4.57,augment,,,CC(=N)CCCNC1=C=C(C)C=CC=C=CCC=CC(NC=CN)C1
CC(=N)N1C=CC=CN1C(C)C(C2)CC2,-3.86,augment,,,CC(=N)N1C=CC=CN1C(C)C1CCC1
CN(C)C(=O)CCNC(C)=NCC=CCCF,-2.69,augment,,,CC(=NCC=CCCF)NCCC(=O)N(C)C
O=CCNC=CC=CNCCCC=CC=NN(N)N=C(C)C1C=C1,-1.89,augment,,,CC(=NN(N)N=CC=CCCCNC=CC=CNCC=O)C1C=C1
O=C(C)C1(C)C2=C3SC3(C4=C12)SCSC4,-4.35,augment,,,CC(=O)C1(C)C2=C3CSCSC34SC4=C21
C1C2(C(=O)C)C=NC=C21,-3.59,augment,,,CC(=O)C12C=NC=C1C2
O=C(C)C1=CC=C1C(CN)C=O,-3.62,augment,,,CC(=O)C1=CC=C1C(C=O)CN
CC1CC=NCN1CCN2CCN=CC3=CS34CCC2=CC4C(=O)C,-4.25,augment,,,CC(=O)C1C=C2CCS13C=C3C=NCCN2CCN1CN=CCC1C
CC(=O)C=C=CC=CC(C(=O)N)CCNNCC=O,-1.45,augment,,,CC(=O)C=C=CC=CC(CCNNCC=O)C(N)=O
O=C(C)C=C=CC=CC=O,-3.74,augment,,,CC(=O)C=C=CC=CC=O
CC(=O)C=CC(N1)=C1Cl,-4.07,augment,,,CC(=O)C=CC1=C(Cl)N1
CC(=O)C=CC(C=C1C=CO)CCCCCN1CC=CC2=CC2,-4.11,augment,,,CC(=O)C=CC1C=C(C=CO)N(CC=CC2=CC2)CCCCC1
CC(=O)C=CC=CC=O,-3.53,augment,,,CC(=O)C=CC=CC=O
CC(=O)C=CC=CCN(C[NH1+1]1C)C=CC=N1,-3.93,augment,,,CC(=O)C=CC=CCN1C=CC=N[NH+](C)C1
CC(=O)C=CC=CNSCOS(=O)CC=O,-3.38,augment,,,CC(=O)C=CC=CNSCOS(=O)CC=O
O=C(C)C=CN=CC=C(N)CCNC[C@@H1](C)C=C1NC1C,-4.53,augment,,,CC(=O)C=CN=CC=C(N)CCNC[C@@H](C)C=C1NC1C
CC(=O)C=CNSCC(CN=NC=O)CNC=NC=O,-2.31,augment,,,CC(=O)C=CNSCC(CN=NC=O)CNC=NC=O
CC(=O)C=O,-2.6,augment,,,CC(=O)C=O
O=C(C)CC=CC1=CSCNN(C=CCCOC=C[NH1]1)C=O,-4.71,augment,,,CC(=O)CC=CC1=CSCNN(C=O)C=CCCOC=CN1
CC(=O)CC=CN(CC(C)CCOCC1CCCC=C1)C2C=C=C2,-3.56,augment,,,CC(=O)CC=CN(CC(C)CCOCC1C=CCCC1)C1C=C=C1
CC(=O)CCC=C(CC=NC(=O)C1=CC=CC=CCN=C1Cl)C,-4.48,augment,,,CC(=O)CCC=C(C)CC=NC(=O)C1=CC=CC=CCN=C1Cl
O=C(C)CCC=CCl,-3.32,augment,,,CC(=O)CCC=CCl
CC(=O)CCC=C[C@H1]1C(=O)NCN1C=O,-3.53,augment,,,CC(=O)CCC=C[C@H]1C(=O)NCN1C=O
CC(=O)CCCC=CC(=O)N1CCSC=C1C=O,-3.81,augment,,,CC(=O)CCCC=CC(=O)N1CCSC=C1C=O
CC(=O)CCCNC=C1[C@@H1](C=CC2=CC=NNC2C1N)CCC3NC3,-2.78,augment,,,CC(=O)CCCNC=C1C(N)C2NN=CC=C2C=C[C@H]1CCC1CN1
CC(=O)CCNC=CCCN=S=O,-3.42,augment,,,CC(=O)CCNC=CCCN=S=O
O=C(C)CCOC=CC=CC=CC=CC1=C(C)CC1C,-3.94,augment,,,CC(=O)CCOC=CC=CC=CC=CC1=C(C)CC1C
C1COC=CC=C1NC(N)[C@@H1]([NH1+1])CCC(=O)C,-2.46,augment,,,CC(=O)CC[C@H]([NH+])C(N)NC1=CC=COCC1
CC(=O)CF,-2.32,augment,,,CC(=O)CF
O=C(C)CNC=O,-3.02,augment,,,CC(=O)CNC=O
O=C(C)CNCC1=CC1Br,-3.45,augment,,,CC(=O)CNCC1=CC1Br
CC(=O)COC=O,-2.43,augment,,,CC(=O)COC=O
CC(=O)N=CC1=CC=C(C(C)[C@@H1](C)C1C)CCN[C@@H1]2C=CCO2,-4.88,augment,,,CC(=O)N=CC1=CC=C(CCN[C@@H]2C=CCO2)C(C)[C@@H](C)C1C
CC(=O)N=CC=CNC(=O)CCNSC=O,-3.55,augment,,,CC(=O)N=CC=CNC(=O)CCNSC=O
CC(=O)N=[C@@H1]C=CNCCC=O,-3.46,augment,,,CC(=O)N=CC=CNCCC=O
CC(=O)NC(=O)NC=NC=CCl,-3.71,augment,,,CC(=O)NC(=O)NC=NC=CCl
O=C(C)NC1=CC2=C(F)NC(CNCC1)C=CC=C2[C@@H1](C=3)C=3,-4.33,augment,,,CC(=O)NC1=CC2=C(F)NC(C=CC=C2C2C=C2)CNCC1
CC(=O)NC1CCNC2CC[C@@H1](N3)[C@@H1]2CSC=C31,-4.13,augment,,,CC(=O)NC1CCNC2CC[C@H]3NC1=CSC[C@H]23
O=C(C)NC=C1CC=CC=C1C=O,-4.09,augment,,,CC(=O)NC=C1CC=CC=C1C=O
O=C(C)NC=CC=C(C)C=O,-4.21,augment,,,CC(=O)NC=CC=C(C)C=O
CC(=O)NC=CC=CC=O,-4.04,augment,,,CC(=O)NC=CC=CC=O
O=C(C)NC=CCCCC1CNCCC1C=O,-4.02,augment,,,CC(=O)NC=CCCCC1CNCCC1C=O
CC(=O)NC=CN(CC[NH1+1](C)C=N1)CC(=C2)C2C1,-4.09,augment,,,CC(=O)NC=CN1CC[NH+](C)C=NCC2C=C2C1
CC(=O)NC=CNC=O,-3.62,augment,,,CC(=O)NC=CNC=O
CC(=O)NCC(C)NCCCCNC=NC=O,-1.86,augment,,,CC(=O)NCC(C)NCCCCNC=NC=O
CC(=O)NCCC=CSCCl,-2.86,augment,,,CC(=O)NCCC=CSCCl
CC(=O)NCCCCCCC=O,-3.38,augment,,,CC(=O)NCCCCCCC=O
CC(=O)NCCCNC(=O)C=CN=O,-4.21,augment,,,CC(=O)NCCCNC(=O)C=CN=O
CC(=O)NCCCC1=CC=CN1CNCC2N[C@@H1](C)C=C2C=O,-3.28,augment,,,CC(=O)NCCCc1cccn1CNCC1N[C@@H](C)C=C1C=O
O=C(C)NCCNC[C@H1]1CCOC[C@H1](C)C1F,-3.41,augment,,,CC(=O)NCCNC[C@H]1CCOC[C@H](C)C1F
O=C(C)NCCOC=CCCO,-3.04,augment,,,CC(=O)NCCOC=CCCO
CC(=O)NCCSCC(=O)CC=CNCC=O,-3.32,augment,,,CC(=O)NCCSCC(=O)CC=CNCC=O
O=C(C)NC[NH1+1](C)C=O,-3.0,augment,,,CC(=O)NC[NH+](C)C=O
CC(=O)NN(C=NCC(C)C=CCC(C)C=CF)F,-3.9,augment,,,CC(=O)NN(F)C=NCC(C)C=CCC(C)C=CF
CC(=O)NNC(=O)C=O,-3.16,augment,,,CC(=O)NNC(=O)C=O
O=C(C)/NNCCNCCCCC=1N=CCON=1,-1.71,augment,,,CC(=O)NNCCNCCCCC1=NOCC=N1
CC(=O)Nc1ccc(Cl)cc1,-3.82,anchor,analog,NCT-503,CC(=O)Nc1ccc(Cl)cc1
CC(=O)Nc1ccc(NS(=O)(=O)c2cc(Cl)ccc2Cl)cc1,-4.95,anchor,analog,NCT-503,CC(=O)Nc1ccc(NS(=O)(=O)c2cc(Cl)ccc2Cl)cc1
CC(=O)Nc1ccc(NS(=O)(=O)c2ccc(Cl)c(C(=O)O)c2)cc1,-4.89,anchor,analog,NCT-503,CC(=O)Nc1ccc(NS(=O)(=O)c2ccc(Cl)c(C(=O)O)c2)cc1
CC(=O)Nc1ccc(NS(=O)(=O)c2ccc(Cl)cc2)cc1,-4.6,anchor,parent,NCT-503,CC(=O)Nc1ccc(NS(=O)(=O)c2ccc(Cl)cc2)cc1
CC(=O)Nc1ccc(NS(=O)(=O)c2ccc(F)cc2)cc1,-4.21,anchor,analog,NCT-503,CC(=O)Nc1ccc(NS(=O)(=O)c2ccc(F)cc2)cc1
CC(=O)Nc1ccc(NS(=O)(=O)c2ccccc2)cc1,-4.23,anchor,analog,NCT-503,CC(=O)Nc1ccc(NS(=O)(=O)c2ccccc2)cc1
CC(=O)Nc1ccc(S(=O)(=O)NCC(=O)Nc2ccc(Cl)cc2)cc1,-4.79,anchor,analog,NCT-503,CC(=O)Nc1ccc(S(=O)(=O)NCC(=O)Nc2ccc(Cl)cc2)cc1
CC(=O)Nc1ccc(S(=O)(=O)NNc2ccc(Cl)cc2)cc1,-4.95,anchor,analog,NCT-503,CC(=O)Nc1ccc(S(=O)(=O)NNc2ccc(Cl)cc2)cc1
CC(=O)Nc1ccc(S(=O)(=O)Nc2ccc(Br)cc2)cc1,-4.71,anchor,analog,NCT-503,CC(=O)Nc1ccc(S(=O)(=O)Nc2ccc(Br)cc2)cc1
CC(=O)Nc1ccc(S(=O)(=O)Nc2ccc(Cl)cn2)cc1,-4.68,anchor,analog,NCT-503,CC(=O)Nc1ccc(S(=O)(=O)Nc2ccc(Cl)cn2)cc1
CC(=O)Nc1ccc(S(=O)(=O)Nc2ccc(Nc3ccccc3)cc2)cc1,-5.03,anchor,analog,NCT-503,CC(=O)Nc1ccc(S(=O)(=O)Nc2ccc(Nc3ccccc3)cc2)cc1
CC(=O)Nc1ccc(S(=O)(=O)Nc2ccc([N+](=O)[O-])cc2)cc1,-5.57,anchor,analog,NCT-503,CC(=O)Nc1ccc(S(=O)(=O)Nc2ccc([N+](=O)[O-])cc2)cc1
CC(=O)Nc1ccc(S(=O)(=O)Nc2ccccc2C(=O)c2ccc(Cl)cc2)cc1,-5.14,anchor,analog,NCT-503,CC(=O)Nc1ccc(S(=O)(=O)Nc2ccccc2C(=O)c2ccc(Cl)cc2)cc1
CC(C#COC(=O)C)OC=O,-2.98,augment,,,CC(=O)OC#CC(C)OC=O
O=C(C)OC(=O)CCC(O)CCC=CCCCl,-2.51,augment,,,CC(=O)OC(=O)CCC(O)CCC=CCCCl
CC(CC=CCC1CCSC=C/C=O)CCC=C1OC(=O)C,-4.44,augment,,,CC(=O)OC1=CCCC(C)CC=CCC1CCSC=CC=O
CC(=O)OCC(=O)CCO,-2.98,augment,,,CC(=O)OCC(=O)CCO
O=C(C)[C@@H1](F)NCC1C2C1COC(C3C)C=CC=C32,-4.41,augment,,,CC(=O)[C@@H](F)NCC1C2COC3C=CC=C(C3C)C12
CC(=O)[C@@H1](N)NC(O)NC=O,-2.22,augment,,,CC(=O)[C@@H](N)NC(O)NC=O
CC(C)(C)C(=O)C=O,-2.84,augment,,,CC(C)(C)C(=O)C=O
CC(C)(C)C(N)CCC(N)CC=O,-2.74,augment,,,CC(C)(C)C(N)CCC(N)CC=O
C1#CCCNCN=C1CC(=O)CCCC(C(C)(C)C=O)=C2NN2N,-2.53,augment,,,CC(C)(C=O)C(CCCC(=O)CC1=NCNCCC#C1)=C1NN1N
CC(C)(CCC=O)C=O,-3.1,augment,,,CC(C)(C=O)CCC=O
CC(C)(C[NH3+1])C=O,-2.36,augment,,,CC(C)(C=O)C[NH3+]
CC(C)(C[O-1])NC=CNC=O,-3.49,augment,,,CC(C)(C[O-])NC=CNC=O
CC(C)(F)C(C(=O)NC1CC=C2C=C2)C(C3)=C31,-4.37,augment,,,CC(C)(F)C1C(=O)NC(CC=C2C=C2)C2=C1C2
CC(N)(C)OCCNC(Cl)C=O,-1.88,augment,,,CC(C)(N)OCCNC(Cl)C=O
N#CO/C=CC=C[NH1]C(C)(C)SCCC=O,-2.93,augment,,,CC(C)(NC=CC=COC#N)SCCC=O
CC(C)(O)OCCNC=NC=CCCSC=NC=O,-2.64,augment,,,CC(C)(O)OCCNC=NC=CCCSC=NC=O
CC(C)([NH1+1])NC=CC1=CC=CC=C1C=O,-3.72,augment,,,CC(C)([NH+])NC=Cc1ccccc1C=O
CC(C)=C(CO)C1CNCCC(C2)C=CC=NC=C=C1N=NC2,-4.13,augment,,,CC(C)=C(CO)C1CNCCC2C=CC=NC=C=C1N=NCC2
CC(C)=C=CC=CC=CC(=O)NC=C[NH1]C=NC=NC=O,-4.13,augment,,,CC(C)=C=CC=CC=CC(=O)NC=CNC=NC=NC=O
CC(C)=CC(C=CC[C@@H1]1C(C)(C)C=CC(NC1)=CCNO)C,-5.37,augment,,,CC(C)=CC(C)C=CC[C@H]1CNC(=CCNO)C=CC1(C)C
CC(C)=CC1C=CC#CCN2CCCCC=C2C=CC=CS1,-5.27,augment,,,CC(C)=CC1C=CC#CCN2CCCCC=C2C=CC=CS1
CC(C)=CC(C1)CC[NH1+1]COC(=O)CC(=N)N1CC=O,-3.95,augment,,,CC(C)=CC1CC[NH+]COC(=O)CC(=N)N(CC=O)C1
CC(C)=NC#CCl,-3.16,augment,,,CC(C)=NC#CCl
CC(C)=NC1=C(F)CC=C1C(C=2)CC=CC=C=2,-4.1,augment,,,CC(C)=NC1=C(F)CC=C1C1C=C=CC=CC1
CC(C)C#N,-2.38,augment,,,CC(C)C#N
CC(C)C(=O)C(=O)/C1=CC2=CCC=CC2NC1(C)[N+1]Cl,-4.37,augment,,,CC(C)C(=O)C(=O)C1=CC2=CCC=CC2NC1(C)[N+]Cl
CC(C)C(=O)C(=O)C=O,-3.06,augment,,,CC(C)C(=O)C(=O)C=O
C[C@H1](C)C(=O)C=CC=O,-3.26,augment,,,CC(C)C(=O)C=CC=O
CC(C)C(C)C=C1C=N1,-3.17,augment,,,CC(C)C(C)C=C1C=N1
CC(C)C(C)CCC=O,-3.36,augment,,,CC(C)C(C)CCC=O
CC(C)C(CN)C(C)(C)CCC=O,-2.24,augment,,,CC(C)C(CN)C(C)(C)CCC=O
CC(C)C(F)N=CC(OCOCCNC=CNO)CC=CC=CO,-2.02,augment,,,CC(C)C(F)N=CC(CC=CC=CO)OCOCCNC=CNO
CC(C)C(O)CC=CC(C)(C)C1N(C2)CC2=N1,-3.74,augment,,,CC(C)C(O)CC=CC(C)(C)C1N=C2CN1C2
CC(C)C1=C=C1CCNC(=O)N[C@@H1]2CON[C@@H1]2CCCCCN3CC3,-3.17,augment,,,CC(C)C1=C=C1CCNC(=O)N[C@@H]1CON[C@@H]1CCCCCN1CC1
CC(C)C=1CCC=C=1,-3.07,augment,,,CC(C)C1=C=CCC1
CC(C)C1C=C=NCC(=O)CC([NH1+1]C2)(CCCC2O)CC=C1,-4.76,augment,,,CC(C)C1C=C=NCC(=O)CC2(CC=C1)CCCC(O)C[NH+]2
CC(C)C1C=CN=C2C=C2CCC1=O,-4.05,augment,,,CC(C)C1C=CN=C2C=C2CCC1=O
CC(C)C1NCSO1,-3.49,augment,,,CC(C)C1NCSO1
CC(C)C1SCC1=O,-3.39,augment,,,CC(C)C1SCC1=O
CC(C)C=C(C=O)CCCO,-3.61,augment,,,CC(C)C=C(C=O)CCCO
O=C(N)C=CSCCN1N(C)NC1=C[C@H1](C)C,-3.52,augment,,,CC(C)C=C1NN(C)N1CCSC=CC(N)=O
CC(C)C=CC1(O)CCNC#CN=C2CC12Cl,-4.2,augment,,,CC(C)C=CC1(O)CCNC#CN=C2CC21Cl
CC(C)C=CC1=CC1C=O,-3.71,augment,,,CC(C)C=CC1=CC1C=O
O=C(CCCC=CC=CC(C)C)CC1=NC1,-3.36,augment,,,CC(C)C=CC=CCCCC(=O)CC1=NC1
CC(C)C=CC=CNSC(=NN)CCCC(C1)NC1C=N,-3.15,augment,,,CC(C)C=CC=CNSC(CCCC1CC(C=N)N1)=NN
O=C(NCCCCCCCF)C=CCC(C)CC=CC(C)C,-2.73,augment,,,CC(C)C=CCC(C)CC=CC(=O)NCCCCCCCF
O=C(C1)N=CCC=NNN(C=NNC=NC=CC(C)C)N=C1,-4.82,augment,,,CC(C)C=CN=CNN=CN1N=CCC(=O)N=CCC=NN1
CC(C)C=NC=C(C=O)CC=CN=NC=CC=CCC1=NC1,-4.03,augment,,,CC(C)C=NC=C(C=O)CC=CN=NC=CC=CCC1=NC1
CC(C)C=NN(C=C1[C@@H1](C)N)CCC(C2CC2O)CC=C1,-3.68,augment,,,CC(C)C=NN1C=C([C@@H](C)N)C=CCC(C2CC2O)CC1
CC(C)C=O,-2.66,augment,,,CC(C)C=O
CC(C)CC#CC=CC=CNCC[NH1+1](O)CNC[C@@H1]=S,-3.18,augment,,,CC(C)CC#CC=CC=CNCC[NH+](O)CNCC=S
CC(C)CC(=O)NC=CC=C=CC=C1C=C1Cl,-4.37,augment,,,CC(C)CC(=O)NC=CC=C=CC=C1C=C1Cl
CC(C)CC1N(C(O)C2=C1C3(C)C2CC3C)F,-4.17,augment,,,CC(C)CC1C2=C(C(O)N1F)C1CC(C)C21C
CC(C)CC(CC1C(C)C2CN1C=O)CC=C2,-4.22,augment,,,CC(C)CC1CC=CC2CN(C=O)C(C1)C2C
CC(C)CC=C=C(NC(=O)NN(C)SNC=O)CC(O)C,-4.22,augment,,,CC(C)CC=C=C(CC(C)O)NC(=O)NN(C)SNC=O
CC(C)CC=C=C=CCC=O,-3.78,augment,,,CC(C)CC=C=C=CCC=O
CC(C)C[C@@H1]=CC(O)C(C=CC=CC=C=CF)=O,-3.35,augment,,,CC(C)CC=CC(O)C(=O)C=CC=CC=C=CF
CC(C)CC=CC(CCC1C)C(=O)CCC=C1,-4.64,augment,,,CC(C)CC=CC1CCC(C)C=CCCC1=O
CC(C)CC=CC=CCCC=NC=CC=CC=CNC=NC1=CS1,-4.25,augment,,,CC(C)CC=CC=CCCC=NC=CC=CC=CNC=NC1=CS1
C[C@H1](C)CC=CCC=O,-3.31,augment,,,CC(C)CC=CCC=O
CC(C)C[C@H1]=NCOC=CC=O,-2.7,augment,,,CC(C)CC=NCOC=CC=O
CC(C)CC[C@H1]=C=CC[NH3+1],-2.81,augment,,,CC(C)CCC=C=CC[NH3+]
CC(C)CCC=CC(=O)C=CC=O,-3.53,augment,,,CC(C)CCC=CC(=O)C=CC=O
CC(C)CCCCCC=C=NC(C=CC1CCOC1)C=O,-3.37,augment,,,CC(C)CCCCCC=C=NC(C=O)C=CC1CCOC1
CC(C)CCCCCNCCC=C1CC2CC1=NN=N2,-4.46,augment,,,CC(C)CCCCCNCCC=C1CC2CC1=NN=N2
CC(C)CCCCNC(=O)C=O,-3.26,augment,,,CC(C)CCCCNC(=O)C=O
C[C@@H1](C)CCCC[NH1+1]CCCC(S)C(C)CC=O,-2.07,augment,,,CC(C)CCCC[NH+]CCCC(S)C(C)CC=O
CC(C)CCCNC=CN1CC=2CSCC=2C(=O)N=CC=C=C1,-4.27,augment,,,CC(C)CCCNC=CN1C=C=CC=NC(=O)C2=C(CSC2)C1
C[C@H1](CCNC=O)C,-2.84,augment,,,CC(C)CCNC=O
CC(C)CCSCCC(C)C[NH1+1](C)C=CC=O,-2.99,augment,,,CC(C)CCSCCC(C)C[NH+](C)C=CC=O
CC(C)CN1CCCOC(C=N1)C,-3.07,augment,,,CC(C)CN1CCCOC(C)C=N1
CC(C)CN=C=O,-3.04,augment,,,CC(C)CN=C=O
CC(C)CN=CC1=CC1(O)CC2CC(CCC3C2)=C3,-4.22,augment,,,CC(C)CN=CC1=CC1(O)CC1CC2=CC(CC2)C1
CC(C)CNC(N)CCNNC(C1)(C)CCNC=C1C2=CCOC2C,-3.6,augment,,,CC(C)CNC(N)CCNNC1(C)CCNC=C(C2=CCOC2C)C1
CC(C)C[NH1]C=CSCBr,-2.93,augment,,,CC(C)CNC=CSCBr
CC(C)CNCCCCC=O,-3.16,augment,,,CC(C)CNCCCCC=O
C[C@@H1](C)COC=CC(S)(C)NC(=O)NC=CC=CC(O)[O-1],-4.52,augment,,,CC(C)COC=CC(C)(S)NC(=O)NC=CC=CC([O-])O
CC(C)COC=O,-2.57,augment,,,CC(C)COC=O
CC(CC(N1)C=C1N)C=CC(C)C(=O)COCC(C)C,-2.67,augment,,,CC(C)COCC(=O)C(C)C=CC(C)CC1C=C(N)N1
CC(C)COCCCC#CCC1NC1,-2.56,augment,,,CC(C)COCCCC#CCC1CN1
CC(C)N=C1CC=CCC1NF,-3.88,augment,,,CC(C)N=C1CC=CCC1NF
O=C(N)C=NC(C)C,-3.32,augment,,,CC(C)N=CC(N)=O
C[C@@H1](C)N=[C@H1]CC(C=O)C(C1)C=CC=C1F,-3.84,augment,,,CC(C)N=CCC(C=O)C1C=CC=C(F)C1
CC(C)N=CC[C@@H1](O)C=CC=NN(C)C=CC1C[NH1]1,-2.86,augment,,,CC(C)N=CC[C@@H](O)C=CC=NN(C)C=CC1CN1
CC(C)[NH1]C(CCCNC(CCCCC=CO1)C1)C,-4.17,augment,,,CC(C)NC(C)CCCNC1CCCCC=COC1
CC(C)NC1=NNNC=C2C(C)(CN2CCS)C1(C)C=O,-3.9,augment,,,CC(C)NC1=NNNC=C2N(CCS)CC2(C)C1(C)C=O
CC(C)NC=CC(N)NC1CCC(C)N1C=O,-4.05,augment,,,CC(C)NC=CC(N)NC1CCC(C)N1C=O
CC(C)NC=CCCNC(=O)C=O,-3.49,augment,,,CC(C)NC=CCCNC(=O)C=O
CC(C)NC=CNC(C#N)CCNC=NC=O,-2.56,augment,,,CC(C)NC=CNC(C#N)CCNC=NC=O
CC(C)NCC=CC(=O)C=CC=CC=CC(Cl)S/C=CC=O,-3.77,augment,,,CC(C)NCC=CC(=O)C=CC=CC=CC(Cl)SC=CC=O
C[C@H1](C)NCCNN1CC=NC=C1C=O,-3.05,augment,,,CC(C)NCCNN1CC=NC=C1C=O
CC(NC[NH1+1]CCC=C([NH1+1])CF)C,-1.62,augment,,,CC(C)NC[NH+]CCC=C([NH+])CF
CC(C)NNCC=O,-2.97,augment,,,CC(C)NNCC=O
CC(C)NNCCC=C=CC=NC=CC=CC=NC=O,-2.88,augment,,,CC(C)NNCCC=C=CC=NC=CC=CC=NC=O
CC(C)N[C@@H1](C)NC=NCCC1[NH1]C1C=NC=O,-2.85,augment,,,CC(C)N[C@@H](C)NC=NCCC1NC1C=NC=O
CC(C)NC1=CC=CC=C1CCN=C=NC=CC=CNCCC=O,-3.59,augment,,,CC(C)Nc1ccccc1CCN=C=NC=CC=CNCCC=O
CC(C)OC1C(C)CCC1C=O,-3.23,augment,,,CC(C)OC1C(C)CCC1C=O
CC(C)OC=CC(N)C=CN=CC=CCC=O,-3.43,augment,,,CC(C)OC=CC(N)C=CN=CC=CCC=O
C[C@H1](C)OC=CC1(C)NCCN1C=O,-3.09,augment,,,CC(C)OC=CC1(C)NCCN1C=O
CC(C)OC=CC=CCCCCC(=O)N1CCCCC1C,-4.19,augment,,,CC(C)OC=CC=CCCCCC(=O)N1CCCCC1C
CC(C)OC=CC=O,-2.75,augment,,,CC(C)OC=CC=O
CC(C)OC=CCC(O)C(=O)C=CCS,-2.73,augment,,,CC(C)OC=CCC(O)C(=O)C=CCS
CC(C)OC=CCC(C(=O)CN=CCNNCC(O1)=N)C1N,-3.45,augment,,,CC(C)OC=CCC1C(=O)CN=CCNNCC(=N)OC1N
CC(C)OC=O,-2.44,augment,,,CC(C)OC=O
CC(C)OCC=O,-2.65,augment,,,CC(C)OCC=O
CC(C)OCCCN(C1=O)C(C)N1C=CC=O,-3.88,augment,,,CC(C)OCCCN1C(=O)N(C=CC=O)C1C
CC(C)[C@H1]1[C@H1](C)C(C)COC2=CN=CC1C2,-3.87,augment,,,CC(C)[C@@H]1C2C=NC=C(C2)OCC(C)[C@H]1C
CC(C)[C@@H1]1CCON1CCCCCCC=CCSN=O,-4.33,augment,,,CC(C)[C@@H]1CCON1CCCCCCC=CCSN=O
C1CCC[C@@H1](C(C)C)CCC=CC2=CN1CCO2,-4.12,augment,,,CC(C)[C@H]1CCC=CC2=CN(CCCC1)CCO2
CC(C)[NH1+1]1CCNCCC2(CCC=C2CC=C1)OCOC=NO,-3.92,augment,,,CC(C)[NH+]1C=CCC2=CCCC2(OCOC=NO)CCNCC1
C[C@@H1](C)[NH1+1]=CF,-2.33,augment,,,CC(C)[NH+]=CF
CC(C)[NH1+1]CF,-2.33,augment,,,CC(C)[NH+]CF
O=C(C1=CC=NC=C1)C=C=CCC(C)C=C2CC2,-3.78,augment,,,CC(C=C1CC1)CC=C=CC(=O)c1ccncc1
CC(CO)C=C1CC=CC1(C2)CC=C=NC2N=O,-4.69,augment,,,CC(C=C1CC=CC12CC=C=NC(N=O)C2)CO
CC(C)OCCC=CC=CC=CC=C(C)C=CC(C)CC=O,-3.98,augment,,,CC(C=CC(C)CC=O)=CC=CC=CC=CCCOC(C)C
C1=CCCC[NH1+1]1S(=O)NCNN=NCNC(C)C=CC(C)SN=N,-2.02,augment,,,CC(C=CC(C)SN=N)NCN=NNCNS(=O)[NH+]1C=CCCC1
CN(C)C(C)C=CC1=CC=NCCCCCC2C3C21C3=N,-4.75,augment,,,CC(C=CC1=CC=NCCCCCC2C3C(=N)C123)N(C)C
C1CC=NSCCCC=C1C=CC=CC(C)N=CCC2CC2=N[NH1],-4.5,augment,,,CC(C=CC=CC1=CCCCSN=CCC1)N=CCC1CC1=N[NH]
CC(O)CC=CC=CCOC(=O)CC=CC=CC(C)=CCl,-3.84,augment,,,CC(C=CC=CCC(=O)OCC=CC=CCC(C)O)=CCl
C1CC[C@@H1](C)CC[C@@H1]1CCCOC(C)C=CC=CCCO,-4.1,augment,,,CC(C=CC=CCCO)OCCC[C@@H]1CCC[C@@H](C)CC1
O=C(CNCCC(C)C=CC=CF)C1CCC=C=C1,-3.69,augment,,,CC(C=CC=CF)CCNCC(=O)C1C=C=CCC1
CC(N)CC=CC(C)=C(Cl)C(C)NC=NNN=NC=N,-2.72,augment,,,CC(C=CCC(C)N)=C(Cl)C(C)NC=NNN=NC=N
C/C(NC=COSC=C=O)C=CCC=CC=CCF,-3.84,augment,,,CC(C=CCC=CC=CCF)NC=COSC=C=O
C[NH1+1](C)CCC=CC(C)CF,-2.53,augment,,,CC(C=CCC[NH+](C)C)CF
CC(CC=CC=O)C=CCNCC=CC(O)F,-3.85,augment,,,CC(C=CCNCC=CC(O)F)CC=CC=O
O=CC=CNCCNCC=CC(C)C=NC=CC=CNC=CC(F)S,-3.18,augment,,,CC(C=CCNCCNC=CC=O)C=NC=CC=CNC=CC(F)S
CC(C)C(N)C(N)CC(O)C=CNNC(C)C=CCOC(=C1)S1,-1.12,augment,,,CC(C=CCOC1=CS1)NNC=CC(O)CC(N)C(N)C(C)C
CC(C)(C)C(C)C=CN=C[O-1],-3.71,augment,,,CC(C=CN=C[O-])C(C)(C)C
CC(C)NC1=CNNCC1CCCC=CCC(C)C=CN=O,-3.12,augment,,,CC(C=CN=O)CC=CCCCC1CNNC=C1NC(C)C
CC(C)C=CNC=CC(C)=CC(=O)CCON=O,-4.32,augment,,,CC(C=CNC=CC(C)C)=CC(=O)CCON=O
O=C(C1)CC#CC=C1CNC=CC(C)=CC=O,-4.07,augment,,,CC(C=CNCC1=CC#CCC(=O)C1)=CC=O
O=CNCCCCCNC=CC(C)CO,-2.46,augment,,,CC(C=CNCCCCCNC=O)CO
CC(C1CC=C2C=C21)N=CC(C)CCC=O,-3.74,augment,,,CC(C=NC(C)C1CC=C2C=C21)CCC=O
C1CNN(C=C(C)C=NF)C=C1N(C)ON,-4.14,augment,,,CC(C=NF)=CN1C=C(N(C)ON)CCN1
C1[C@@H1](PC2C(=O)C=C(O)C(C)C=O)CC2C=N1,-4.38,augment,,,CC(C=O)C(O)=CC(=O)C1P[C@@H]2CN=CC1C2
C1C=NC=C(C(C)C=O)C=N1,-3.98,augment,,,CC(C=O)C1=CN=CCN=C1
C1C=CC=CN=C1C(C)C=O,-4.4,augment,,,CC(C=O)C1=NC=CC=CC1
CC(O1)C(C=CC(C=O)C)=CCCC1=O,-4.3,augment,,,CC(C=O)C=CC1=CCCC(=O)OC1C
O=C([O-1])NC=CC=CC(C)C=O,-4.08,augment,,,CC(C=O)C=CC=CNC(=O)[O-]
CC(C=O)C=CC=NC(C)C=O,-3.18,augment,,,CC(C=O)C=CC=NC(C)C=O
C1=CC=NC2=C1NCSC=C2NC=CC(C)C=O,-4.02,augment,,,CC(C=O)C=CNC1=CSCNc2cccnc21
CC1CCCN1NC=CC(=O)CC(C)C=O,-3.89,augment,,,CC(C=O)CC(=O)C=CNN1CCCC1C
CN(CCNC1CN1)C(C)CC(C)C(=O)CC=O,-2.66,augment,,,CC(CC(C)N(C)CCNC1CN1)C(=O)CC=O
C1NCN(C)CNC(C)C12C3=C(N)C[C@@H1]2C3C(C)CC4=CC4,-4.28,augment,,,CC(CC1=CC1)C1C2=C(N)C[C@H]1C21CNCN(C)CNC1C
C=1CCCCC=1C(C)C(C)CC2NN(Br)CN2C,-4.96,augment,,,CC(CC1NN(Br)CN1C)C(C)C1=CCCCC1
C1C(=O)[C@@H1]1CNC=CCC(C)C2C=C=C=S=C2N=O,-4.37,augment,,,CC(CC=CNC[C@@H]1CC1=O)C1C=C=C=S=C1N=O
CN1C[C@@H1]1CC(=O)NC=C=CCC(C)CC=O,-4.35,augment,,,CC(CC=O)CC=C=CNC(=O)C[C@H]1CN1C
C1C=NC=C=C(CCC(NNC=O)C)C1=O,-3.53,augment,,,CC(CCC1=C=CN=CCC1=O)NNC=O
C1CC=CC1C(CN)C(=O)CC(C)CCC2CCCC2=N,-2.87,augment,,,CC(CCC1CCCC1=N)CC(=O)C(CN)C1C=CCC1
C/[NH1+1](O)C(C)CCCF,-2.9,augment,,,CC(CCCF)[NH+](C)O
C1OC=CC=C1C=CC(C(C)CCCN(C2CC=CC3=C2)C3)OO,-4.18,augment,,,CC(CCCN1CC2=CC1CC=C2)C(C=CC1=CC=COC1)OO
CC(CCCNC1=CC=COCC1)C[C@H1](O)CNN2C=NNCC23CC3C,-3.07,augment,,,CC(CCCNC1=CC=COCC1)C[C@H](O)CNN1C=NNCC12CC2C
CC(CCCS)C(C(=O)CC1=CC=CC=C1CC=O)CCN,-2.08,augment,,,CC(CCCS)C(CCN)C(=O)Cc1ccccc1CC=O
C1NCCC=C=C=C1C=CC=C(O)NC(C)CCF,-3.9,augment,,,CC(CCF)NC(O)=CC=CC1=C=C=CCCNC1
O=CNC(C)CCl,-2.77,augment,,,CC(CCl)NC=O
C1CCC=CC=C1NCC(C)NC2CC[C@H1](CC2C)ON=O,-5.64,augment,,,CC(CNC1=CC=CCCC1)NC1CC[C@@H](ON=O)CC1C
CC(COCCCOCC=O)CC1C=CC=C1CC=CC=O,-3.46,augment,,,CC(COCCCOCC=O)CC1C=CC=C1CC=CC=O
O=C(NC[C@@H1]=CC=CC=CC=CNC(C)CON)OC=CCC1(C)C=CC=COC1,-4.36,augment,,,CC(CON)NC=CC=CC=CC=CCNC(=O)OC=CCC1(C)C=CC=COC1
CC(C)(C)CC(C)C[C@@H1](C)C=CN(C)C=O,-3.54,augment,,,CC(C[C@@H](C)C=CN(C)C=O)CC(C)(C)C
CC(C[NH1+1]CCC1(C)C(=N)N1)NCCCC[C@H1](C)C2C=N2,-1.19,augment,,,CC(C[NH+]CCC1(C)NC1=N)NCCCC[C@H](C)C1C=N1
CC(C[NH2+1]NC=O)N(N)C1=CC=CN(CCCCCC2CC2)CC1,-4.03,augment,,,CC(C[NH2+]NC=O)N(N)C1=CC=CN(CCCCCC2CC2)CC1
O1C(C)/C(N)CCC1C(=O)NNC=CC=C(Cl)C,-3.84,augment,,,CC(Cl)=CC=CNNC(=O)C1CCC(N)C(C)O1
N#CNC=C1C=CC(=O)C=C2C=CC=C2CN=C1C=C(F)C,-4.23,augment,,,CC(F)=CC1=NCC2=CC=CC2=CC(=O)C=CC1=CNC#N
C1C=COC=CC=C1CCC(=O)CCCNC(S)C=CC=C(F)C,-2.8,augment,,,CC(F)=CC=CC(S)NCCCC(=O)CCC1=CC=COC=CC1
O=C(C=CN(CC=O)N)C=CC=CC(C)F,-2.9,augment,,,CC(F)C=CC=CC(=O)C=CN(N)CC=O
C1CC[C@@H1]1CO[C@H1](C)NC(C)F,-2.7,augment,,,CC(F)N[C@@H](C)OCC1CCC1
CC(C)CC(C(=O)N[C@@H1](C)C=CC=C(N)C)=O,-2.82,augment,,,CC(N)=CC=C[C@H](C)NC(=O)C(=O)CC(C)C
CC(N)C(=O)C1=CC(CC2)=C21,-3.76,augment,,,CC(N)C(=O)C1=CC2=C1CC2
CC(N)C=CNC(O)N=CC1=CCCNC=C1CCCOCF,-3.09,augment,,,CC(N)C=CNC(O)N=CC1=CCCNC=C1CCCOCF
CC(N)C=NC=O,-2.96,augment,,,CC(N)C=NC=O
C1CC=C[NH1+1]1C=NC(C(=O)CCCCCOCC=O)C,-2.25,augment,,,CC(N=C[NH+]1C=CCC1)C(=O)CCCCCOCC=O
C=1C=CC=CC=1C(=O)C(C)NC=C2CCC=C[NH1]C2,-4.52,augment,,,CC(NC=C1CCC=CNC1)C(=O)c1ccccc1
O=C([O-1])[C@H1]=CC=CNC(C)[C@@H1](C)NCCC(O1)C1=O,-4.88,augment,,,CC(NC=CC=CC(=O)[O-])[C@@H](C)NCCC1OC1=O
FC=CC=CCN=C=NNC=NC(C(C)N[C@H1](C)N)CCl,-4.08,augment,,,CC(N[C@H](C)N)C(CCl)N=CNN=C=NCC=CC=CF
C1CC=NC=C(CCC2)C1NC=C[C@@H1]2C(O)(C)O,-4.38,augment,,,CC(O)(O)[C@H]1C=CNC2CCC=NC=C2CCC1
CC(O)C1NCC=CCC(=O)CSC2C1C[NH1+1]NNCCCC#C2,-3.89,augment,,,CC(O)C1NCC=CCC(=O)CSC2C#CCCCNN[NH+]CC21
CC(O)C=CCCNN(O)NNCC=CC=O,-3.66,augment,,,CC(O)C=CCCNN(O)NNCC=CC=O
CC(O)C=NC1C#CC=NC=CC=NC(C)C=C=C1,-4.82,augment,,,CC(O)C=NC1C#CC=NC=CC=NC(C)C=C=C1
CC(O)C=NC=CC(C)C=CCC=CC=COCO,-3.6,augment,,,CC(O)C=NC=CC(C)C=CCC=CC=COCO
CC(O)C=NC=CCC=O,-3.11,augment,,,CC(O)C=NC=CCC=O
CC(O)CC(CCC1C2)=C12,-4.16,augment,,,CC(O)CC1=C2CC2CC1
OC(C)CC=O,-2.81,augment,,,CC(O)CC=O
CC(O)CCC1C2=C1NCC=C2C(=O)N3C=CC=CC=CCC3F,-5.47,augment,,,CC(O)CCC1C2=C1C(C(=O)N1C=CC=CC=CCC1F)=CCN2
CC(NCN1C(C)C2C1(C3)CC2CCC=CC=C3F)O,-4.86,augment,,,CC(O)NCN1C(C)C2C3CCC=CC=C(F)CC21C3
CC(O)[C@H1](C)NCCCCC=O,-3.48,augment,,,CC(O)[C@H](C)NCCCCC=O
CC(O)[C@@H1](CC=O)C=O,-3.25,augment,,,CC(O)[C@H](C=O)CC=O
CC(C)OC(C)=C(O1)N1,-3.11,augment,,,CC(OC(C)C)=C1NO1
O=[N+1]([O-1])C=C1CC=CN1SC(C)C2=CC2(Cl)N=CN,-4.25,augment,,,CC(SN1C=CCC1=C[N+](=O)[O-])C1=CC1(Cl)N=CN
C1OC=NC=CC=C1C(CN)C(C)[NH2+1]C=O,-3.47,augment,,,CC([NH2+]C=O)C(CN)C1=CC=CN=COC1
CC([O-1])C(C)C(=O)CC=CNC1CCCC1F,-3.5,augment,,,CC([O-])C(C)C(=O)CC=CNC1CCCC1F
CC1(C)C#CNC1N,-3.41,augment,,,CC1(C)C#CNC1N
CC(C)(C)SCOCCNC(C1)CC(C)(C)C=C1C=N,-3.59,augment,,,CC1(C)C=C(C=N)CC(NCCOCSC(C)(C)C)C1
CC(C)(CC1C=C2)C=C1OC=C2C=O,-4.01,augment,,,CC1(C)C=C2OC=C(C=O)C=CC2C1
CC1(C)[C@@H1]=CC=C1C(=O)NCC=C2C=C2NN=O,-5.32,augment,,,CC1(C)C=CC=C1C(=O)NCC=C1C=C1NN=O
C1[C@@H1](OC=NCC=CC=CC1(C)C)CC=CN=C(Cl)C=O,-4.39,augment,,,CC1(C)C=CC=CCN=CO[C@@H](CC=CN=C(Cl)C=O)C1
C1C=C1C=C2CC2(C)C,-3.28,augment,,,CC1(C)CC1=CC1=CC1
C12SC3CC1(COC=CC=CC34C=CC=C4C(C)(C)C5)C5C2,-5.24,augment,,,CC1(C)CC2CC3SC4CC23COC=CC=CC42C=CC=C12
C1CC(C=C=C=C2C1(C)C)CC2,-4.02,augment,,,CC1(C)CCC2C=C=C=C1CC2
CC1(C)CCC=C1CF,-2.81,augment,,,CC1(C)CCC=C1CF
CC(C)(COC=C1)C1=NC=NCO,-4.02,augment,,,CC1(C)COC=CC1=NC=NCO
CC1(C)CSCN1C=O,-3.26,augment,,,CC1(C)CSCN1C=O
CC(C)(C1)[NH2+1]1,-2.55,augment,,,CC1(C)C[NH2+]1
C1CCC=C=CC(=O)CC1C2(C)CCSC=C2,-5.13,augment,,,CC1(C2CCCC=C=CC(=O)C2)C=CSCC1
CC(C=CC=CNNC(=O)C=O)(C1)CCCCC1,-4.3,augment,,,CC1(C=CC=CNNC(=O)C=O)CCCCCC1
C1CN=C=CC1(C)C=O,-3.53,augment,,,CC1(C=O)C=C=NCC1
O=CC1(C)[NH1]C=CCC=C1,-4.12,augment,,,CC1(C=O)C=CCC=CN1
C1C(CC=C1)(C)CC=CC=O,-4.0,augment,,,CC1(CC=CC=O)CC=CC1
C1C=CC2(C[NH2+1]CCCCCC2(CC=O)C)C1=O,-5.13,augment,,,CC1(CC=O)CCCCC[NH2+]CC12C=CCC2=O
CC1(CCCC#C1)NC=CC=CC=O,-4.4,augment,,,CC1(NC=CC=CC=O)C#CCCC1
C1C(O)(C)C=C1CCCNC=O,-4.12,augment,,,CC1(O)C=C(CCCNC=O)C1
C1CN(C2=O)N2C(=O)C(C)(O)C=CC=C1,-4.41,augment,,,CC1(O)C=CC=CCCN2C(=O)N2C1=O
C1C(C)([O-1])CON=CC=CCOC=C1O,-3.97,augment,,,CC1([O-])CON=CC=CCOC=C(O)C1
O=S(CCC=C=C=CCCC1COC[C@H1]2CCC=CC23)C31C,-5.03,augment,,,CC12C(CCC=C=C=CCCS1=O)COC[C@H]1CCC=CC12
C1C2(C)C=C1OC=C2NC=NC=O,-3.87,augment,,,CC12C=C(C1)OC=C2NC=NC=O
CC1(C=2CC[NH1])C=C1C=CC(=O)OC=2O,-3.29,augment,,,CC12C=C1C=CC(=O)OC(O)=C2CC[NH]
C1C=CC=CCC=CC(=C2)C3(C)C=C2CSCNNCOC3C=C1,-5.46,augment,,,CC12C=C3C=C1C=CCC=CC=CCC=CC2OCNNCSC3
CC12C=CC(C=C1NCCC[C@@H1](O)C=C23)(C)C3,-4.7,augment,,,CC12C=CC3(C)C(=C[C@H](O)CCCNC3=C1)C2
C1C=CC=C(N\C(=O)C=CN(F)C[N+1]CN=C2)C21C,-4.44,augment,,,CC12C=NC[N+]CN(F)C=CC(=O)NC1=CC=CC2
C1C2(C)N=C1CC2C=O,-3.45,augment,,,CC12CC(=N1)CC2C=O
C1C2(C)CC=C1C=CC3=C2N(C=O)C3=O,-4.52,augment,,,CC12CC=C(C=CC3=C1N(C=O)C3=O)C2
CC1(CC=CN2C(C3)NC=O)CC1(C)C3CC2,-4.57,augment,,,CC12CC=CN3CCC(CC3NC=O)C1(C)C2
C1CCC=C(C(=O)C=C2CCO)CC12C,-4.22,augment,,,CC12CCCC=C(C1)C(=O)C=C2CCO
C1C2(C)[NH1+1]1N=CN2C=O,-3.37,augment,,,CC12C[NH+]1N=CN2C=O
C12CC=NC1(C)C(C3)C=CC=C23,-3.76,augment,,,CC12N=CCC1C1=CC=CC2C1
O1C(C)(N2C=NC(=O)C=CCF)C3=CC32CCC=C1,-3.59,augment,,,CC12OC=CCCC3(C=C31)N2C=NC(=O)C=CCF
CC(C)C(=C1C)CC=CC1C(CC2=CC=CC=C2)C=O,-3.98,augment,,,CC1=C(C(C)C)CC=CC1C(C=O)Cc1ccccc1
C1CC=CCOC(C)C=CC(C)=C1C,-4.2,augment,,,CC1=C(C)CCC=CCOC(C)C=C1
C1C=CC(C)=C1C2=CC(=O)C=CC=CC=NN=CCCC=CCN2OC3CCCC3,-5.03,augment,,,CC1=C(C2=CC(=O)C=CC=CC=NN=CCCC=CCN2OC2CCCC2)CC=C1
CC(C)CNC1CNC(CCC=C1C=2CCCCC=2C)F,-3.95,augment,,,CC1=C(C2=CCCC(F)NCC2NCC(C)C)CCCC1
CC(CCC=CNN1C=CNC(O)C=CC=O)=C1C2C=C2,-4.22,augment,,,CC1=C(C2C=C2)N(C=CNC(O)C=CC=O)NC=CCC1
CC1COC(C)=C1C=O,-3.14,augment,,,CC1=C(C=O)C(C)CO1
C1C=C(NCO)CC2CCC1C(C)=C2CCF,-4.64,augment,,,CC1=C(CCF)C2CCC1CC=C(NCO)C2
CC=1NC=1CN(C=O)C2=CC=CCC2,-3.81,augment,,,CC1=C(CN(C=O)C2=CC=CCC2)N1
CC(C)(C1)C=C1NC=2[NH1+1]CCNC=2C,-3.71,augment,,,CC1=C(NC2=CC(C)(C)C2)[NH+]CCN1
C12CN=NC3=C1CC(C)=C32,-4.15,augment,,,CC1=C2C3=C(C1)C2CN=N3
C1OCCN=C1C=C2NCCNC(=O)N3CCC(C)=C2C=C3O,-4.58,augment,,,CC1=C2C=C(O)N(CC1)C(=O)NCCNC2=CC1=NCCOC1
CC12OC=CC=CNC=C=C(C#N)C=CC(C)=C1C=C2,-4.18,augment,,,CC1=C2C=CC2(C)OC=CC=CNC=C=C(C#N)C=C1
CC1=C2CCC3=CC=C(Cl)CCC1CCCCC=C3C2,-5.01,augment,,,CC1=C2CCC3=CC=C(Cl)CCC1CCCCC=C3C2
C=12C[NH1+1]CC3=C(NCCCCC=CC=CC(C)C3C=CC=1C2)C,-5.32,augment,,,CC1=C2C[NH+]CC3=C(C=CC2C(C)C=CC=CCCCCN1)C3
CC=1CC(C)=C=1,-2.65,augment,,,CC1=C=C(C)C1
O=C(NN=CN=CCCC=CC=CC=CO)CCOC1=C=C1C,-4.61,augment,,,CC1=C=C1OCCC(=O)NN=CN=CCCC=CC=CC=CO
CC(C)(C)C(CCC(=O)OCNC(C)=C=C=C1)CC1,-4.46,augment,,,CC1=C=C=CCCC(C(C)(C)C)CCC(=O)OCN1
C1COC=C=[C@H1][NH2+1]SC(=O)C=C=C(C)C(=O)C=CC=C1C,-4.78,augment,,,CC1=C=CC(=O)S[NH2+]C=C=COCCC(C)=CC=CC1=O
CC1=C=CC=C(C)C(F)C=NCNCOC(C)=CN1,-3.96,augment,,,CC1=C=CC=C(C)C(F)C=NCNCOC(C)=CN1
CC=1OC(=O)CC(C)=C=CC=C(C=NON)C=1C(C)CF,-4.72,augment,,,CC1=C=CC=C(C=NON)C(C(C)CF)=C(C)OC(=O)C1
C1=CC=C=C(C)C#C1,-3.3,augment,,,CC1=C=CC=CC#C1
C1CC=CC=C1CCSC=NC=CC=C2C=C(OCN3C=N2)CC=C=C3C,-5.18,augment,,,CC1=C=CCC2=CC(=CC=CN=CSCCC3=CC=CCC3)N=CN1CO2
C1C(C)NN(O)C2(C)NN(N)CCOC=CC2CCC=C=C1C,-5.34,augment,,,CC1=C=CCCC2C=COCCN(N)NC2(C)N(O)NC(C)C1
C1CC2[C@@H1]1COC=C=C(C(=O)NCC=C2C)C,-4.67,augment,,,CC1=C=COC[C@@H]2CCC2C(C)=CCNC1=O
CN(CCC=C(C)CC=O)C1CN(C)CC=CC(C)=C=NN1,-4.26,augment,,,CC1=C=NNC(N(C)CCC=C(C)CC=O)CN(C)CC=C1
CC1OCCNCC(C)=CC#CNNCCCC1,-4.61,augment,,,CC1=CC#CNNCCCCC(C)OCCNC1
C1CCC(C)=CC(=O)C(N)C(O)CC=CC=CC1=O,-4.4,augment,,,CC1=CC(=O)C(N)C(O)CC=CC=CC(=O)CCC1
O=C(CCC=CNN=CC1=CNCNC2=O)C=C(C)C2C1C[O-1],-4.79,augment,,,CC1=CC(=O)CCC=CNN=CC2=CNCNC(=O)C1C2C[O-]
CC1=CC(=O)N=[C@@H1]CC=CC=CC12CCCC2CCCC3=CC3N,-5.4,augment,,,CC1=CC(=O)N=CCC=CC=CC12CCCC2CCCC1=CC1N
FC1(C)C=C(C)OC=C2CC=CC1=C2,-3.82,augment,,,CC1=CC(C)(F)C2=CC(=CO1)CC=C2
C12CCC(C)=CC(C)C(=O)C1C=CC2(C=CC=CC=C3CC3)C,-5.11,augment,,,CC1=CC(C)C(=O)C2C=CC(C)(C=CC=CC=C3CC3)C2CC1
C1=C(C)CC=C1C=C/C=CN=C(O)N=O,-4.33,augment,,,CC1=CC(C=CC=CN=C(O)N=O)=CC1
CC1=CC(CCN1)C=O,-3.52,augment,,,CC1=CC(C=O)CCN1
C1C=CC=CNC=NC(NCNC=NC=O)C=C1C,-4.81,augment,,,CC1=CC(NCNC=NC=O)N=CNC=CC=CC1
C1C=C1C,-2.04,augment,,,CC1=CC1
CC1=CC1C(=O)N=O,-4.11,augment,,,CC1=CC1C(=O)N=O
C1COC=NNN=CC=CC1C=CC=NN(NNCO)C=NOCSSC(C)C2C=C2C,-4.7,augment,,,CC1=CC1C(C)SSCON=CN(N=CC=CC1C=CC=NNN=COCC1)NNCO
CN(C=O)C=CC=NCC=CC=C[N+1](C)NN(C)CCC1C=C1C,-3.77,augment,,,CC1=CC1CCN(C)N[N+](C)C=CC=CCN=CC=CN(C)C=O
CC(C1)NNC=CC=CC12CS(=O)COCCCCC(C)=C2,-4.96,augment,,,CC1=CC2(C=CC=CNNC(C)C2)CS(=O)COCCCC1
C1CC=CCC2(C=C1C)CN2C=O,-3.99,augment,,,CC1=CC2(CC=CCC1)CN2C=O
C12C=CC=C2C=C(C)N(C)O1,-4.06,augment,,,CC1=CC2=CC=CC2ON1C
C1COC(=O)NC(C)CNSNCC=C2C=C(C)CC(CCC=CC2)C1,-5.59,augment,,,CC1=CC2=CCNSNCC(C)NC(=O)OCCCC(CCC=CC2)C1
C1CC=CCC(C2)(C3)C3(C)CC(C=C1C)C=C2,-4.74,augment,,,CC1=CC2C=CCC3(CC=CCC1)CC3(C)C2
C[C@@H1](C)CC=CC=C(NC(O)C=CCNC1=NCC=COC1C=C(C)CC2)C2,-4.79,augment,,,CC1=CC2OC=CCN=C2NCC=CC(O)NC(=CC=CCC(C)C)CCC1
C1CCCC2([NH2+1][C@@H1]3C(=O)CC4CC42C)C3C=C1C,-5.05,augment,,,CC1=CC2[C@@H]3[NH2+]C2(CCCC1)C1(C)CC1CC3=O
C1CCC(C)=CC=C1CNCNCCCC=CC=CNC(C)C=CCCCOC=NN,-4.16,augment,,,CC1=CC=C(CNCNCCCC=CC=CNC(C)C=CCCCOC=NN)CCC1
C1CCCC(C)=CC=C1C[NH1+1](C)N[C@H1]=O,-4.01,augment,,,CC1=CC=C(C[NH+](C)NC=O)CCCC1
C1CNC=CCC=CC(C2SCN)C3=CC=C(C)CC3C=C21,-4.67,augment,,,CC1=CC=C2C(C=C3CCNC=CCC=CC2C3SCN)C1
C1CC2C3=C1N[C@H1]2OC=CC=C4C(C)=CC=C34,-4.58,augment,,,CC1=CC=C2C1=CC=CO[C@@H]1NC3=C2C1CC3
CC1=CC=C(OC=C1C(N)CNCC2)CC(C)(CCC2)F,-4.57,augment,,,CC1=CC=C2CC(C)(F)CCCCCNCC(N)C1=CO2
C1N(C)CC2=CC=C(C)C21C=CC=O,-4.46,augment,,,CC1=CC=C2CN(C)CC12C=CC=O
CC(CC1C2C)=CC=C2SC=NC=C=C1CC=NN=C3CC3=NC=N,-5.48,augment,,,CC1=CC=C2SC=NC=C=C(CC=NN=C3CC3=NC=N)C(C1)C2C
CC1=CC=CC#COC(C=O)CC=C(C)C(C=O)CCC=CC=C1,-5.16,augment,,,CC1=CC=CC#COC(C=O)CC=C(C)C(C=O)CCC=CC=C1
C12C=NC3=C1C=C(C=CC=C4C)C4OC(=O)N3C#CC2,-4.58,augment,,,CC1=CC=CC2=CC3=C4N=CC3CC#CN4C(=O)OC12
C1CCCCC=NNC=C1NCCCCN2NNC(C)=CC=CC=C[C@@H1]2CO,-3.82,augment,,,CC1=CC=CC=C[C@H](CO)N(CCCCNC2=CNN=CCCCCC2)NN1
C1CC=CC=C1C,-2.84,augment,,,CC1=CC=CCC1
C1C=CC=CCC2=CCC=C2CCC(C)=CC=C1,-4.59,augment,,,CC1=CC=CCC=CC=CCC2=CCC=C2CC1
C1=C(N)C(=O)N=NC=C(O2)C=C=C(CC2C)OCCCC=CC=C1C,-4.93,augment,,,CC1=CC=CCCCOC2=C=CC(=CN=NC(=O)C(N)=C1)OC(C)C2
C1C=CC=C(N1C=O)C,-3.27,augment,,,CC1=CC=CCN1C=O
CC1=CC=CCN2[C@@H1](C)CCC21,-3.73,augment,,,CC1=CC=CCN2C1CC[C@@H]2C
C1C=CC=C([C@H1]1C=O)C,-3.24,augment,,,CC1=CC=CC[C@@H]1C=O
CC1=NN1SCC2NC=CC=C2C,-3.19,augment,,,CC1=CC=CNC1CSN1N=C1C
CC1=CC=COC(=O)C(C2)N(O)N(N)C2CCCC3=NC13,-4.6,augment,,,CC1=CC=COC(=O)C2CC(CCCC3=NC13)N(N)N2O
C1OC=CC=C(C)N(C2C=C1C(C)=C2C)CCC=O,-3.68,augment,,,CC1=CC=COCC2=CC(C(C)=C2C)N1CCC=O
C1OC=CC=C(C)CC(CNC2=O)C2CC1,-4.17,augment,,,CC1=CC=COCCCC2C(=O)NCC2C1
C12C=CCCCNC3C2C(O)CC=C(C)CC=CN=C31,-4.74,augment,,,CC1=CCC(O)C2C3C=CCCCNC2C3=NC=CC1
C1CC=C1C,-2.37,augment,,,CC1=CCC1
N1C(C)C=[NH1+1]C2=NCCC2CC=C(C)COC1,-4.42,augment,,,CC1=CCC2CCN=C2[NH+]=CC(C)NCOC1
C1C=NC=CC(CS1(C)CS)CC(C)=C2C=CCC=C2C,-4.06,augment,,,CC1=CCC=CC1=C(C)CC1C=CN=CCS(C)(CS)C1
C1CCC=C1C,-2.61,augment,,,CC1=CCCC1
C[C@@](CNC=CN=CC=NC1=O)=CCCC1,-4.09,augment,,,CC1=CCCCC(=O)N=CC=NC=CNC1
C1CCC=C[C@@](C)=C1,-3.23,augment,,,CC1=CCCCC=C1
C1C=CC=C(CO)CCCCC=C1C,-5.39,augment,,,CC1=CCCCCC(CO)=CC=CC1
C1CC(=O)NCCNSCCC=NN=CC2=C(C)CN2CCCCCC=C1C,-5.43,augment,,,CC1=CCCCCCN2CC(C)=C2C=NN=CCCSNCCNC(=O)CC1
C1C=C2C3=C[C@@H1](C=O)CCCC=C(C)C3C21,-4.36,augment,,,CC1=CCCC[C@H](C=O)C=C2C3=CCC3C12
C=12CCC=C(CNCCCN(C3)CCC(S)C=NCNCCC=C3C)NC=1C=C2,-5.14,augment,,,CC1=CCCNCN=CC(S)CCN(CCCNCC2=CCCC3=C(C=C3)N2)C1
CC(C)CC=C=CSC[C@](C(C)C)=CN(N1)OCCC=C1C,-3.92,augment,,,CC1=CCCON(C=C(CSC=C=CCC(C)C)C(C)C)N1
C=1CNC(CCC=O)C=1C,-3.86,augment,,,CC1=CCNC1CCC=O
CC(=C1)N1C=CC(CNC=O)C=CCC[O-1],-3.37,augment,,,CC1=CN1C=CC(C=CCC[O-])CNC=O
C1=CC1CCC=CC=C2N([NH1+1])CCNC(O)CC=CC=NC=C(C)CC2C,-4.37,augment,,,CC1=CN=CC=CCC(O)NCCN([NH+])C(=CC=CCCC2C=C2)C(C)C1
C1C[NH1+1]CCNC=C(C)C1OC=NN=CCCC(=O)[O-1],-3.74,augment,,,CC1=CNCC[NH+]CCC1OC=NN=CCCC(=O)[O-]
C1C(C)=C(C=CCC=O)OC=C1C,-4.36,augment,,,CC1=COC(C=CCC=O)=C(C)C1
C1OC=C1C,-2.68,augment,,,CC1=COC1
C12C=CC(C)NNC1CSCC3(OC=4)C2CC3C=4C,-5.18,augment,,,CC1=COC23CSCC4NNC(C)C=CC4C2CC13
CC1C=CN=C1SCCCN2[C@H1](C)CCN2C(=O)C3CSC=C3C,-4.51,augment,,,CC1=CSCC1C(=O)N1CC[C@@H](C)N1CCCSC1=NC=CC1C
C1C=CC=CC[C@H1](C)OCCC[C@H1]2C=C(C)C21,-4.63,augment,,,CC1=C[C@@H]2CCCO[C@@H](C)CC=CC=CCC12
C1CCCC(C(=O)N2CCNC2CC3CC3[NH3+1])N=C1C,-3.71,augment,,,CC1=NC(C(=O)N2CCNC2CC2CC2[NH3+])CCCC1
CC(=N1)C1C=CCC(O)(C)C(C)C,-3.49,augment,,,CC1=NC1C=CCC(C)(O)C(C)C
OC=NC(CCCC1=NCC(C)=NC2=CC2=N1)O,-3.33,augment,,,CC1=NC2=CC2=NC(CCCC(O)N=CO)=NC1
C12C=CC(C(=O)COC=CC=O)C1N=C2C,-3.36,augment,,,CC1=NC2C(C(=O)COC=CC=O)C=CC12
CC1=NC=C1NC(=O)C2=CC(=O)C=C2CC(C3)CS3,-4.5,augment,,,CC1=NC=C1NC(=O)C1=CC(=O)C=C1CC1CSC1
C1C=CN=C1C,-2.83,augment,,,CC1=NC=CC1
CC1=NC=CC=CC#C1,-3.67,augment,,,CC1=NC=CC=CC#C1
O=C1N2C=CN=C(C)C(C3)=C3NC=CCCCC2C=C1,-4.97,augment,,,CC1=NC=CN2C(=O)C=CC2CCCC=CNC2=C1C2
CC1=NCC(C)=C1C=O,-3.06,augment,,,CC1=NCC(C)=C1C=O
C1CN=C1C,-2.47,augment,,,CC1=NCC1
CC1=NCC=NN(OCC(=O)NCCCNC2=O)C2N1,-4.37,augment,,,CC1=NCC=NN2OCC(=O)NCCCNC(=O)C2N1
C1C=CCCC=C=CC(C=O)C(C)=NC1,-4.01,augment,,,CC1=NCCC=CCCC=C=CC1C=O
CC1=NCN(N)C(=O)C=NC=CNN(C(=O)N(C)C)CC=CC=C=NNS1,-4.94,augment,,,CC1=NCN(N)C(=O)C=NC=CNN(C(=O)N(C)C)CC=CC=C=NNS1
C1C=CC1C=NCCCNC=CC(C)C(=O)NCC2=NN=C(C)C23C=C3,-4.3,augment,,,CC1=NN=C(CNC(=O)C(C)C=CNCCCN=CC2C=CC2)C12C=C2
O=C(C=CC=CC=C1C(C)=NSCC1)C[NH1+1]C=CCC=CC=CC=CCF,-4.55,augment,,,CC1=NSCCC1=CC=CC=CC(=O)C[NH+]C=CCC=CC=CC=CCF
C1[C@@H1]=C1CCC2C(C)C#C2,-2.99,augment,,,CC1C#CC1CCC1=CC1
C[C@H1](CCC#CC(C1)C)C(N)C(=O)C=NC1,-3.74,augment,,,CC1C#CCC[C@@H](C)C(N)C(=O)C=NCC1
CC1C2=CC=CCN2C1=O,-3.53,augment,,,CC1C(=O)N2CC=CC=C12
CC1N(C)[NH1+1]2C=NC[NH1+1]2CCNC1=O,-3.97,augment,,,CC1C(=O)NCC[NH+]2CN=C[NH+]2N1C
C1C[NH2+1]C2=C=C1/C=CCCOCCC(C=O)C2C,-4.46,augment,,,CC1C2=C=C(C=CCCOCCC1C=O)CC[NH2+]2
C1C(C)(N)CNC2=CC=C1C=NCN3CCCC3C2C,-4.73,augment,,,CC1C2=CC=C(C=NCN3CCCC13)CC(C)(N)CN2
CC1C2C=CC=C1C2CCCC3C=C3,-3.41,augment,,,CC1C2=CC=CC1C2CCCC1C=C1
CC1C(CC=CC2=CN(C)C=O)CC=C12,-4.45,augment,,,CC1C2=CCC1CC=CC2=CN(C)C=O
CC1[C@@H1]2CCC=C12,-3.09,augment,,,CC1C2=CCC[C@H]21
N1C(=O)CN(C=C1C2OCCN3C)NCC=C3C2C,-4.23,augment,,,CC1C2=CCNN3C=C(NC(=O)C3)C1OCCN2C
CC1C2C=NC=C12,-3.24,augment,,,CC1C2=CN=CC21
C1=C2C(C)[C@@H1](O3)NCCCN3C2O1,-3.75,augment,,,CC1C2=COC2N2CCCN[C@@H]1O2
C12C(O)[C@@H1]=C1N(C2C)CCl,-3.88,augment,,,CC1C2C(=CC2O)N1CCl
C12C(C)N1CCC(=O)C=CC3=CN4C=CC=CCC=CC4C5=C3C52,-5.24,augment,,,CC1C2C3C4=C3C3C=CCC=CC=CN3C=C4C=CC(=O)CCN12
C12C=C(ON(O)C(C)C1/C=C3)C=CC=C2N(C)CC(O4)CCNC4CCCC3,-5.51,augment,,,CC1C2C=CCCCCC3NCCC(CN(C)C4=CC=CC(=CC42)ON1O)O3
C1COC=C(C=CN2CCCCC(O)C3C)C=CC3C=COCCC12,-4.32,augment,,,CC1C2C=COCCC3CCOC=C(C=C2)C=CN3CCCCC1O
C1#CC=C1CCCCCC2CNNC3NCC=CCC4C2CCC4C3C,-5.08,augment,,,CC1C2NCC=CCC3C(CCC13)C(CCCCCC1=CC#C1)CNN2
C[NH1+1](C)COC=CC=C1CC(C)C=C1C#N,-3.65,augment,,,CC1C=C(C#N)C(=CC=COC[NH+](C)C)C1
C1OC(C)C=C1C=CC=CC(C=CC=CF)(C)S,-3.69,augment,,,CC1C=C(C=CC=CC(C)(S)C=CC=CF)CO1
C1CC(C)C=C1[C@@H1]=[C@H1]C=O,-4.02,augment,,,CC1C=C(C=CC=O)CC1
C1=CCCNC(=O)C(C)C=C1CC=O,-4.94,augment,,,CC1C=C(CC=O)C=CCCNC1=O
CC1C[C@@H1]1CCC=CCCCC2=CC(C)CC2C,-3.8,augment,,,CC1C=C(CCCC=CCC[C@H]2CC2C)C(C)C1
C1C(C)C=C1C[NH3+1],-3.06,augment,,,CC1C=C(C[NH3+])C1
C1[C@@H1](C=O)[NH1+1]1CNC2=CC(C)CC=C2CF,-3.9,augment,,,CC1C=C(NC[NH+]2C[C@H]2C=O)C(CF)=CC1
CC(C1)C=C1OC(=O)CCCCC=O,-3.14,augment,,,CC1C=C(OC(=O)CCCCC=O)C1
CC1C=C1CC=CC=O,-3.56,augment,,,CC1C=C1CC=CC=O
CC1C=C1CNCN2CN[C@H1](S)CNC2=N,-3.5,augment,,,CC1C=C1CNCN1CN[C@H](S)CNC1=N
CC([O-1])C1=C2C=C(NC=NC=CCC(C)C=C21)C=S,-4.92,augment,,,CC1C=C2C(=C2C(C)[O-])C=C(C=S)NC=NC=CC1
C1C2(C)CC=CN=[C@@H1]OC=CCCCC(C)C=C2C1C,-5.17,augment,,,CC1C=C2C(C)CC2(C)CC=CN=COC=CCCC1
C1C=CCC2OC=C1[C@H1](O)NCC(C)CC(C)C=C3C=C3C=C2,-4.76,augment,,,CC1C=C2C=C2C=CC2CC=CCC(=CO2)[C@H](O)NCC(C)C1
C1=2C(C)C=C1C=C=C=2,-3.29,augment,,,CC1C=C2C=C=C=C21
C12CCC3CCC=C3CC(C)C=C1C=CC2C=O,-4.92,augment,,,CC1C=C2C=CC(C=O)C2CCC2CCC=C2C1
C1CC=CC(C(C)NCOC1NCC2NCCC=C2CC=CC3)=CC3C,-5.13,augment,,,CC1C=C2C=CCCC(NCC3NCCC=C3CC=CC1)OCNC2C
C12C(C)C=C1O2,-3.0,augment,,,CC1C=C2OC21
C=1C(C)C=C=1,-2.27,augment,,,CC1C=C=C1
CC(C=C=CC(N)CC1N[NH1]C(=O)NCC2)CC1=CNC2,-4.82,augment,,,CC1C=C=CC(N)CC2NNC(=O)NCCCNC=C2C1
CC1CCC=C=C1,-2.89,augment,,,CC1C=C=CCC1
C=1C(C)CCCC=C=1,-3.16,augment,,,CC1C=C=CCCC1
C12CC(C=C[C@@H1]1C=N)=CC3(N)C(C)C=C=S32,-4.84,augment,,,CC1C=C=S2C3CC(=CC12N)C=C[C@@H]3C=N
C1CCCC(C[NH1+1]C[C@@H1](C)C(C)C=CC2C)C=CC=C21,-5.29,augment,,,CC1C=CC(C)[C@H](C)C[NH+]CC2C=CC=C1CCCC2
CC(C)(C)CC=1C=CC(OC=1C=O)C,-3.96,augment,,,CC1C=CC(CC(C)(C)C)=C(C=O)O1
C1C(=O)N=CC=C(S)C=CC(C)C1(C)F,-3.97,augment,,,CC1C=CC(S)=CC=NC(=O)CC1(C)F
C12CC[C@@H1]1C[C@H1](C3)CC2(C=CC(C)CCC=CC=C3)C,-5.21,augment,,,CC1C=CC2(C)C[C@@H](CC=CC=CCC1)C[C@H]1CCC12
C1C(C)C=CC1(C=CCCCNC2C3[NH1]C=CC=C3C4C)NCC24,-5.84,augment,,,CC1C=CC2(C=CCCCNC3C4NC=CC=C4C(C)C3CN2)C1
C1CC23SC1[NH2+1]CCC3NC(C)C=C2,-4.16,augment,,,CC1C=CC23CCC([NH2+]CCC2N1)S3
C1C(C)C=CC2=CC=CC=CNC(C)CCCC=C21,-5.53,augment,,,CC1C=CC2=CC=CC=CNC(C)CCCC=C2C1
C1C(C)[C@H1]2OC=CC=C2C=CC1C,-4.22,augment,,,CC1C=CC2=CC=CO[C@@H]2C(C)C1
C1#CC(=O)N1NCC2C3C=CC(C)ON(C)C=CC=C2N=CCS3,-4.49,augment,,,CC1C=CC2SCC=NC(=CC=CN(C)O1)C2CNN1C#CC1=O
C1C(C)C=CC=C1C#N,-3.5,augment,,,CC1C=CC=C(C#N)C1
CC(C=CC=C1C2=CC=CC=CC2)C3=NC3N1C,-4.38,augment,,,CC1C=CC=C(C2=CC=CC=CC2)N(C)C2N=C12
C1C(O)NC(=O)CC(C)C=CC=C1C=CC=O,-4.8,augment,,,CC1C=CC=C(C=CC=O)CC(O)NC(=O)C1
C1OC2=CC=C1C(=O)C(C)C=CC=C(N)C=CC=C2,-4.58,augment,,,CC1C=CC=C(N)C=CC=CC2=CC=C(CO2)C1=O
N#CC1CC=CN1CC(=O)N=C\C2=CC=CC2C,-4.12,augment,,,CC1C=CC=C1C=NC(=O)CN1C=CCC1C#N
C12C=CC=CC(C)CCC3=CC13CCC2=O,-5.12,augment,,,CC1C=CC=CC2C(=O)CCC23C=C3CC1
CC(NNC=NNC(C1)CCCN(C)C)C=CC=CC=C2C=C2NC=N1,-4.64,augment,,,CC1C=CC=CC=C2C=C2NC=NCC(CCCN(C)C)NN=CNN1
C1=C(C(O)CCN)C1C23CCCCN2NC=CC=CC=CC3C,-5.06,augment,,,CC1C=CC=CC=CNN2CCCCC12C1C=C1C(O)CCN
CC(C=CC=CCCC1C2CCNC=C2CCCC=C3C=O)N=NC3C1,-4.9,augment,,,CC1C=CC=CCCC2CC(N=N1)C(C=O)=CCCCC1=CNCCC12
C1C(C)C=CC=CN(C=C1)C=NC(=O)C2CC2F,-4.5,augment,,,CC1C=CC=CN(C=NC(=O)C2CC2F)C=CC1
CC1OC(=NS)CC=C1,-3.19,augment,,,CC1C=CCC(=NS)O1
CC1C=C(CC=C1)C=O,-3.91,augment,,,CC1C=CCC(C=O)=C1
O=C(C1CC=CC2=C1CC=O)CCC=CC(C)CC2C,-4.47,augment,,,CC1C=CCCC(=O)C2CC=CC(=C2CC=O)C(C)C1
C1C[NH1+1]C12CCC=CC(C)CCN(O)SCCCC=CN2C,-4.66,augment,,,CC1C=CCCC2(CC[NH+]2)N(C)C=CCCCSN(O)CC1
C1NC1(N2)CCC=CC(C)C(=O)NC=CC=C2C=COC=CC3CC3=O,-5.47,augment,,,CC1C=CCCC2(CN2)NC(C=COC=CC2CC2=O)=CC=CNC1=O
O=C(C=CCCC=CC1C)C=CC=C1C=O,-4.45,augment,,,CC1C=CCCC=CC(=O)C=CC=C1C=O
C1COC=NN=CC=C2N(SCCC=CC(C)SC=N2)C=CN1O,-5.09,augment,,,CC1C=CCCSN2C=CN(O)CCOC=NN=CC=C2N=CS1
CC1[C@H1]=CCN1CC2=NC=CCC=C(N)C=CC=CC2,-4.93,augment,,,CC1C=CCN1CC1=NC=CCC=C(N)C=CC=CC1
C1CCC2(C)CCCSCN2C(=O)NC(O)CCCCC(C)C=CN=C3C=C3C=C1,-5.21,augment,,,CC1C=CN=C2C=C2C=CCCCC2(C)CCCSCN2C(=O)NC(O)CCCC1
CC1CC(C2)=C1CNCNC(C)C=CN=N2,-4.64,augment,,,CC1C=CN=NCC2=C(CNCN1)C(C)C2
CN(C(C1C)NC=C1)CCC=O,-3.71,augment,,,CC1C=CNC1N(C)CCC=O
CC1C=CNC23CCC1CN2CC(=O)N3CC(=O)C=C=C=O,-4.91,augment,,,CC1C=CNC23CCC1CN2CC(=O)N3CC(=O)C=C=C=O
C12C(CNC=C1N)NC=CC(C)N2,-3.65,augment,,,CC1C=CNC2CNC=C(N)C2N1
CC(C1)C=CNC=NC#C1,-3.61,augment,,,CC1C=CNC=NC#CC1
C1CC(C)CC(C)C=C[NH1]1,-3.5,augment,,,CC1C=CNCCC(C)C1
C1OC(=C2)C=C1NC=C2NCCN(C3(C)C(C)CF)ONC=CC3C,-4.09,augment,,,CC1C=CNON(CCNC2=CNC3=CC(=C2)OC3)C1(C)C(C)CF
O=C(CCC1C2CC=CC(=C3)[NH1]1)N(C)CC(C)C=COC23,-4.52,augment,,,CC1C=COC2C=C3C=CCC2C(CCC(=O)N(C)C1)N3
C[C@H1](C1)C=C1N2N(C(C)C3)CCCC2C(C)C=COS3,-4.41,augment,,,CC1C=COSCC(C)N2CCCC1N2C1=C[C@H](C)C1
C1=[NH1+1]SC(C)C=CO[N+1]1=O,-4.01,augment,,,CC1C=CO[N+](=O)C=[NH+]S1
O=C(CC=CNC(C)C=CC1=CC=CC=C12)NC=CN2CCCC3=CC3N,-5.39,augment,,,CC1C=Cc2ccccc2N(CCCC2=CC2N)C=CNC(=O)CC=CN1
CC1C=NC=CCC=C2N=C2NC=C1C=CC=O,-4.9,augment,,,CC1C=NC=CCC=C2N=C2NC=C1C=CC=O
C12C(=O)N(C)CNC[C@H1](O)C(C)C=NCC1C2,-4.15,augment,,,CC1C=NCC2CC2C(=O)N(C)CNC[C@@H]1O
C1C(C)NCC=C1C(NCCC=O)(CC2CC2)N,-2.56,augment,,,CC1CC(C(N)(CC2CC2)NCCC=O)=CCN1
CC(C)SC(NC(C)C1)=C1C(O)N2CCCCC2=O,-3.87,augment,,,CC1CC(C(O)N2CCCCC2=O)=C(SC(C)C)N1
O=CN(C(C1)C)C1(C)NCC2=C=C2NN=N,-3.69,augment,,,CC1CC(C)(NCC2=C=C2NN=N)N1C=O
C1C(C)OC=C1C=CC=O,-3.68,augment,,,CC1CC(C=CC=O)=CO1
C1COC(=O)CCCCC1C2CCCCC(C=O)CC2C,-4.68,augment,,,CC1CC(C=O)CCCCC1C1CCCCC(=O)OCC1
C1C(C)OC=CNCC=NC=C1CC=CC=NC=N,-4.6,augment,,,CC1CC(CC=CC=NC=N)=CN=CCNC=CO1
C1COC#CN1CNCC2C(C)CC2CF,-3.16,augment,,,CC1CC(CF)C1CNCN1C#COCC1
C1C(C)C(N)C1(N)C=O,-3.49,augment,,,CC1CC(N)(C=O)C1N
CC(C1)[NH1+1]=C1NC=NNC=CC(=O)C=CC2COCO2,-4.02,augment,,,CC1CC(NC=NNC=CC(=O)C=CC2COCO2)=[NH+]1
C1C(C)C1,-2.1,augment,,,CC1CC1
CC1CC1=O,-3.04,augment,,,CC1CC1=O
C1C(C)C(=C2)CC12N3C(=O)CC4OCCC=C34,-4.46,augment,,,CC1CC2(N3C(=O)CC4OCCC=C43)C=C1C2
C123N(C=CC4=C1CCC(O)C(C)C=C2)C=CC=C4C(C)C3,-4.81,augment,,,CC1CC23C=CC(C)C(O)CCC2=C2C=CN3C=CC=C21
C1[NH1+1](CNNCNCC=NC=C(N)C=C2CON)CC=C2CC1C,-4.73,augment,,,CC1CC2=CC[NH+](CNNCNCC=NC=C(N)C=C2CON)C1
C12C(C)CC1=NC=C=C2C=CC=CCF,-3.67,augment,,,CC1CC2=NC=C=C(C=CC=CCF)C21
CC1NC=C=NC=CC(N)C(=O)[C@@H1]([NH1+1])CCC=CC=CC(=C2)C2C1,-4.91,augment,,,CC1CC2C=C2C=CC=CCC[C@H]([NH+])C(=O)C(N)C=CN=C=CN1
NC=CC1C(C)CC2C1=N2,-3.61,augment,,,CC1CC2N=C2C1C=CN
C1CC=CC(F)(F)CCC=CC=CC(O)C(ON)C2NNC=C1C(C)C2,-4.0,augment,,,CC1CC2NNC=C1CCC=CC(F)(F)CCC=CC=CC(O)C2ON
C1CCC(C)CC=C(C=O)COCC=CC=CC=C1,-4.68,augment,,,CC1CC=C(C=O)COCC=CC=CC=CCCC1
C1CN(CN)CCC[NH1]C=C1C=CCCC(=O)CNOC2C(C)CC=C2,-3.79,augment,,,CC1CC=CC1ONCC(=O)CCC=CC1=CNCCCN(CN)CC1
C1CC(C)CC=CC=C1COCON=O,-4.24,augment,,,CC1CC=CC=C(COCON=O)CC1
C1C[NH2+1]C12CC(C)CC=CC=C3C=C32,-4.34,augment,,,CC1CC=CC=C2C=C2C2(CC[NH2+]2)C1
C1C(C)OC=C=CC=CC=C1,-3.72,augment,,,CC1CC=CC=CC=C=CO1
O=C(CC=CCC1C)CSC2=C1C=CC=CCCCCC2F,-5.23,augment,,,CC1CC=CCC(=O)CSC2=C1C=CC=CCCCCC2F
CC1CC=C[NH1+1]C1,-2.96,augment,,,CC1CC=C[NH+]C1
C12CCC(CC3CN1CNCCCSN=CCC4=C3C42)C,-4.89,augment,,,CC1CCC2C3C4=C3C(C1)CN2CNCCCSN=CC4
CC1CCC(C2)C=C21,-3.1,augment,,,CC1CCC2C=C1C2
CC(C1)CCC=C1CC=NC(C)C=CC=C[O-1],-4.31,augment,,,CC1CCC=C(CC=NC(C)C=CC=C[O-])C1
CC(C1)CCC=C1N,-3.38,augment,,,CC1CCC=C(N)C1
O1C(C)CN=C=CCCC(C)NCCC1C,-4.45,augment,,,CC1CCC=C=NCC(C)OC(C)CCN1
C12OCSC3N1CC(C)CCC=CC=C4N3NC4OC2,-4.65,augment,,,CC1CCC=CC=C2C3NN2C2SCOC(CO3)N2C1
O=C(C=CN1OCCC=C2C3=C12)CCCC3C,-4.49,augment,,,CC1CCCC(=O)C=CN2OCCC=C3C1=C32
C123C(C)CCCC1CC2=N3,-3.7,augment,,,CC1CCCC2CC3=NC312
C12C(C)CCCC=C1N2C,-3.41,augment,,,CC1CCCC=C2C1N2C
C1CCCCC1C,-2.92,augment,,,CC1CCCCC1
C12NC=C3C1(C=O)CC(C)CCCCC=C32,-4.13,augment,,,CC1CCCCC=C2C3=CNC2C3(C=O)C1
CC1CCCCC=NN(C)C=CC2=C1C=CC=C2NCCCCCC3CO3,-3.84,augment,,,CC1CCCCC=NN(C)C=Cc2c(NCCCCCC3CO3)cccc21
C1CCCCC(NCCC2=CC12CF)C,-4.17,augment,,,CC1CCCCCC2(CF)C=C2CCN1
C=12CC3(C)C=1C=C3CCCCCC2C,-4.24,augment,,,CC1CCCCCC2=CC3=C1CC23C
FC=CC1=C2/C(C)N1CCCCCC(C)CCC2,-4.25,augment,,,CC1CCCCCN2C(C=CF)=C(CCC1)C2C
CC1CCCC[NH1+1]1C=CC=O,-3.94,augment,,,CC1CCCC[NH+]1C=CC=O
CC1[C@@H1](C)CCC(C2)NC3(C)[C@@H1]2CCC3N(C)CCC1,-4.4,augment,,,CC1CCCN(C)C2CC[C@@H]3CC(CC[C@@H]1C)NC23C
CC1CCCN1CNC=CC=O,-3.5,augment,,,CC1CCCN1CNC=CC=O
CC1CCCN=N1,-3.31,augment,,,CC1CCCN=N1
C1C2(C)[C@@H1]1NCC(C=O)NCCCC(C)CON=C2,-4.3,augment,,,CC1CCCNC(C=O)CN[C@@H]2CC2(C)C=NOC1
C1CN(C=O)NC(CCNCCCC1C)P,-3.96,augment,,,CC1CCCNCCC(P)NN(C=O)CC1
CC(C)(C1[NH1+1]C2=O)C1(SCCCC(C)NC2)C3CC3,-4.43,augment,,,CC1CCCSC2(C3CC3)C([NH+]C(=O)CN1)C2(C)C
CC(CCN(C)CC1=O)NCC2CCCC=C2C1N,-4.58,augment,,,CC1CCN(C)CC(=O)C(N)C2=CCCCC2CN1
C1CNCOC1C,-3.42,augment,,,CC1CCNCO1
C1OC=CC=COCCC(C)CC=2OCCC3C=2C3CC1,-4.44,augment,,,CC1CCOC=CC=COCCCC2C3=C(C1)OCCC32
C1CC(C)[C@H1]1C=O,-3.25,augment,,,CC1CC[C@@H]1C=O
CC1CC[NH1+1]N(C)CCC=CC21C=C2,-4.06,augment,,,CC1CC[NH+]N(C)CCC=CC12C=C2
C[C@H1](NC=CC(C(C)CN1CCCNN)CC=N)N1CC=CC2=NC2,-4.07,augment,,,CC1CN(CCCNN)N(CC=CC2=NC2)[C@H](C)NC=CC1CC=N
C1C(C)OCCN1CNC(=O)C[O-1],-3.51,augment,,,CC1CN(CNC(=O)C[O-])CCO1
CC1CN1NSCC(C=N)C=C2C=CN=C2Cl,-3.56,augment,,,CC1CN1NSCC(C=N)C=C1C=CN=C1Cl
C1CC2CC=CN2CC(C)C3N1C(C)NCCCCCCCC3,-5.14,augment,,,CC1CN2C=CCC2CCN2C(C)NCCCCCCCCC12
C1C(N)N=CC=CC2=C3C=NC2CON4[C@H1](C(C)C4)C3C1,-4.65,augment,,,CC1CN2OCC3N=CC4=C3C=CC=NC(N)CCC4[C@@H]12
C1NCCC(CCCCCC=O)C1C,-3.86,augment,,,CC1CNCCC1CCCCCC=O
C1C=CC=CC(=O)C(C)COCC=CC=C[NH1]1,-4.56,augment,,,CC1COCC=CC=CNCC=CC=CC1=O
C123CC1CCN2OCC(C)C4=CC=CC=C34,-4.62,augment,,,CC1CON2CCC3CC32c2ccccc21
CC1NCNC=NNCN2C3(C)C=C2CC=C(N4)C(=O)NS31CC4C,-4.51,augment,,,CC1CS23NC(=O)C(=CCC4=CC2(C)N4CNN=CNCNC3C)N1
C[C@H1](CCNC(=O)SCC(C)C1CCC=CNO)CNOCCC1,-5.79,augment,,,CC1CSC(=O)NCC[C@@H](C)CNOCCCC1CCC=CNO
FC=CC=C(N1C(=S)[C@H1](N)C1CC2=CN2NC3SCC4C)C34,-4.54,augment,,,CC1CSC2NN3C=C3CC3[C@@H](N)C(=S)N3C(=CC=CF)C12
C1C(C)[C@@H1]1SCCCC=O,-3.34,augment,,,CC1C[C@H]1SCCCC=O
CC(N1)C[NH1+1]1OCCC2CCNC=CC=C3C=C32,-4.52,augment,,,CC1C[NH+](OCCC2CCNC=CC=C3C=C32)N1
C1C(C)C[NH1+1]NC2C3OC1C=CCCC=CN(C=O)C23N,-4.59,augment,,,CC1C[NH+]NC2C3OC(C=CCCC=CN(C=O)C23N)C1
CC1N=C(N)C=C1C=C(O)C=O,-3.7,augment,,,CC1N=C(N)C=C1C=C(O)C=O
C1CN2C=C(N)C=NC3=C=NC(C)C3N=C2C=NCC=C1,-4.02,augment,,,CC1N=C=C2N=CC(N)=CN3CCC=CCN=CC3=NC21
C1COC(C)N=C=C=CCCN(CNCO)C(C)C(=C2)C2CC(CCl)C1CC=N,-4.05,augment,,,CC1N=C=C=CCCN(CNCO)C(C)C2=CC2CC(CCl)C(CC=N)CCO1
C1C=CC1C(C)NCCCCC(C=NC(C)C2CC23)=CS3,-3.6,augment,,,CC1N=CC(CCCCNC(C)C2C=CC2)=CSC2CC12
C1CC=C2CCC[NH1+1]NC(C/CCCC=NC2C)C=C1P,-4.4,augment,,,CC1N=CCCCCC2C=C(P)CCC=C1CCC[NH+]N2
C=1COC(C)N=1,-2.51,augment,,,CC1N=CCO1
O=C=[NH1+1]C(NCOC=CC=O)CC=CC=CC1=CNC=NC1C,-3.91,augment,,,CC1N=CNC=C1C=CC=CCC(NCOC=CC=O)[NH+]=C=O
OC1=C2N=NN=C(O)C(C)NC(=O)CC#CC2CS1,-3.79,augment,,,CC1NC(=O)CC#CC2CSC(O)=C2N=NN=C1O
CC1NC(C=O)NC[NH1]C=CC=CO[C@@H1]2CC21C,-3.74,augment,,,CC1NC(C=O)NCNC=CC=CO[C@@H]2CC12C
C1=C(NC(C)N(C)C1F)CC=O,-3.36,augment,,,CC1NC(CC=O)=CC(F)N1C
CC1NC1(CCC[NH1+1]C=O)N,-3.27,augment,,,CC1NC1(N)CCC[NH+]C=O
O=CNNNCCN=C1N(C2)N=CC#CC23C(C)NC13,-4.03,augment,,,CC1NC2C(=NCCNNNC=O)N3CC12C#CC=N3
CC1NC(C)NC=CC2CC(=O)C2C1C=O,-4.18,augment,,,CC1NC=CC2CC(=O)C2C(C=O)C(C)N1
C1COCCCSCN2C(CCCC=CC=CC=CNC2C)=CC=CC=C1,-5.87,augment,,,CC1NC=CC=CC=CCCCC2=CC=CC=CCCOCCCSCN21
CC1NC=CC=NN(NC=NC2CC=CC=C12)N=O,-4.68,augment,,,CC1NC=CC=NN(N=O)NC=NC2CC=CC=C21
CC1NC=CNC(=O)C=C2C(N)N3NN4C=CC=CN4C=CC3CC1OC2,-4.87,augment,,,CC1NC=CNC(=O)C=C2COC1CC1C=CN3C=CC=CN3NN1C2N
C1[NH1+1]CC2C3(C=CC=C3CNC(C)N1[NH1]2)CF,-3.93,augment,,,CC1NCC2=CC=CC2(CF)C2C[NH+]CN1N2
C1CNC(C)OCCCC1C(C)CCBr,-4.24,augment,,,CC1NCCC(C(C)CCBr)CCCO1
C1C=CC=CCCCNC(C)C1(CCNSCCN)NC=CN(C2CC23)C3,-3.3,augment,,,CC1NCCCC=CC=CCC1(CCNSCCN)NC=CN1CC2CC21
CC1NCCCN1CC2CN(C)CC=C(C(=O)CNC=CCC3C2)C3,-4.82,augment,,,CC1NCCCN1CC1CC2CC=CNCC(=O)C(=CCN(C)C1)C2
O1C(=O)OCCNC=CN(CC=O)NC1C,-3.08,augment,,,CC1NN(CC=O)C=CNCCOC(=O)O1
CC1OC(=O)NN1CCOC=O,-3.23,augment,,,CC1OC(=O)NN1CCOC=O
CC1OC(CC2C=C1SC2=O)CCCCCS,-4.06,augment,,,CC1OC(CCCCCS)CC2C=C1SC2=O
CC1OCC(C2)=C1C(C)CC2CC[C@@H1](C)CCC3OC(C)O3,-4.62,augment,,,CC1OC(CC[C@H](C)CCC2CC3=C(C(C)C2)C(C)OC3)O1
CC1OC=CC(O)C(C2)=C2NC=NC3=CC3(CC1=O)C,-4.08,augment,,,CC1OC=CC(O)C2=C(C2)NC=NC2=CC2(C)CC1=O
CC1OCCC=C1CC[NH1+1]C=O,-3.27,augment,,,CC1OCCC=C1CC[NH+]C=O
C1C=NN=C=C(C(C)OCCCNC=CC2SC1N)C2C=O,-3.99,augment,,,CC1OCCCNC=CC2SC(N)CC=NN=C=C1C2C=O
C1COC(C)N1C=O,-2.8,augment,,,CC1OCCN1C=O
CC(O1)C(=O)N(C)C2CC=CN2CCCCC=CC3=CC=CC=C31,-5.61,augment,,,CC1Oc2ccccc2C=CCCCCN2C=CCC2N(C)C1=O
O=C(C=CC=CCCC1=CCCSC1C)OCCCC2=CCC[NH1]C=C2,-4.77,augment,,,CC1SCCC=C1CCC=CC=CC(=O)OCCCC1=CCCNC=C1
N1=CC(C=C1CNCCCO)C(C=CC=C2C=O)SSC2C,-3.94,augment,,,CC1SSC(C2C=NC(CNCCCO)=C2)C=CC=C1C=O
CC=C(C)C(C(=O)CCC1=CC=O)N1CCC=O,-3.4,augment,,,CC=C(C)C1C(=O)CCC(=CC=O)N1CCC=O
CNC(=O)CC=C1N(C(=O)C(=O)N1)CCCC(C)=CC,-3.82,augment,,,CC=C(C)CCCN1C(=O)C(=O)NC1=CCC(=O)NC
CC=C(C)N=CC=C1CC1(C)COCC,-3.11,augment,,,CC=C(C)N=CC=C1CC1(C)COCC
CC=C(C)NC=C1C=C1CCC(N)C(S)C=CN=CC(C)C,-3.31,augment,,,CC=C(C)NC=C1C=C1CCC(N)C(S)C=CN=CC(C)C
CCC(CS)SCCCNC(C)=[C@@H1]C,-2.6,augment,,,CC=C(C)NCCCSC(CC)CS
CC=C(C)SC=CNCOC=CCN(C(C)=CCC)C1CCC=N1,-3.5,augment,,,CC=C(C)SC=CNCOC=CCN(C(C)=CCC)C1CCC=N1
CC=C(C(=O)C(S)C=O)C=CC=C(Cl)CNCC,-3.49,augment,,,CC=C(C=CC=C(Cl)CNCC)C(=O)C(S)C=O
O=C(C)C(N=CC(=CC)CCCC=CF)CCl,-2.9,augment,,,CC=C(C=NC(CCl)C(C)=O)CCCC=CF
CC=C(CC)C=O,-3.06,augment,,,CC=C(C=O)CC
CCNC=CCC(C=O)=CC,-3.28,augment,,,CC=C(C=O)CC=CNCC
CC(C)C(=CC)CC(O)[O-1],-3.93,augment,,,CC=C(CC([O-])O)C(C)C
CC=C(CC=CCC(C)C)OC=CCC=CC#CF,-3.07,augment,,,CC=C(CC=CCC(C)C)OC=CCC=CC#CF
CC(O)CCC(C)NNCCNCNC=CCC(CNF)=CC,-0.85,augment,,,CC=C(CC=CNCNCCNNC(C)CCC(C)O)CNF
CC=C(CCCCOSOCCC=O)CC=NN(C)SCCF,-2.05,augment,,,CC=C(CC=NN(C)SCCF)CCCCOSOCCC=O
CC=C(CCNN)CCC=CCCC1N=C1CCOC=O,-1.74,augment,,,CC=C(CCC=CCCC1N=C1CCOC=O)CCNN
CC=C(CCCC)[C@@H1](C[NH1+1]C(C)NC=O)C,-2.89,augment,,,CC=C(CCCC)[C@H](C)C[NH+]C(C)NC=O
CC=C(CN)[C@@H1](N)C(=O)NCF,-2.49,augment,,,CC=C(CN)[C@@H](N)C(=O)NCF
CC=C(CSCC)OCC=CC=CF,-2.58,augment,,,CC=C(CSCC)OCC=CC=CF
CC=C(CSCNC)[C@@H1](O)NCCOC=NC=CC(C)=CC=O,-1.7,augment,,,CC=C(CSCNC)[C@@H](O)NCCOC=NC=CC(C)=CC=O
CC=C(C[NH2+1]C)ONC=CC=CC=CCCNC1C=CC=NC=C1C,-4.39,augment,,,CC=C(C[NH2+]C)ONC=CC=CC=CCCNC1C=CC=NC=C1C
CC=C(N)CCCCNC=O,-3.51,augment,,,CC=C(N)CCCCNC=O
CC=C(N)N(O)CCCC(NCCOC=CC=CF)C=NC=NC,-1.92,augment,,,CC=C(N)N(O)CCCC(C=NC=NC)NCCOC=CC=CF
CC=C(OCCN)NC(C)(O)N(C)C1C=C=CC1,-2.45,augment,,,CC=C(NC(C)(O)N(C)C1C=C=CC1)OCCN
C1C(C)CC=CC=CC=CC1CCCCC/C=CC=NC(O)=CC,-5.23,augment,,,CC=C(O)N=CC=CCCCCCC1C=CC=CC=CCC(C)C1
CC=C1C=CC=[C@@H1]CC#C1,-3.67,augment,,,CC=C1C#CCC=CC=C1
CC=C(C(=O)CCC1)C(CNCC1=N)C=O,-4.11,augment,,,CC=C1C(=O)CCCC(=N)CNCC1C=O
COC(=O)CNCC=CC=C/C=C/C=CNNC1CCC=C(C)C1=CC,-4.14,augment,,,CC=C1C(C)=CCCC1NNC=C/C=C/C=CC=CCNCC(=O)OC
CC=C1N(C)CCCCOOCC1C,-3.8,augment,,,CC=C1C(C)COOCCCCN1C
CC=C1C(CC)CCNCNC(CC=C1C=CCCF)CC,-4.04,augment,,,CC=C1C(C=CCCF)=CCC(CC)NCNCCC1CC
CC=C1C(N)SNCC[C@H1](CCCC)C1ON,-3.5,augment,,,CC=C1C(N)SNCC[C@H](CCCC)C1ON
CCC=CN(N)CCNC(N)C(O)C1=CC(=CC)C1CS,-2.18,augment,,,CC=C1C=C(C(O)C(N)NCCN(N)C=CCC)C1CS
CC1C(C)(O)N(C(C)=CC2=CC)NC=C1C2,-4.73,augment,,,CC=C1C=C(C)N2NC=C(C1)C(C)C2(C)O
CC=C1C=C(CCO1)CN(CCCCC)CF,-2.64,augment,,,CC=C1C=C(CN(CF)CCCCC)CCO1
CC=C1C=C(N[C@H1](C)C=O)CC(C)(C)[NH1]COCOC1,-4.33,augment,,,CC=C1C=C(N[C@H](C)C=O)CC(C)(C)NCOCOC1
CC=C1C=C(OC(C=O)=O)C=[C@@H1]C1C=CC=O,-4.11,augment,,,CC=C1C=C(OC(=O)C=O)C=CC1C=CC=O
CC=C1C=CC(N)N=CCC12C3C(C)C2=CC3=O,-4.75,augment,,,CC=C1C=CC(N)N=CCC12C1=CC(=O)C2C1C
CC=C1C=CC2=C1C=NC#CNCCCC=C=COC2,-4.66,augment,,,CC=C1C=CC2=C1C=NC#CNCCCC=C=COC2
CC=C1C=CNCCC=C=CC=CC=C1,-4.49,augment,,,CC=C1C=CC=CC=C=CCCNC=C1
CC=C1C=CC=NN1C2=CC=NC2=O,-4.63,augment,,,CC=C1C=CC=NN1C1=CC=NC1=O
CC=C1C=CCC=CC(CCC=CCC=C1C=C2N[C@H1]3C)CC2=NCC=C3,-5.31,augment,,,CC=C1C=CCC=CC2CCC=CCC=C1C=C1N[C@@H](C)C=CCN=C1C2
CC=C1C(=O)C=NC2C=NC(C)=C2N=CCC=C1,-4.69,augment,,,CC=C1C=CCC=NC2=C(C)N=CC2N=CC1=O
CC=C1C=CC[NH1+1]1NC=CCC2CCCC=C2C,-4.7,augment,,,CC=C1C=CC[NH+]1NC=CCC1CCCC=C1C
CC[NH2+1][NH2+1]CNCC=C/C=CNCC=C(CC1=CC)CC=N1,-4.61,augment,,,CC=C1CC(=CCNC=CC=CCNC[NH2+][NH2+]CC)CC=N1
O=CC=CC=CC=CC(CC1=CC)C=N1,-4.15,augment,,,CC=C1CC(C=CC=CC=CC=O)C=N1
CC=C(C1)C2=C=C=C(OC=O)OCC=CC=C1C=C(CC)CCC=C2,-5.05,augment,,,CC=C1CC2=CC=CCOC(OC=O)=C=C=C1C=CCCC(CC)=C2
CC=C1CC(N[NH2+1]NC=O)NCC2=C(C#N)OC2=CC1,-4.3,augment,,,CC=C1CC=C2OC(C#N)=C2CNC(N[NH2+]NC=O)C1
CC=C(CCC1N2)C1C3SC4=C2C=CC=CC=C4S3=O,-5.29,augment,,,CC=C1CCC2NC3=C4SC(C12)S(=O)C4=CC=CC=C3
C1C=CC(CN(C)C(C)CCCCCC=CCCC2=CC)(C)CC=C21,-5.49,augment,,,CC=C1CCC=CCCCCCC(C)N(C)CC2(C)C=CCC1=CC2
CC=C1C(CC)C(C=CC(CCCCCC1)C=NC(=O)NN)SC=CCCC,-5.39,augment,,,CC=C1CCCCCCC(C=NC(=O)NN)C=CC(SC=CCCC)C1CC
CC=C1CN(NCCC2)CCCCC21N,-4.34,augment,,,CC=C1CN2CCCCC1(N)CCCN2
CC=C(CNSCNS(=O)NCC=N1)C1=O,-4.6,augment,,,CC=C1CNSCNS(=O)NCC=NC1=O
CC=C(C1)[C@H1]1CCCCNC=CNC(C)C=O,-3.06,augment,,,CC=C1C[C@@H]1CCCCNC=CNC(C)C=O
CC=C1NCCC(=O)C(C)=CC2=CCCCC(=O)C=C1CCC2,-5.34,augment,,,CC=C1NCCC(=O)C(C)=CC2=CCCCC(=O)C=C1CCC2
CC(C)CNC=CN=CC=NCC(C)=C=CC,-3.31,augment,,,CC=C=C(C)CN=CC=NC=CNCC(C)C
CC=C=C(CCO)C(CNC=CC(C(=O)N)C=NC)=NN=CCC,-3.05,augment,,,CC=C=C(CCO)C(CNC=CC(C=NC)C(N)=O)=NN=CCC
CC=C=C(N)C(C)C(=O)NCCC[C@@H1](C)CCCN(C)CCCF,-2.19,augment,,,CC=C=C(N)C(C)C(=O)NCCC[C@@H](C)CCCN(C)CCCF
CC=C=C(CCNC)O,-3.01,augment,,,CC=C=C(O)CCNC
CC=C=CC,-2.37,augment,,,CC=C=CC
CC=C=[C@@H1]C(C(=O)C(C)CC(CN[C@@H1]=N)C=NN)CCC,-3.69,augment,,,CC=C=CC(CCC)C(=O)C(C)CC(C=NN)CNC=N
C1C(CC=C1C=C=CC)CCCNC=CC=CC=CC=CC,-4.17,augment,,,CC=C=CC1=CCC(CCCNC=CC=CC=CC=CC)C1
CC=C=CC=CC1NCSC2(O)C#CC1C2CCCS,-3.24,augment,,,CC=C=CC=CC1NCSC2(O)C#CC1C2CCCS
C1[C@H1](C)C=CC#CC=C1CNCCNC=CC=C=CC,-3.96,augment,,,CC=C=CC=CNCCNCC1=CC#CC=C[C@@H](C)C1
CC=C=[C@@H1]C=O,-3.08,augment,,,CC=C=CC=O
CC=C=CCC=CCOC1(C)ONC=C2C=NNCC2C1C3=CC3,-4.65,augment,,,CC=C=CCC=CCOC1(C)ONC=C2C=NNCC2C1C1=CC1
CC=CC=C/NC=NCC(=O)C1CN1CCCCC=C=CC,-4.36,augment,,,CC=C=CCCCCN1CC1C(=O)CN=CNC=CC=CC
C[C@@H1](OC1CC=CN1)C2CC2(C)NN(C)CC=C=CC,-3.14,augment,,,CC=C=CCN(C)NC1(C)CC1[C@@H](C)OC1CC=CN1
CC=C=CCSC(CC=CC=CC=CO)C=O,-3.7,augment,,,CC=C=CCSC(C=O)CC=CC=CC=CO
CCCCC=NCC(C)[C@@H1]1CCCC=C1[NH1]C=C=CC,-3.59,augment,,,CC=C=CNC1=CCCC[C@H]1C(C)CN=CCCCC
CC=CC#CCCC(=O)C=NNC=CC=CF,-2.98,augment,,,CC=CC#CCCC(=O)C=NNC=CC=CF
CC=CC#CCNC=CC=NCNCC=CC1=CCSNN1NC,-4.57,augment,,,CC=CC#CCNC=CC=NCNCC=CC1=CCSNN1NC
COC=CC=C(C=CC)C(S)CCNC,-3.02,augment,,,CC=CC(=CC=COC)C(S)CCNC
CC1SC1CCC=CC(=O)SC=NCCC=C(CCCC)C=CC,-3.11,augment,,,CC=CC(=CCCN=CSC(=O)C=CCCC1SC1C)CCCC
CCC=CC(OC=CC(O)NC(=N)C=CC)COC=O,-2.07,augment,,,CC=CC(=N)NC(O)C=COC(C=CCC)COC=O
CC=CC(=O)/C(C)NC(C1)CCOC=C1C#N,-3.68,augment,,,CC=CC(=O)C(C)NC1CCOC=C(C#N)C1
CC=CC(=O)C([NH1+1])C=O,-2.94,augment,,,CC=CC(=O)C([NH+])C=O
CC=CC(=O)C1(C)C=2NCN(C)CCCCC(O)C=2NC1,-4.22,augment,,,CC=CC(=O)C1(C)CNC2=C1NCN(C)CCCCC2O
C1OCCSC(CCNCCCC=CC(=O)C=CC)=NN=C1,-4.74,augment,,,CC=CC(=O)C=CCCCNCCC1=NN=CCOCCS1
CC=C/C(=O)C=O,-2.95,augment,,,CC=CC(=O)C=O
CC=CC(=O)CC#N,-2.75,augment,,,CC=CC(=O)CC#N
CC=CC(=O)CC=O,-3.03,augment,,,CC=CC(=O)CC=O
CC=CC(=O)NC(N)C(=O)N=COCN1NNCNC=CCCC=C1C=CS,-2.3,augment,,,CC=CC(=O)NC(N)C(=O)N=COCN1NNCNC=CCCC=C1C=CS
O=C(NN1C2/CCN1NC=CC=C(F)C2CCC3C=C3N)C=CC,-3.29,augment,,,CC=CC(=O)NN1C2CCN1NC=CC=C(F)C2CCC1C=C1N
CC=CC(=O)NNC=C(OC/C(=O)C=CC1=CC1N)C2SN=CC3=C2C3,-4.4,augment,,,CC=CC(=O)NNC=C(OCC(=O)C=CC1=CC1N)C1SN=CC2=C1C2
COC=CC=C([NH2+1])CC(N)C(C)(C=[C@H1]C)CCCCCF,-2.74,augment,,,CC=CC(C)(CCCCCF)C(N)CC([NH2+])=CC=COC
CC=CC(C)(O)CC1CC1(O)C=O,-3.35,augment,,,CC=CC(C)(O)CC1CC1(O)C=O
CC=CC(C)=CC#CCC[C@H1](C(=O)CCC(F)C)CCF,-2.79,augment,,,CC=CC(C)=CC#CCC[C@@H](CCF)C(=O)CCC(C)F
CC=CC(C)=CCCCC#CNCCNC(C1)=CC=CCC1CCC,-2.88,augment,,,CC=CC(C)=CCCCC#CNCCNC1=CC=CCC(CCC)C1
CC=CC(C)=CSNCCC=O,-3.45,augment,,,CC=CC(C)=CSNCCC=O
O=C([O-1])C(C)C=CC,-3.46,augment,,,CC=CC(C)C(=O)[O-]
CC=CC(C)C=O,-3.06,augment,,,CC=CC(C)C=O
CC=CC(C)CC=CN=CC1CC=CC1(OC2)C2C3CC3,-4.19,augment,,,CC=CC(C)CC=CN=CC1CC=CC12OCC2C1CC1
CC=CC(CCNNCCCC[NH1+1]C=NC=O)C=CC,-2.29,augment,,,CC=CC(C=CC)CCNNCCCC[NH+]C=NC=O
CC=CC(C=CC1=CNCCC1C=O)C=CC2=CC2C,-4.33,augment,,,CC=CC(C=CC1=CC1C)C=CC1=CNCCC1C=O
CC=CC(C=CC=CC=CC=CC=C(O)N)=C[C@@H1](C1)[C@@H1]1C2=CC=CCO2,-4.27,augment,,,CC=CC(C=CC=CC=CC=CC=C(N)O)=C[C@H]1C[C@H]1C1=CC=CCO1
CCCCOC(CCOC(C=N)C=CC)=C=C(NCC=NC1)CC1C,-3.3,augment,,,CC=CC(C=N)OCCC(=C=C1CC(C)CN=CCN1)OCCCC
CC=CC(CCNC=O)C=O,-3.09,augment,,,CC=CC(C=O)CCNC=O
CC=CC(C1CCC[C@@H1]1COCC(C)=CCC2C(C)CN2)CC3CC=NC3,-4.44,augment,,,CC=CC(CC1CC=NC1)C1CCC[C@@H]1COCC(C)=CCC1NCC1C
CC=CC(C[NH2+1]CC=O)CCC,-3.45,augment,,,CC=CC(CCC)C[NH2+]CC=O
CC=CC(N)=C(CC=CC=O)C=CC=C1C=C1N,-4.0,augment,,,CC=CC(N)=C(C=CC=C1C=C1N)CC=CC=O
CC=CC(N)C(=O)CCC1=CCSCCS1=O,-4.03,augment,,,CC=CC(N)C(=O)CCC1=CCSCCS1=O
CC=CC(N)C=CCCC1=C(CCC=C1C=O)C2C(C)C(O)C2,-3.78,augment,,,CC=CC(N)C=CCCC1=C(C2CC(O)C2C)CCC=C1C=O
CC=CC(NC=O)NC=O,-2.93,augment,,,CC=CC(NC=O)NC=O
CC=CC(C(=O)CC=CC=O)NCCC=C1CC2=CC1=CC2,-4.27,augment,,,CC=CC(NCCC=C1CC2=CC1=CC2)C(=O)CC=CC=O
CC=CC(NCNCSC=NCNC)=C1C2=CC21CC,-2.47,augment,,,CC=CC(NCNCSC=NCNC)=C1C2=CC21CC
CC=CC(O)CCCC(=O)CC=CNCCCNC=O,-2.45,augment,,,CC=CC(O)CCCC(=O)CC=CNCCCNC=O
CC1CC(CC(=O)CCC2N[C@@H1](C)[C@@H1]2O)C=CC=CC1(C)C=CC,-4.76,augment,,,CC=CC1(C)C=CC=CC(CC(=O)CCC2N[C@@H](C)[C@@H]2O)CC1C
CC(C)OCOC(=O)NC1CCCNCCCCCCCC1(C)C=CC,-3.59,augment,,,CC=CC1(C)CCCCCCCNCCCC1NC(=O)OCOC(C)C
CCNCCCCOCC=NC(CSC12C=CC)C1=C2O,-2.97,augment,,,CC=CC12SCC(N=CCOCCCCNCC)C1=C2O
CC=CC1=C(C)CCN=C1,-3.35,augment,,,CC=CC1=C(C)CCN=C1
CC=CC1=C(C)[C@H1](CCCCCCCCNC=CC=CC=CC=NC1)C,-5.61,augment,,,CC=CC1=C(C)[C@@H](C)CCCCCCCCNC=CC=CC=CC=NC1
C1CCC=C(C=O)[C@H1](C2=3)N1C=C4C=C2NN=C4NC=3C=CC,-4.81,augment,,,CC=CC1=C2C3=CC(=CN4CCCC=C(C=O)[C@H]24)C(=NN3)N1
CNC=CCC1C=C(C=CC=C1/C=CC2=C3C=CC)C2C3C=O,-4.68,augment,,,CC=CC1=C2C=CC3=CC=CC(=CC3CC=CNC)C2C1C=O
CC1[NH2+1]COC=CC=NC(F)(N)C=C1C=CC,-3.66,augment,,,CC=CC1=CC(N)(F)N=CC=COC[NH2+]C1C
CC=CC1=CC1N=C(O)CC=CC=O,-3.84,augment,,,CC=CC1=CC1N=C(O)CC=CC=O
CC=CC1=CC(COCC2C)(C)CC(=O)C1NCCCC2CCC,-4.64,augment,,,CC=CC1=CC2(C)COCC(C)C(CCC)CCCNC1C(=O)C2
O=C(CC=C1C)C2C(F)=C1C=C2C=CC,-3.99,augment,,,CC=CC1=CC2=C(F)C1C(=O)CC=C2C
CCN=C1OC=CNCOC(C=CC)=CC2=C1NCCC=CC=NC=NC#C2,-4.61,augment,,,CC=CC1=CC2=C(NCCC=CC=NC=NC#C2)C(=NCC)OC=CNCO1
CC=CC1=CC2N=C2CC3=C1C=C4C(=O)CNCCCC(O)CC4C3,-5.01,augment,,,CC=CC1=CC2N=C2CC2=C1C=C1C(=O)CNCCCC(O)CC1C2
CC=CC1=CCCC=C(CNC(C2=[C@@H1]CCC2)CCCC[NH1]1)C,-5.13,augment,,,CC=CC1=CCCC=C(C)CNC(C2=CCCC2)CCCCN1
COC=CC=C(CCC=[C@@H1]CN1C=C(CC=C1)C=CC)C[O-1],-4.13,augment,,,CC=CC1=CN(CC=CCCC(=CC=COC)C[O-])C=CC1
CC=CC1=CNC=CC(C)C=C(N)COC2=CC=C3C#CCC2N3CO1,-4.62,augment,,,CC=CC1=CNC=CC(C)C=C(N)COC2=CC=C3C#CCC2N3CO1
CCOC(SCC(C=O)C1)CCOC=C1C=CC,-3.31,augment,,,CC=CC1=COCCC(OCC)SCC(C=O)C1
CC=CC1=NC1C[NH3+1],-3.07,augment,,,CC=CC1=NC1C[NH3+]
CC=CC1=NCN=C1CC=CC=CCC=C(C(=O)[O-1])C=O,-3.98,augment,,,CC=CC1=NCN=C1CC=CC=CCC=C(C=O)C(=O)[O-]
CCOC(C)C1CC(C=C1NC(=S)C2C=CC)=C2CNC,-3.94,augment,,,CC=CC1C(=S)NC2=CC(=C1CNC)CC2C(C)OCC
CNN(C1C=CC)ON=CC=CN=CC1CC(C=O)CC,-3.84,augment,,,CC=CC1C(CC(C=O)CC)C=NC=CC=NON1NC
CC(C1(C)OC=O)CN1CC2OC[C@@H1](O)C2C=CC,-3.41,augment,,,CC=CC1C(CN2CC(C)C2(C)OC=O)OC[C@H]1O
CCCC=CC(C)NC(C)CC1[C@@H1](C)C(C=C1OCCCCNCC)C=CC,-1.65,augment,,,CC=CC1C=C(OCCCCNCC)C(CC(C)NC(C)C=CCCC)[C@H]1C
CC=CC(C1=CCC)C=C=CC(C(COC12)N23)O3,-4.46,augment,,,CC=CC1C=C=CC2ON3C(OCC23)C1=CCC
CC=CC(C=NC12C(C3)OC=O)N(C)C3CNC1C4=CC4C=CN2,-3.92,augment,,,CC=CC1C=NC23NC=CC4C=C4C2NCC(CC3OC=O)N1C
CC=CC1CC([C@@H1](C2)CCN3C2CC1=O)C3C,-4.26,augment,,,CC=CC1CC2C(C)N3CC[C@@H]2CC3CC1=O
C1C=CC=C(CCC(C2)C=CC)C(F)C=C21,-4.54,augment,,,CC=CC1CCC2=CC=CCC(=CC2F)C1
CC=CC1C[C@@H1](OC)C(C)(O)N(C)CC2CC21F,-3.16,augment,,,CC=CC1C[C@@H](OC)C(C)(O)N(C)CC2CC12F
CCC1[NH2+1]CC(C2)(CCl)CC2ONC1C=CC,-4.32,augment,,,CC=CC1NOC2CC(CCl)(C[NH2+]C1CC)C2
CC=CC(N[C@H1](C)C=NN1C2=CC=CCC=CC1)C2C3C=N3,-4.49,augment,,,CC=CC1N[C@H](C)C=NN2CC=CCC=CC=C2C1C1C=N1
CC=CC=C(C(C)NNN)C(C)NCCC1CCCCC1CS,-2.24,augment,,,CC=CC=C(C(C)NCCC1CCCCC1CS)C(C)NNN
CC=CC=C(C)C(CCCCCC=O)C(C)C,-3.23,augment,,,CC=CC=C(C)C(CCCCCC=O)C(C)C
CC=CC=C(C)C=C(N)C1CSC(CCCN[C@H1](C)O1)C,-4.26,augment,,,CC=CC=C(C)C=C(N)C1CSC(C)CCCN[C@H](C)O1
CC=CC=C(C)CN=CN(C)NC(=O)C=O,-4.1,augment,,,CC=CC=C(C)CN=CN(C)NC(=O)C=O
CC=CC=C(CNCCC(=O)CC(C)=CCN)C=C=S=O,-2.89,augment,,,CC=CC=C(C=C=S=O)CNCCC(=O)CC(C)=CCN
CC=CC=C(CC(C1=NCCC1C)=O)C=CC(C)=C(CC=CC2=CCCC=C23)C3,-5.36,augment,,,CC=CC=C(C=CC(C)=C1CC=CC2=CCCC=C2C1)CC(=O)C1=NCCC1C
CC=CC=C(C=CC=O)CNCCC(CC[C@@H1]1C)C1=N,-3.88,augment,,,CC=CC=C(C=CC=O)CNCCC1CC[C@H](C)C1=N
CC=CC=C(C=NC=O)OCOC,-2.66,augment,,,CC=CC=C(C=NC=O)OCOC
CC=CCCC(N1C=CC(=O)N1)C(C=O)=CC=CC,-3.74,augment,,,CC=CC=C(C=O)C(CCC=CC)n1ccc(=O)[nH]1
CC=CC=C(C=O)C=CCC=O,-3.72,augment,,,CC=CC=C(C=O)C=CCC=O
CC=CC=C(C=NC(=O)C1=C=N1)C=O,-3.43,augment,,,CC=CC=C(C=O)C=NC(=O)C1=C=N1
CC=CC=C(CC)CN(CCC=CC=C1)C=N1,-4.05,augment,,,CC=CC=C(CC)CN1C=NC=CC=CCC1
CC=CC=C(OC)CC=C=CCCNCC=O,-3.47,augment,,,CC=CC=C(CC=C=CCCNCC=O)OC
CC=CC=C(CCCCC=O)NCCCC1CC1NC=CC=O,-2.83,augment,,,CC=CC=C(CCCCC=O)NCCCC1CC1NC=CC=O
CC=CC=C(NC)CCOC=O,-3.19,augment,,,CC=CC=C(CCOC=O)NC
CC=CC=C(CS)CCOC=CC(O)CCC(C)=CCCC,-2.68,augment,,,CC=CC=C(CS)CCOC=CC(O)CCC(C)=CCCC
CC=CC=C(C[NH1+1]CCNCCCCC(O)CCCO)CSC,-0.51,augment,,,CC=CC=C(C[NH+]CCNCCCCC(O)CCCO)CSC
CC=CC=C(N)SC=NC=CC=CC=CC(=O)C=O,-3.63,augment,,,CC=CC=C(N)SC=NC=CC=CC=CC(=O)C=O
CC=CC=C(O)C=O,-3.07,augment,,,CC=CC=C(O)C=O
CC=CC=C(OCC(C)CCC1=CN(C)CC1)OC2=CN=N2,-3.49,augment,,,CC=CC=C(OCC(C)CCC1=CN(C)CC1)OC1=CN=N1
CC=CC=C1C(=O)C=CCC(CC2CC)C(CC=C2)CCC1C=N,-5.15,augment,,,CC=CC=C1C(=O)C=CCC2CC(CC)C=CCC2CCC1C=N
CC=CC=C1C(C)N=COC12C=CCCN2C=O,-4.08,augment,,,CC=CC=C1C(C)N=COC12C=CCCN2C=O
CCNC=NN1N(CSC(O)C2=CC=CC)CC2C1C(N)C=CO,-3.25,augment,,,CC=CC=C1C(O)SCN2CC1C(C(N)C=CO)N2N=CNCC
C1CCCCCCCCCC=CN(C2=CC=CC)C2C=CC=C=C1OCC=CC,-5.25,augment,,,CC=CC=C1C2C=CC=C=C(OCC=CC)CCCCCCCCCCC=CN12
CC=CC=C(NNCCCC(O)CCC1CCO)C=C1N,-3.74,augment,,,CC=CC=C1C=C(N)C(CCO)CCC(O)CCCNN1
CC=CC=C1C=C1N2NC=NCCNC=C=CC=CN=C2C3=NC3,-4.34,augment,,,CC=CC=C1C=C1N1NC=NCCNC=C=CC=CN=C1C1=NC1
CC=CC=C1C=CN[C@@H1](C)C#C[C@H1]1CCC=C2CCCC=C2,-5.18,augment,,,CC=CC=C1C=CN[C@@H](C)C#C[C@H]1CCC=C1C=CCCC1
CC=CC=C(C=NN(C1=O)C2CC=CNC#CN=C1C)C2CO,-4.51,augment,,,CC=CC=C1C=NN2C(=O)C(C)=NC#CNC=CCC2C1CO
CC=CC=C(CC(N)CCC=1CC2O)C=1CC2CF,-4.35,augment,,,CC=CC=C1CC(N)CCC2=C1CC(CF)C(O)C2
CC=CC=C1CC2C1CCNC2(C)CCCCCC,-3.69,augment,,,CC=CC=C1CC2C1CCNC2(C)CCCCCC
CC=CC=C(CCC(O)CCC1CC(O)NN)CC=CCCCC=CCC1C,-4.75,augment,,,CC=CC=C1CC=CCCCC=CCC(C)C(CC(O)NN)CCC(O)CC1
CC=CC=C(S1)CCN(C)CCC23C1C=CC2=N3,-4.28,augment,,,CC=CC=C1CCN(C)CCC23N=C2C=CC3S1
CC=CC=C1CNC(C)NCCOCCC2C3[C@@H1]1SC2C=C3,-4.98,augment,,,CC=CC=C1CNC(C)NCCOCCC2C3C=CC2[C@@H]1S3
CC=CC=C(CNC(C=NC=CN)C(C)(C)C=CC1C2)CC1S2,-4.07,augment,,,CC=CC=C1CNC(C=NC=CN)C(C)(C)C=CC2CSC2C1
CC=CC=C(CNC=CNC(=O)SCCOCC=COC=C1C2=C1N3)C23,-4.83,augment,,,CC=CC=C1CNC=CNC(=O)SCCOCC=COC=C2C3=C2C1N3
CC=CC=C1N=CC=NC1=O,-3.69,augment,,,CC=CC=C1N=CC=NC1=O
CC=CC=C1NC(=N)N=NN(C)CCC2C1CC3N(C)CCC32,-5.31,augment,,,CC=CC=C1NC(=N)N=NN(C)CCC2C1CC1C2CCN1C
CC=CC=C(O1)NCCCC(=O)/C=CC2CCC=C1C3=CC3C=C2O,-5.05,augment,,,CC=CC=C1NCCCC(=O)C=CC2CCC=C(O1)C1=CC1C=C2O
CC=CC=C(NN(C)CCC(O)NCC1=O)C1=O,-3.73,augment,,,CC=CC=C1NN(C)CCC(O)NCC(=O)C1=O
C1C(C)NC=C=C1C(CCCC(C=CC=CNNC2=CC=CC)C2N)=O,-4.46,augment,,,CC=CC=C1NNC=CC=CC(CCCC(=O)C2=C=CNC(C)C2)C1N
CC=CC=C=C(CNC)OC([NH1+1])CNC(=O)NC=NN=O,-3.31,augment,,,CC=CC=C=C(CNC)OC([NH+])CNC(=O)NC=NN=O
CC=CC=C=C=CCNC=C1C[C@H1]1CC=O,-3.52,augment,,,CC=CC=C=C=CCNC=C1C[C@H]1CC=O
CC=CC=C=CCN(C)C=O,-3.58,augment,,,CC=CC=C=CCN(C)C=O
CC=CC=C=C[NH3+1],-2.98,augment,,,CC=CC=C=C[NH3+]
CC=CC=CC#CC(=O)NOCCC=C1C(C)CC1,-4.22,augment,,,CC=CC=CC#CC(=O)NOCCC=C1CCC1C
CC=CC=CC#CC[NH1+1]C[NH1+1]CC,-2.86,augment,,,CC=CC=CC#CC[NH+]C[NH+]CC
CC=CC=CC([C@@H1](O)CCC(=O)CCNCCC)=C=C1CS1,-2.61,augment,,,CC=CC=CC(=C=C1CS1)[C@@H](O)CCC(=O)CCNCCC
CC=CC=CC(NCCC1CCNC=C1C=NC=CC)=CC=CCCF,-3.8,augment,,,CC=CC=CC(=CC=CCCF)NCCC1CCNC=C1C=NC=CC
O=C(C=CC=CC)C=NOCC1C2CC=C1C=C2Cl,-3.8,augment,,,CC=CC=CC(=O)C=NOCC1C2=CCC1C(Cl)=C2
CC=CC=CC(C)C=O,-3.56,augment,,,CC=CC=CC(C)C=O
O=C(C[C@@H1](N)CC(C=CC=CC)C)NCC1C#C1,-3.57,augment,,,CC=CC=CC(C)C[C@H](N)CC(=O)NCC1C#C1
CC=CC=CC(C)N(S)C(O1)C=CC=C1CC=CC=O,-3.8,augment,,,CC=CC=CC(C)N(S)C1C=CC=C(CC=CC=O)O1
CC([NH2+1]CC=1CNC=CC2=CC=CSC=C2C=1)C=CC=CC,-5.17,augment,,,CC=CC=CC(C)[NH2+]CC1=CC2=CSC=CC=C2C=CNC1
CC=CC=CC(O)NC(=O)CCNC1(C)C=CC=C1NC=O,-2.94,augment,,,CC=CC=CC(O)NC(=O)CCNC1(C)C=CC=C1NC=O
CC=CN=CC1=C(N)SC[NH1+1]1C=CC[C@@H1](C)C(O)C=CC=CC,-4.02,augment,,,CC=CC=CC(O)[C@H](C)CC=C[NH+]1CSC(N)=C1C=NC=CC
O=CC=CC1=CCC=C1C=C2C(=O)NCCCSC2(C)C=CC=CC,-4.91,augment,,,CC=CC=CC1(C)SCCCNC(=O)C1=CC1=CCC=C1C=CC=O
C1CN=C=CCSOC1(C=CC=CC)OC=O,-3.42,augment,,,CC=CC=CC1(OC=O)CCN=C=CCSO1
C1C=NC12C3C(C)SCC(C=CC=CC)(C[C@H1](O)C=C3)C2,-4.75,augment,,,CC=CC=CC12CSC(C)C(C=C[C@@H](O)C1)C1(CC=N1)C2
CCC=1NC=CNC(=O)NC(Cl)NNC=1C=CC=CC,-4.05,augment,,,CC=CC=CC1=C(CC)NC=CNC(=O)NC(Cl)NN1
CC1=CC=C(C(=O)NCCC(C)CCCSC=C1)C=CC=CC,-4.5,augment,,,CC=CC=CC1=CC=C(C)C=CSCCCC(C)CCNC1=O
C12C3C(C1N2C=O)C=CC(O)C=CC=C3C=CC=CC,-4.76,augment,,,CC=CC=CC1=CC=CC(O)C=CC2C1C1C2N1C=O
CC=CC=CC1=CNNCC1CC2CC=NC=NC2CC,-4.23,augment,,,CC=CC=CC1=CNNCC1CC1CC=NC=NC1CC
CCCNN1CC=CN=C1C=CC=CC,-3.49,augment,,,CC=CC=CC1=NC=CCN1NCCC
CC=CC=CC(C1(C)CC=CNCNC(C)C=CC2)C1=C2,-4.82,augment,,,CC=CC=CC1C2=CCC=CC(C)NCNC=CCC21C
CC=CC=CC(C12N)C=C2C1N,-3.78,augment,,,CC=CC=CC1C=C2C(N)C21N
CC=CC=CC(C1)N=C1C(=O)N[C@H1](C)CC(=O)[O-1],-4.12,augment,,,CC=CC=CC1CC(C(=O)N[C@H](C)CC(=O)[O-])=N1
CC=CC=CC1CC=CC1SC=CC(C)[O-1],-4.22,augment,,,CC=CC=CC1CC=CC1SC=CC(C)[O-]
CC=CC=CC1NC=CN1CC[C@@H1](N)C(=O)CCC,-3.57,augment,,,CC=CC=CC1NC=CN1CC[C@@H](N)C(=O)CCC
CC=CC=CC=C(CCNC=O)C=CC(C)(C)CC(=C1)C1CC2C=N2,-4.03,augment,,,CC=CC=CC=C(C=CC(C)(C)CC1=CC1CC1C=N1)CCNC=O
CC=CC=CC=C(C1(O)C(C)N1CCCC)CC=CF,-3.1,augment,,,CC=CC=CC=C(CC=CF)C1(O)C(C)N1CCCC
CC=CC=CC=C(O)C1CC=CC=C1NC(=O)C=C=O,-4.81,augment,,,CC=CC=CC=C(O)C1CC=CC=C1NC(=O)C=C=O
CC=CC=CC=C1C(CCCC)(CC)CN=NNC=2OC=2C=C1C,-4.29,augment,,,CC=CC=CC=C1C(C)=CC2=C(NN=NCC1(CC)CCCC)O2
CC=CC=CC=CC(C=O)=O,-3.67,augment,,,CC=CC=CC=CC(=O)C=O
CC=CC=CC=CC=C(OC(=O)N(O)NCNC=CC=CN=CO)C=CC1CC1,-3.75,augment,,,CC=CC=CC=CC=C(C=CC1CC1)OC(=O)N(O)NCNC=CC=CN=CO
CC=CCNC(OCC1(C)C=CC=CC=CC=CC=CC)(C2)CN2ON1,-4.51,augment,,,CC=CC=CC=CC=CC=CC1(C)COC2(NCC=CC)CN(C2)ON1
CC=CC=CC=CC=CC=CCC(N)CCCOC=CN,-3.12,augment,,,CC=CC=CC=CC=CC=CCC(N)CCCOC=CN
CC=CC=CC=CC=CC=CCC=[NH1+1]C1CC1(C)O,-4.44,augment,,,CC=CC=CC=CC=CC=CCC=[NH+]C1CC1(C)O
CC=CC=CC=CC=CCSC1(C[NH1+1]COC=CC=O)CCOCC1(C)Cl,-3.82,augment,,,CC=CC=CC=CC=CCSC1(C[NH+]COC=CC=O)CCOCC1(C)Cl
CC=CC=CC=CC=CNCC(C)NCSNNCN1CCCC=2C1C=2C=O,-2.92,augment,,,CC=CC=CC=CC=CNCC(C)NCSNNCN1CCCC2=C(C=O)C21
CC=CC=CC=CCC#CNC=NC=CC=CC(C)C(=O)CSCCC=CC(=C1)ON1,-4.69,augment,,,CC=CC=CC=CCC#CNC=NC=CC=CC(C)C(=O)CSCCC=Cc1c[nH]o1
C[C@@H1](CC=CC=O)N=CCC=CC=CC=CC,-3.34,augment,,,CC=CC=CC=CCC=N[C@@H](C)CC=CC=O
C[C@@H1](O)[C@@H1]=[C@@H1]ONCC(CN=CC=CNCCNC[NH1+1])CCC=CC=CC=CC,-2.62,augment,,,CC=CC=CC=CCCC(CN=CC=CNCCNC[NH+])CNOC=C[C@@H](C)O
CC=CC=CC=CCCCC1NC=CCC2CC(C)C=C2C=CC=CC=C1C,-5.4,augment,,,CC=CC=CC=CCCCC1NC=CCC2CC(C)C=C2C=CC=CC=C1C
CC=CC=CC=CCCCOC1CNC=CSC=C1,-3.69,augment,,,CC=CC=CC=CCCCOC1C=CSC=CNC1
CC=CC=CC=CCNC1(C)C=C(C)C1NC(=O)CF,-3.55,augment,,,CC=CC=CC=CCNC1(C)C=C(C)C1NC(=O)CF
CC=CC=CC=CCNN([NH1+1])C1=CCC(Br)C2=C1C#CC2,-4.06,augment,,,CC=CC=CC=CCNN([NH+])C1=CCC(Br)C2=C1C#CC2
CC=CC=CC=CN(CC1C(CCN1SC=NCC2)C)C3CC2C=C3C,-4.63,augment,,,CC=CC=CC=CN1CC2C(C)CCN2SC=NCCC2C=C(C)C1C2
COC=C1C=CCCCCCCCC(C)=C1NCC=NC=CC=CC=CC,-4.16,augment,,,CC=CC=CC=CN=CCNC1=C(C)CCCCCCCC=CC1=COC
O=C(C)C(C)C=C(Br)CNCOCNC=CC=CC=CC,-4.07,augment,,,CC=CC=CC=CNCOCNCC(Br)=CC(C)C(C)=O
CC=CC=CC=NCCCCNNCCNC=NC=CC=CCCO,-2.2,augment,,,CC=CC=CC=NCCCCNNCCNC=NC=CC=CCCO
CCCC(C)CC1C(=O)CC=C1ON=CC=CC=CC,-3.97,augment,,,CC=CC=CC=NOC1=CCC(=O)C1CC(C)CCC
CCNCC1CN(C=CCCCCCNN1)CSN=CC=CC=CC,-3.63,augment,,,CC=CC=CC=NSCN1C=CCCCCCNNC(CNCC)C1
CC=CC=CC=O,-3.26,augment,,,CC=CC=CC=O
CC=CC=CCBr,-2.88,augment,,,CC=CC=CCBr
CC=CC=CCC(=O)NNC=CNNOCC=CN=CC=O,-3.73,augment,,,CC=CC=CCC(=O)NNC=CNNOCC=CN=CC=O
CC=CC=CCC([NH1+1])COC(=O)CC(NCCCCNCC)C=CCC[C@H1](C)C,-0.86,augment,,,CC=CC=CCC([NH+])COC(=O)CC(C=CCCC(C)C)NCCCCNCC
CC=CC=CCC1=CC(S)C[C@@H1]1C=O,-3.75,augment,,,CC=CC=CCC1=CC(S)C[C@@H]1C=O
CC=CC=CCC=O,-3.32,augment,,,CC=CC=CCC=O
CC=CC=CCCC(C)CCNC1=NC1=CC=O,-3.8,augment,,,CC=CC=CCCC(C)CCNC1=NC1=CC=O
CC=CC=CCCC(N)CCNC(=[C@@H1]CC[NH1+1]CSCC)C,-2.33,augment,,,CC=CC=CCCC(N)CCNC(C)=CCC[NH+]CSCC
CC=CC=CCCC1CC1SNC#N,-3.21,augment,,,CC=CC=CCCC1CC1SNC#N
CC=CC=CCCC=CC(=O)CCC(C)OC(=O)C,-3.02,augment,,,CC=CC=CCCC=CC(=O)CCC(C)OC(C)=O
CC=CC=CCCCC=O,-3.34,augment,,,CC=CC=CCCCC=O
C[NH1+1](CC)CCCC(C)(C)CCC=CC=NN(O)CCCC=CC=CC,-3.41,augment,,,CC=CC=CCCCN(O)N=CC=CCCC(C)(C)CCC[NH+](C)CC
CC=CC=CCCCNC=CC(C)CC=CNCCNC=NC=O,-2.39,augment,,,CC=CC=CCCCNC=CC(C)CC=CNCCNC=NC=O
CC=CC=CCCNCCNC=C1C=CC2(F)C=C1N2CC,-3.29,augment,,,CC=CC=CCCNCCNC=C1C=CC2(F)C=C1N2CC
CC=CC=CCCNNCCCCCC1=C(C=C(F)C1F)C,-3.56,augment,,,CC=CC=CCCNNCCCCCC1=C(C)C=C(F)C1F
CC=CC=CCCN[NH3+1],-2.72,augment,,,CC=CC=CCCN[NH3+]
CC=CC=CCCSC1CCNCCC=CC=C1CCC=CCC,-4.44,augment,,,CC=CC=CCCSC1CCNCCC=CC=C1CCC=CCC
CC=CC=CCCSCNC(=O)C=O,-3.06,augment,,,CC=CC=CCCSCNC(=O)C=O
CC=CC=CCF,-2.24,augment,,,CC=CC=CCF
CC=CC=NC#CON(C)CCCCCCCN(C#N)CC=CC=CC,-3.59,augment,,,CC=CC=CCN(C#N)CCCCCCCN(C)OC#CN=CC=CC
CC=CC=CCN(CCCN)CNC(S)CN=NC1=NNSCC1C,-2.93,augment,,,CC=CC=CCN(CCCN)CNC(S)CN=NC1=NNSCC1C
COC1=CC=CC=C1[C@@H1](C)C=NCC=CC=CC,-3.57,augment,,,CC=CC=CCN=C[C@H](C)c1ccccc1OC
CC=CC=CCNC1(O)N(C)CC1=S2C3=C2CC=C3,-4.08,augment,,,CC=CC=CCNC1(O)C(=S2C3=C2CC=C3)CN1C
CC=CC=CCNC1COOC(=O)C(C)CCCC=CC(C)C(C)C=C1,-5.23,augment,,,CC=CC=CCNC1C=CC(C)C(C)C=CCCCC(C)C(=O)OOC1
CC=CC=CCNC=CC1=NCC(C)C(O)CCC=CC=CC=CC2=CC21,-4.8,augment,,,CC=CC=CCNC=CC1=NCC(C)C(O)CCC=CC=CC=CC2=CC21
C1CC=CC=C1C(O)C(=O)C2CCNC=C2OCC=CC=CC,-3.97,augment,,,CC=CC=CCOC1=CNCCC1C(=O)C(O)C1=CC=CCC1
CC=CC=CCOCSC=O,-3.13,augment,,,CC=CC=CCOCSC=O
CC=CC=CCSCC=CC1(O)C2COC=NC=CN=C(O)C=CC=CN=C21,-4.64,augment,,,CC=CC=CCSCC=CC1(O)C2=NC=CC=CC(O)=NC=CN=COCC21
CC=CC=CCSCCCN(C1)C=C=C2CC21C=[C@@H1]CC=CC=CCC,-3.9,augment,,,CC=CC=CCSCCCN1C=C=C2CC2(C=CCC=CC=CCC)C1
CC=CC=CC[NH1+1]=NCC(C)NCCONCCC[NH1+1](C)CCC=O,-0.46,augment,,,CC=CC=CC[NH+]=NCC(C)NCCONCCC[NH+](C)CCC=O
CC=CC=CN(C=O)CCCCC1C=C1CC(O)CNC(=O)CC=NC=CCCC,-3.35,augment,,,CC=CC=CN(C=O)CCCCC1C=C1CC(O)CNC(=O)CC=NC=CCCC
CC(C)C=CC(C=CC1=N)C=CN1C=CC=CC,-4.68,augment,,,CC=CC=CN1C=CC(C=CC(C)C)C=CC1=N
CC=CC=CN(CNC(=O)NC=CCC=CC1)C=N1,-4.36,augment,,,CC=CC=CN1C=NCC=CCC=CNC(=O)NC1
CC=CC=CN1C[C@H1](CCC=O)ON=C1NC=O,-3.79,augment,,,CC=CC=CN1C[C@H](CCC=O)ON=C1NC=O
CC=CC=CN=C(C=CC=CCC[NH1+1]CCNC=CO)C(=O)N(O)C(F)F,-3.19,augment,,,CC=CC=CN=C(C=CC=CCC[NH+]CCNC=CO)C(=O)N(O)C(F)F
CC=CC=CN=C(N)CC(=O)CC=C=O,-3.86,augment,,,CC=CC=CN=C(N)CC(=O)CC=C=O
CC=CC=CNC=CNC=CSCNC(=O)CCCNC=CCCN=C=C=C[NH1]C=O,-2.77,augment,,,CC=CC=CNC=CNC=CSCNC(=O)CCCNC=CCCN=C=C=CNC=O
CC=CC=CNC=CNCONC(=O)CC1C=CCC=C1C(C)CCO,-3.22,augment,,,CC=CC=CNC=CNCONC(=O)CC1C=CCC=C1C(C)CCO
CC=CC=CNC=CN[C@@H1](NC)SC=O,-3.01,augment,,,CC=CC=CNC=CN[C@@H](NC)SC=O
CC=CC=CNCCC1=CC1N=C(C2=O)C(C3=C2O)C=C3C,-4.82,augment,,,CC=CC=CNCCC1=CC1N=C1C(=O)C(O)=C2C(C)=CC12
CC=CC=CNCCCC(C)=CC=CC=C1CCCCC=C1C,-4.56,augment,,,CC=CC=CNCCCC(C)=CC=CC=C1CCCCC=C1C
CC=CC=CNCCCC(S)CN(CNCC)C=O,-2.6,augment,,,CC=CC=CNCCCC(S)CN(C=O)CNCC
CC=CC=CNCCCCCCNCCC(C)C=COC[NH1+1]CCOC,-0.01,augment,,,CC=CC=CNCCCCCCNCCC(C)C=COC[NH+]CCOC
CC=CC=CNN(CSCCNC1C=CSCC=CN=C1)CCC=O,-3.33,augment,,,CC=CC=CNN(CCC=O)CSCCNC1C=CSCC=CN=C1
CC=CC=CNN1SNC=NC1(CC=CC=CC(NC)=NCCC=CC=CC2C)OC=C2,-4.83,augment,,,CC=CC=CNN1SNC=NC12CC=CC=CC(NC)=NCCC=CC=CC(C)C=CO2
CC=CC=CNN=CC=CC1(NC)C=C1CC2C(C=CNN2)ONCCCCl,-3.45,augment,,,CC=CC=CNN=CC=CC1(NC)C=C1CC1NNC=CC1ONCCCCl
CC=CC=CNN=CCN=CC,-2.98,augment,,,CC=CC=CNN=CCN=CC
CC=CC=COC(C1)N(NN)C=C1C=CC=O,-3.88,augment,,,CC=CC=COC1CC(C=CC=O)=CN1NN
C1OC=CC=C1C[NH1+1](C=CC=CC)CC=O,-3.32,augment,,,CC=CC=C[NH+](CC=O)CC1=CC=COC1
CC=CC=C[NH1+1]CC(=O)NCC(=O)NC(=O)NC=CC=CC#CCC1C=N1,-4.43,augment,,,CC=CC=C[NH+]CC(=O)NCC(=O)NC(=O)NC=CC=CC#CCC1C=N1
CC=CC=C[NH1+1]CCC(=O)CCN(N)NC=CNCCCCN(C)N=C1CC1,-2.41,augment,,,CC=CC=C[NH+]CCC(=O)CCN(N)NC=CNCCCCN(C)N=C1CC1
CC=CC=C[NH3+1],-2.91,augment,,,CC=CC=C[NH3+]
CC=CC=NCOC1=CC=CC=C1NC(=O)[O-1],-3.1,augment,,,CC=CC=NCOc1ccccc1NC(=O)[O-]
CC=CC=NONNC=CC(=O)CC=NC=C1N=CN/C=CC=CC=CCC=C1,-6.02,augment,,,CC=CC=NONNC=CC(=O)CC=NC=C1C=CCC=CC=CC=CNC=N1
CC=CC=O,-2.7,augment,,,CC=CC=O
C1=C(C2=CC=CC)CC=C1N2CC=NC=O,-4.02,augment,,,CC=CC=c1c2cc(n1CC=NC=O)=CC2
C1CCC2C=C1C=C2CCCNC3CNC=NC3C(CC=CC)=O,-3.31,augment,,,CC=CCC(=O)C1N=CNCC1NCCCC1=CC2=CC1CCC2
CC=CCC(=O)CNC=CC=O,-3.15,augment,,,CC=CCC(=O)CNC=CC=O
C[NH1+1](C(CC=CC)C(=O)NC=O)NC=CCCCCCC=NNNC,-1.71,augment,,,CC=CCC(C(=O)NC=O)[NH+](C)NC=CCCCCCC=NNNC
CNC=C1C=C(O)C=C1CC(=O)NNNCCCC(C)CC=CC,-3.82,augment,,,CC=CCC(C)CCCNNNC(=O)CC1=CC(O)=CC1=CNC
CC(N)C=NSC#CCC(=O)CC(C=O)CC=CC,-3.33,augment,,,CC=CCC(C=O)CC(=O)CC#CSN=CC(C)N
CC=CCC(CC=CC)(CC)CCCN(/C(=NC)CC)CCOCCC=NNC=S,-2.54,augment,,,CC=CCC(CC)(CC=CC)CCCN(CCOCCC=NNC=S)C(CC)=NC
CCCCCC(CC=CC)CC=C(N=1)OCC=C=1,-3.32,augment,,,CC=CCC(CC=C1N=C=CCO1)CCCCC
CCCC(CC=CC)C(C)(C)CCN=C(C=NC)CCOCCC,-3.03,augment,,,CC=CCC(CCC)C(C)(C)CCN=C(C=NC)CCOCCC
CC=NOC(=O)CCC(=O)CCCC=C(CC=CC)F,-3.02,augment,,,CC=CCC(F)=CCCCC(=O)CCC(=O)ON=CC
CCC=NC(CC=CC)=NCC=NC=CC=CC=COCOCSSSC,-3.05,augment,,,CC=CCC(N=CCC)=NCC=NC=CC=CC=COCOCSSSC
CC=[C@H1]CC(O)C(CN)C(=O)C#CCCCCCCCC,-1.97,augment,,,CC=CCC(O)C(CN)C(=O)C#CCCCCCCCC
CC=CCC(C1=[C@@H1]C)CC1=CC=CO,-4.24,augment,,,CC=CCC1CC(=CC=CO)C1=CC
CC=CCC1OON=CC=CCCCC=NNN1CC(C)C(O2)NC=CC=C2C,-4.93,augment,,,CC=CCC1OON=CC=CCCCC=NNN1CC(C)C1NC=CC=C(C)O1
CC=CCC=C1N=C=CNC(SCCC2=C1)=CCCC=C2C=O,-5.07,augment,,,CC=CCC=C1C=C2CCSC(=CCCC=C2C=O)NC=C=N1
CC=CCC=CC(=O)N1CC=C(C)C1OCNCC2CC2(C)CC,-3.46,augment,,,CC=CCC=CC(=O)N1CC=C(C)C1OCNCC1CC1(C)CC
CC=CCC=CCCCCOC=O,-2.94,augment,,,CC=CCC=CCCCCOC=O
CCN(C)OC=CC=CNC(=O)C=NC=CCC=CC,-3.4,augment,,,CC=CCC=CN=CC(=O)NC=CC=CON(C)CC
CC=CCC=O,-2.82,augment,,,CC=CCC=O
COC=CC=C(OC(=O)N=CCC(C)CCC=CC)CCS,-2.6,augment,,,CC=CCCC(C)CC=NC(=O)OC(=CC=COC)CCS
COCCCCC(C1NC=CC(O2)CC=CC2C)OC=C1\CCCC(C)CCC=CC,-3.71,augment,,,CC=CCCC(C)CCCC1=COC(CCCCOC)C1NC=CC1CC=CC(C)O1
CCOCC(CCC=CC)C=CC1=NC=C/CN/C=NC=CSC1C(=O)O,-3.5,augment,,,CC=CCCC(C=CC1=NC=CCNC=NC=CSC1C(=O)O)COCC
CCCCCCN=C/C(C1C(O)C=NO1)CCC=CC,-2.95,augment,,,CC=CCCC(C=NCCCCCC)C1ON=CC1O
CCCCNC(C=O)CCC=CC,-2.46,augment,,,CC=CCCC(C=O)NCCCC
O=CC1NC=C(OC=CC=C2C(C)C1N2)CCC=CC,-3.89,augment,,,CC=CCCC1=CNC(C=O)C2NC(=CC=CO1)C2C
CC=C1C(NC(=O)NCCC[NH1+1]CC2CC2N=NC1)CCC=CC,-4.67,augment,,,CC=CCCC1NC(=O)NCCC[NH+]CC2CC2N=NCC1=CC
COCCC(C)C=C(N)NN(C)CNCC=C=CC=C=CCCC=CC,-3.33,augment,,,CC=CCCC=C=CC=C=CCNCN(C)NC(N)=CC(C)CCOC
CC=CCCC=CC(CCNCC1NC=NCN1C=O)NCCCC=CCOO,-0.84,augment,,,CC=CCCC=CC(CCNCC1NC=NCN1C=O)NCCCC=CCOO
C[C@H1]=CCCC=CCCC1=NCC=CC=C(C)C=CC=CC1,-4.08,augment,,,CC=CCCC=CCCC1=NCC=CC=C(C)C=CC=CC1
CC=CCCC=NC=NC(=O)CCC=CC=CC(=O)NN=O,-4.48,augment,,,CC=CCCC=NC=NC(=O)CCC=CC=CC(=O)NN=O
CC=CCCCCC=C(CCCC1=O)C1COC,-3.51,augment,,,CC=CCCCCC=C1CCCC(=O)C1COC
C12CSC=CN(C=C1NCNC(=O)CCCCCCCC=CC)CCC=CC=C2C,-4.57,augment,,,CC=CCCCCCCCC(=O)NCNC1=CN2C=CSCC1C(C)=CC=CCC2
CCC1=CCCCC=C1OCCCCCC=CC,-3.45,augment,,,CC=CCCCCCOC1=CCCCC=C1CC
CC=CCCCCSCCCNSCC=C=O,-3.09,augment,,,CC=CCCCCSCCCNSCC=C=O
CC=CCCCNCCNC(=O)NCC1NSCNNN2CNCC=C21,-3.28,augment,,,CC=CCCCNCCNC(=O)NCC1NSCNNN2CNCC=C12
O=C(C)NCC(C1=CC=C[C@H1]1CCCC=CC)=CC=C2C=C2,-4.18,augment,,,CC=CCCC[C@@H]1C=CC=C1C(=CC=C1C=C1)CNC(C)=O
CC=CCCCl,-2.25,augment,,,CC=CCCCl
CC(O)C=C=CC=NN(CCC=CC)C1(Cl)CCC1(C)CC2C#C2,-4.0,augment,,,CC=CCCN(N=CC=C=CC(C)O)C1(Cl)CCC1(C)CC1C#C1
C[C@H1](C[C@@H1]1CCC2N1CCC=CC)CC2F,-3.68,augment,,,CC=CCCN1C2CC[C@H]1C[C@@H](C)CC2F
C1C2=CC=CC3=C2C(O)C=C(C=C3NCCC=CC)OC1C=CN,-3.9,augment,,,CC=CCCNC1=CC2=CC(O)c3c(cccc31)CC(C=CN)O2
CC=CCCOC(=O)C=CCC=CC1=CN=CC=C(C=CC=C1CNC2CC=CC)C2,-5.01,augment,,,CC=CCCOC(=O)C=CCC=Cc1cnccc2cccc1CNC(CC=CC)C2
CC=CCCOOC=O,-2.74,augment,,,CC=CCCOOC=O
O=C([O-1])C=C=[NH1+1]OC=CN(CC=CC)CC1=CC(C2)C1C=C3C2=C3,-4.85,augment,,,CC=CCN(C=CO[NH+]=C=CC(=O)[O-])CC1=CC2CC3=CC3=CC12
CCN(CC=CC)C(N1)CCC[NH1+1](C1)C(=O)C=O,-3.69,augment,,,CC=CCN(CC)C1CCC[NH+](C(=O)C=O)CN1
CC=NCC=CC,-2.89,augment,,,CC=CCN=CC
COC=CC(OCC1C)(C)N=C(C=CSC1NCC=CC)OC=COC,-3.68,augment,,,CC=CCNC1SC=CC(OC=COC)=NC(C)(C=COC)OCC1C
CC=CCOC=O,-2.59,augment,,,CC=CCOC=O
CC=CCSC=O,-2.91,augment,,,CC=CCSC=O
CC=CC[C@@H1](C)C(CN)CCCCSCC,-2.74,augment,,,CC=CC[C@@H](C)C(CN)CCCCSCC
CC=CC[C@@H1]([C@H1]12)[C@@H1]1C=CC2CCCCCC3C=C(F)CC3C,-3.68,augment,,,CC=CC[C@@H]1[C@@H]2C=CC(CCCCCC3C=C(F)CC3C)[C@@H]21
CCC=C(NC=NC[NH1+1](C)CC=CC)N=CNC(O)ON,-3.2,augment,,,CC=CC[NH+](C)CN=CNC(=CCC)N=CNC(O)ON
CC=CN(C)CCC=O,-2.99,augment,,,CC=CN(C)CCC=O
CC=CN(C)CCCC(=O)NC1C2C(C)C1CCCCCCCN2N,-4.3,augment,,,CC=CN(C)CCCC(=O)NC1C2CCCCCCCN(N)C1C2C
CC=CN(C=O)NC=O,-3.18,augment,,,CC=CN(C=O)NC=O
C[C@@H1](C)C1C23CC=CC=C2NC(=O)C=C3N1C=CC,-4.46,augment,,,CC=CN1C2=CC(=O)NC3=CC=CCC32C1C(C)C
CCOC=CCC1N(C=CC[C@H1](C)C1N2C=CC)O2,-3.82,augment,,,CC=CN1ON2C=CC[C@H](C)C1C2CC=COCC
CC=C(CCCC(N)CCC)CNCCNC(C)=NC=CC,-1.94,augment,,,CC=CN=C(C)NCCNCC(=CC)CCCC(N)CCC
CC=CN=C(N1C=CN=C2CCC=C2CCCC3)OC3C=C1OC,-4.87,augment,,,CC=CN=C1OC2C=C(OC)N1C=CN=C1CCC=C1CCCC2
CCOC=CNCC=C(OC(=O)N(C)CC=CC=C=NC=CC)CC=CSOOCO,-2.25,augment,,,CC=CN=C=CC=CCN(C)C(=O)OC(=CCNC=COCC)CC=CSOOCO
CC=CN=CC=COCC(=O)N=C1C(=O)CCC1(C)C2C=C2,-3.93,augment,,,CC=CN=CC=COCC(=O)N=C1C(=O)CCC1(C)C1C=C1
CC=CN=CNC1=C(NC)CC1C=O,-3.37,augment,,,CC=CN=CNC1=C(NC)CC1C=O
CC=C/N=NC(=O)N=O,-3.93,augment,,,CC=CN=NC(=O)N=O
CC(COC1=CC=CC=CC1CC#CNC=CC)CC(CCl)C(C)C,-3.43,augment,,,CC=CNC#CCC1C=CC=CC=C1OCC(C)CC(CCl)C(C)C
CC=C(NC=CC)C=NCC(=O)N=CCC1=CC=CC=C1NCNC=NNN=CCN,-4.09,augment,,,CC=CNC(C=NCC(=O)N=CCc1ccccc1NCNC=NNN=CCN)=CC
CC=C[NH1]C(OC)CNCC=CC=CC=CC(CC=CF)C,-3.35,augment,,,CC=CNC(CNCC=CC=CC=CC(C)CC=CF)OC
CCN(C[C@@H1]1COCNC(=O)C(C)C=C1NC=CC)CC=CC(=C2)C=C2,-4.22,augment,,,CC=CNC1=CC(C)C(=O)NCOC[C@H]1CN(CC)CC=CC1=CC=C1
C1C[NH2+1]C(C=C(CNC=CC)CCl)=CC=C1C,-4.27,augment,,,CC=CNCC(=CC1=CC=C(C)CC[NH2+]1)CCl
CC=CNCC(CNC=CC=O)C=O,-3.13,augment,,,CC=CNCC(C=O)CNC=CC=O
O=CC=CC=CC=CCC=CC=C(Cl)COCCNC=CC,-3.65,augment,,,CC=CNCCOCC(Cl)=CC=CCC=CC=CC=CC=O
CC=CNCN1CCC=C1CN(C)CF,-2.31,augment,,,CC=CNCN1CCC=C1CN(C)CF
C1CCC(CCC[C@@H1]1C(=O)[C@@H1](C)C=CC)O[NH1]C=CC,-3.95,augment,,,CC=CNOC1CCCC(C(=O)[C@@H](C)C=CC)CCC1
CCNC(CCC=O)CC=C(O)NONC=CC,-3.3,augment,,,CC=CNONC(O)=CCC(CCC=O)NCC
CCC=CC(OC=CC)(C)CCCCCC,-2.61,augment,,,CC=COC(C)(C=CCC)CCCCCC
CCC1C[C@@H1](C)OC[C@@H1](N)C(C)C(OC=CC)C2OC21C,-4.28,augment,,,CC=COC1C(C)[C@H](N)CO[C@H](C)CC(CC)C2(C)OC12
C[NH1+1]CCN(C=CN1CCC=C(C=CC2=O)NCCOC=CC)CC2C1,-3.99,augment,,,CC=COCCNC1=CCCN2C=CN(CC[NH+]C)CC(C2)C(=O)C=C1
C[C@H1]=[C@H1]ON=CCCN(C=O)C(CC=O)CCC=CC(F)CF,-2.84,augment,,,CC=CON=CCCN(C=O)C(CC=O)CCC=CC(F)CF
CC=CSC(C=O)NCCC=O,-2.98,augment,,,CC=CSC(C=O)NCCC=O
CC=CSC(OCC(=O)CN(C)CCC=CN1)C1,-4.08,augment,,,CC=CSC1CNC=CCCN(C)CC(=O)CO1
CC(N)(CSC=CC)C=O,-3.29,augment,,,CC=CSCC(C)(N)C=O
CC=CSCC(CCCC=O)CF,-2.91,augment,,,CC=CSCC(CF)CCCC=O
CC=CSCNN1C=CN(C2)C12CCCC#CC(CF)C,-3.2,augment,,,CC=CSCNN1C=CN2CC21CCCC#CC(C)CF
CC=CSNC=NSN1OCC2C(C)(N)C=C=C1NCCOCCCC=NN=N2,-4.88,augment,,,CC=CSNC=NSN1OCC2N=NN=CCCCOCCNC1=C=CC2(C)N
CC=C[C@@H1](C=NC=CC(=O)C)CC=CCCC(O)NC,-3.57,augment,,,CC=C[C@@H](C=NC=CC(C)=O)CC=CCCC(O)NC
CC=C[C@@H1](OC)C1(C=O)OC2=C1C2=O,-3.61,augment,,,CC=C[C@@H](OC)C1(C=O)Oc2c1c2=O
CC=C[C@@H1](C1CCCNN(C)[NH1+1]2CCC1)C=C2,-3.97,augment,,,CC=C[C@@H]1C=C[NH+]2CCCC1CCCNN2C
CC=C[C@H1](C)N=O,-3.73,augment,,,CC=C[C@H](C)N=O
CC=CC1=CC(C)=CC=C1CC(C)(C)C=O,-3.86,augment,,,CC=Cc1cc(C)ccc1CC(C)(C)C=O
C1COC=CC=C1CC=CC2CNN=C2CCC=CN3C=NC=C3C=CC,-4.74,augment,,,CC=Cc1cncn1C=CCCC1=NNCC1C=CCC1=CC=COCC1
CC=CC(SN1CCNC=O)=C1CC=2C=CC=2,-3.65,augment,,,CC=Cc1sn(CCNC=O)c1CC1=CC=C1
CN=CC,-2.18,augment,,,CC=NC
CC=NC(SCNC)=CC=O,-2.93,augment,,,CC=NC(=CC=O)SCNC
CC=NC(C1CC=CC=C1C)=CCCC2CN2SCOCCC=O,-4.16,augment,,,CC=NC(=CCCC1CN1SCOCCC=O)C1CC=CC=C1C
CC=NC(C=NCC)(C)C=O,-2.97,augment,,,CC=NC(C)(C=O)C=NCC
CC=NC1=CC=CC(NC(C2)CC=CC=C2CC(N)(C)CC=CCCC)C1,-4.3,augment,,,CC=NC1=CC=CC(NC2CC=CC=C(CC(C)(N)CC=CCCC)C2)C1
CC=NC1=CC=CC1(C=O)Cl,-3.34,augment,,,CC=NC1=CC=CC1(Cl)C=O
CC=NC1=CC=CC2CC(CC=O)C(=O)C2CCCOC=C1O,-5.17,augment,,,CC=NC1=CC=CC2CC(CC=O)C(=O)C2CCCOC=C1O
C12C(C)[NH1+1]C1C(C3)N2NCCCCCC=CC3N=[C@H1]C,-5.42,augment,,,CC=NC1C=CCCCCCNN2C(C1)C1[NH+]C(C)C12
CC=NC=C(C1C=CC1C[NH1+1](N2)C[C@H1](C)CC2CC)C,-3.88,augment,,,CC=NC=C(C)C1C=CC1C[NH+]1C[C@H](C)CC(CC)N1
CC=NC=C(C)CCNCNC(C)C(OC)C1(C)C(C)C=N1,-2.31,augment,,,CC=NC=C(C)CCNCNC(C)C(OC)C1(C)N=CC1C
CC=NC=C1C=C1C(C=O)OC=NCC,-3.19,augment,,,CC=NC=C1C=C1C(C=O)OC=NCC
CC=NC=C(C=CC=CC=CC1(C)CCC)C1CCCN2C=CCC2C,-4.38,augment,,,CC=NC=C1C=CC=CC=CC(C)(CCC)C1CCCN1C=CCC1C
CC=NC=C(COC=[C@@H1]CCNC(C)C(N1)=N)CCO1,-4.02,augment,,,CC=NC=C1CCONC(=N)C(C)NCCC=COC1
CC=NC=C=C(NNC1CO[C@H1](N)C2=CC=CC=C1C2CCC)C3N(C)C=CC=C3,-5.07,augment,,,CC=NC=C=C(NNC1CO[C@H](N)C2=CC=CC=C1C2CCC)C1C=CC=CN1C
CC=NC=CC(=O)OC=CC1=CC(=O)C2[C@@H1]1C2SN(C=O)C=C=O,-4.16,augment,,,CC=NC=CC(=O)OC=CC1=CC(=O)C2C(SN(C=O)C=C=O)[C@H]12
CC=NC=CC(NC(C)C1=NC1(C)CCO)C(C=N2)C2=N,-3.69,augment,,,CC=NC=CC(NC(C)C1=NC1(C)CCO)C1C=NC1=N
CC=NC=CC(O)CCC(C)C=CN=C(Cl)C=CCCC1CC1S,-3.9,augment,,,CC=NC=CC(O)CCC(C)C=CN=C(Cl)C=CCCC1CC1S
CC=NC=CC(CC1=CC=O)CC=C1C,-4.24,augment,,,CC=NC=CC1CC=C(C)C(=CC=O)C1
CC=NC=CC=C=O,-3.44,augment,,,CC=NC=CC=C=O
CC=NC=CCC(CC=CC=CC=CCC=O)=NN1C=CC=CC=C1,-4.52,augment,,,CC=NC=CCC(CC=CC=CC=CCC=O)=NN1C=CC=CC=C1
CC=NC=CCF,-2.36,augment,,,CC=NC=CCF
CC=NC=CNCC1CN(C)NN1C=O,-3.83,augment,,,CC=NC=CNCC1CN(C)NN1C=O
CC=NC=CSC(C)[C@H1](N)CC1CC=CCC1C=O,-4.2,augment,,,CC=NC=CSC(C)[C@H](N)CC1CC=CCC1C=O
O=C(NC[C@@H1](C)C=1C=C2C=C2C=1C=CN=CC)CC=CC=CF,-4.31,augment,,,CC=NC=Cc1c2cc-2cc1[C@H](C)CNC(=O)CC=CC=CF
CC=NC=O,-2.57,augment,,,CC=NC=O
CC=NCC,-2.39,augment,,,CC=NCC
CC=NCC(CC)(OC1CC(O)C)NCCCC=CCO1,-4.21,augment,,,CC=NCC1(CC)NCCCC=CCOC(CC(C)O)O1
CC=NCCC(=O)C,-3.19,augment,,,CC=NCCC(C)=O
CC=NCCCNCC(C)C=CC=O,-3.1,augment,,,CC=NCCCNCC(C)C=CC=O
N#CNN(CN=CC)C=O,-2.92,augment,,,CC=NCN(C=O)NC#N
CC=NCN=CCCC=O,-2.86,augment,,,CC=NCN=CCCC=O
CC=NCOC=C=C=O,-2.94,augment,,,CC=NCOC=C=C=O
CC=NC[C@@H1](CCC=O)C=NC=C1CCC=N1,-3.36,augment,,,CC=NC[C@H](C=NC=C1CCC=N1)CCC=O
NC[N+1](CN=CC)C(=O)NC(C1=CCCS1=O)=O,-3.74,augment,,,CC=NC[N+](CN)C(=O)NC(=O)C1=CCCS1=O
CC=NN,-2.31,augment,,,CC=NN
CC=NN(CC)C=O,-2.68,augment,,,CC=NN(C=O)CC
CC=NN(C1=CC=CC=C1F)C=O,-3.47,augment,,,CC=NN(C=O)c1ccccc1F
CC=NN(CCC)CC(CNCCCCN=NCC=NC=CC=O)C1=CC1,-1.17,augment,,,CC=NN(CCC)CC(CNCCCCN=NCC=NC=CC=O)C1=CC1
CC=NN(COC=C[NH1]C(=O)CCOC=CC=O)CO,-2.85,augment,,,CC=NN(CO)COC=CNC(=O)CCOC=CC=O
CC=NN=C(C)NCC(=O)NCCCCCSCCC=CC=CCC,-3.02,augment,,,CC=NN=C(C)NCC(=O)NCCCCCSCCC=CC=CCC
CC=NN=C(COC(C)N)CCCC(C(C)C)CCC=NO,-1.15,augment,,,CC=NN=C(CCCC(CCC=NO)C(C)C)COC(C)N
CC=NN=C=C(C=O)CCCC=O,-3.68,augment,,,CC=NN=C=C(C=O)CCCC=O
CCOC=CCO[C@@H1](C)CC=CC=CC(C)CNNSC=NN=CC,-3.42,augment,,,CC=NN=CSNNCC(C)C=CC=CC[C@H](C)OCC=COCC
CC=NNCC#C[NH2+1]NC=O,-3.24,augment,,,CC=NNCC#C[NH2+]NC=O
CC=NNCNC(C=CC(=O)C=C(CCC1C=CS)S1(C)OO)C,-2.44,augment,,,CC=NNCNC(C)C=CC(=O)C=C1CCC(C=CS)S1(C)OO
CC=NNN(C1)CNC(CC)NC=CC=C(C)C=CCC=N[NH1]1,-4.68,augment,,,CC=NNN1CNN=CCC=CC(C)=CC=CNC(CC)NC1
CC=NOC(C)OC=O,-2.82,augment,,,CC=NOC(C)OC=O
CC=NOC=CC1=CN(C)C[C@@H1]1C,-4.01,augment,,,CC=NOC=CC1=CN(C)C[C@@H]1C
CC=NSC(C=CCC(CC)CCNCCCC=O)=C=CC=NN,-2.14,augment,,,CC=NSC(=C=CC=NN)C=CCC(CC)CCNCCCC=O
CC=N[C@@H1](C)NPCSC(=O)C=O,-3.03,augment,,,CC=N[C@@H](C)NPCSC(=O)C=O
CC=O,-2.33,augment,,,CC=O
CC=[NH1+1]C=C(CC)CC=O,-3.47,augment,,,CC=[NH+]C=C(CC)CC=O
CC=[NH1+1]C=C(S=1C)NC=C=1,-3.53,augment,,,CC=[NH+]C=C1NC=C=S1C
CC=[NH1+1]C=CCCOC=NC=O,-2.99,augment,,,CC=[NH+]C=CCCOC=NC=O
CC=[NH1+1]C[C@H1](CCC1C)N1NC=NC=O,-3.34,augment,,,CC=[NH+]C[C@@H]1CCC(C)N1NC=NC=O
CCC#CC(=O)CC=CC=CNC1C=CCCCC1,-4.11,augment,,,CCC#CC(=O)CC=CC=CNC1C=CCCCC1
CCC#CC1(N2)C=CC=C1CCCOC=NC(C)CC=CC=C2,-4.06,augment,,,CCC#CC12C=CC=C1CCCOC=NC(C)CC=CC=CN2
C1C=CC=C2C1(NCCC=CC3=CC=CC3C=CC#CCC)CN=N2,-4.44,augment,,,CCC#CC=CC1C=CC=C1C=CCCNC12CC=CC=C1N=NC2
C1OC=CC1(C(C)NNCNC=O)C=CC=CC=CC#CCC,-3.5,augment,,,CCC#CC=CC=CC=CC1(C(C)NNCNC=O)C=COC1
C1C=CC=C(C(=O)N1CC)N(N)CCSC=CC=CC#CCC,-3.48,augment,,,CCC#CC=CC=CSCCN(N)C1=CC=CCN(CC)C1=O
N12C=CC1=C2C=CC=CC#CCC,-3.46,augment,,,CCC#CC=CC=Cc1c2ccn1-2
CCC#CCl,-2.25,augment,,,CCC#CCl
CCC(CCC1OC=CCC1C)=CC=C(O)C(O)CC,-3.8,augment,,,CCC(=CC=C(O)C(O)CC)CCC1OC=CCC1C
CC(N)C=CC=C(CC)C(=O)NCCCC(=O)C(C)F,-3.73,augment,,,CCC(=CC=CC(C)N)C(=O)NCCCC(=O)C(C)F
COC=CC=C(O)C=CC=CC=C(C(=O)CCCCl)CC,-3.48,augment,,,CCC(=CC=CC=CC(O)=CC=COC)C(=O)CCCCl
COC=CC=C(CC)CC=O,-3.25,augment,,,CCC(=CC=COC)CC=O
CCC(CC[NH1+1]C)=CNCCOCCOC1=CC=NC=C1N,-0.64,augment,,,CCC(=CNCCOCCOc1ccncc1N)CC[NH+]C
O=C(N)N=C(C(CSC1=O)C=CC=C1C(=O)C=CC=CO)C(CC)=CSC,-3.58,augment,,,CCC(=CSC)C(=NC(N)=O)C1C=CC=C(C(=O)C=CC=CO)C(=O)SC1
CCC(=N)CN=C=CCC(CN)CNC[NH1+1](C=1)CCOC=1CC=NCC(C)O,-0.57,augment,,,CCC(=N)CN=C=CCC(CN)CNC[NH+]1C=C(CC=NCC(C)O)OCC1
OC=CC(=O)SCCC=C=CCC=CN=C(NCCCC(=O)C=CNNO)CC,-3.09,augment,,,CCC(=NC=CCC=C=CCCSC(=O)C=CO)NCCCC(=O)C=CNNO
CCC(=O)C=C(C1)N1SC=CN=C(/C2)CC=CC=C2,-4.24,augment,,,CCC(=O)C=C1CN1SC=CN=C1CC=CC=CC1
O=C(CC)C=CN1CCCCSCC=NN1CC=CCF,-3.64,augment,,,CCC(=O)C=CN1CCCCSCC=NN1CC=CCF
CCC(=O)C=O,-2.69,augment,,,CCC(=O)C=O
CCC(=O)CC/C=C1C=CC2=CC=C(C12CC=NOC=CC#CC3)CC3,-5.37,augment,,,CCC(=O)CCC=C1C=CC2=CC=C3CCCC#CC=CON=CCC213
CCC(=O)CCCCCC(C1)CCCC1C[NH1+1]NCCC=CC=O,-3.63,augment,,,CCC(=O)CCCCCC1CCCC(C[NH+]NCCC=CC=O)C1
O=C(CC)CCCCCCCl,-2.98,augment,,,CCC(=O)CCCCCCCl
O=C(CCNCC[C@@H1](CN)C(C)C=CN=CC=CC=CF)CC,-2.33,augment,,,CCC(=O)CCNCC[C@@H](CN)C(C)C=CN=CC=CC=CF
CCC(=O)NC(C)NC=C1C=CC=CC1[N+1],-4.04,augment,,,CCC(=O)NC(C)NC=C1C=CC=CC1[N+]
CCC(=O)Nc1ccc(NS(=O)(=O)c2ccc(Cl)cc2)cc1,-4.5,anchor,analog,NCT-503,CCC(=O)Nc1ccc(NS(=O)(=O)c2ccc(Cl)cc2)cc1
O=C([O-1])NC(C)(CC)C=CC1=C2C=CCCN2CCCCC3CC3CCC=C1,-5.12,augment,,,CCC(C)(C=CC1=C2C=CCCN2CCCCC2CC2CCC=C1)NC(=O)[O-]
CCC(C)(O)CCC=C=NC=CC#N,-3.48,augment,,,CCC(C)(O)CCC=C=NC=CC#N
CCC(C)(O)CCCC1=NC2=CC3=NC=C1CC3=N2,-3.01,augment,,,CCC(C)(O)CCCC1=NC2=CC3=NC=C1CC3=N2
C1OC=NNC(C)CC=C1C(C)(C)C=CC=NC=CC(C)CC,-4.57,augment,,,CCC(C)C=CN=CC=CC(C)(C)C1=CCC(C)NN=COC1
CC(=O)NCCC=CC=C=CONC=CC(C)CC,-4.03,augment,,,CCC(C)C=CNOC=C=CC=CCCNC(C)=O
CC(CSC=CC(C)CC)SC=NC=O,-3.18,augment,,,CCC(C)C=CSCC(C)SC=NC=O
CCC(C)CC(=O)C=CC(C)C=O,-3.53,augment,,,CCC(C)CC(=O)C=CC(C)C=O
CCC(C)CCOC=O,-2.71,augment,,,CCC(C)CCOC=O
CCC(C)CCl,-2.26,augment,,,CCC(C)CCl
CC(=O)NC(C[NH1+1]CC1OC(=O)N(C)CC(C)CC)C1,-3.73,augment,,,CCC(C)CN(C)C(=O)OC1C[NH+]CC(NC(C)=O)C1
CCC(C)C[NH1+1](C)C=O,-3.24,augment,,,CCC(C)C[NH+](C)C=O
CC(C)(O)N(NC(=O)CC1N(C)C(C)CC)N=C1C,-3.67,augment,,,CCC(C)N(C)C1CC(=O)NN(C(C)(C)O)N=C1C
CCC(C)N=CCC(C)CCCO,-3.59,augment,,,CCC(C)N=CCC(C)CCCO
CCC(C)NC=COCNC=NC1C(C=CC=C1)C,-4.09,augment,,,CCC(C)NC=COCNC=NC1C=CC=CC1C
COCCCCC1C(C=C2NN1CCNC(C)CC)=C2,-2.12,augment,,,CCC(C)NCCN1NC2=CC(=C2)C1CCCCOC
C1C=CC=CC=CC=C(NC(=O)CCNCNC(C)CC)C1C,-5.39,augment,,,CCC(C)NCNCCC(=O)NC1=CC=CC=CC=CCC1C
CCC(C)NN(C)NC(=O)C1=CC1O,-3.56,augment,,,CCC(C)NN(C)NC(=O)C1=CC1O
O=CC=CC1=C(COC=N1)CCCCOC(C)CC,-3.17,augment,,,CCC(C)OCCCCC1=C(C=CC=O)N=COC1
CC(=O)N1CCC(C2)=C1C2OCCC(C=CC=CC(=O)C=C[O-1])CC,-4.36,augment,,,CCC(C=CC=CC(=O)C=C[O-])CCOC1CC2=C1N(C(C)=O)CC2
CCC(C=CC=O)=CC=NCC(C1)CCC1,-3.34,augment,,,CCC(C=CC=O)=CC=NCC1CCCC1
O=C(CC=CC(CC=C=CC=CNC)CC)CCCC=CN1CC1,-3.34,augment,,,CCC(C=CCC(=O)CCCC=CN1CC1)CC=C=CC=CNC
CC[C@@H1](CC)C=O,-2.81,augment,,,CCC(C=O)CC
COC(=O)CC(C(=O)NC=C1CCCC1CF)CC,-2.84,augment,,,CCC(CC(=O)OC)C(=O)NC=C1CCCC1CF
CC[C@@H1](CC)CC=O,-3.0,augment,,,CCC(CC)CC=O
CCC(CC)N1C=C(C1C)CC(C)CCOC=CC2=NN2,-3.98,augment,,,CCC(CC)N1C=C(CC(C)CCOC=CC2=NN2)C1C
CC[C@@H1](CC)ONCC(=O)NCCC[C@@H1](C)N=CC(C)CC(=O)C,-1.4,augment,,,CCC(CC)ONCC(=O)NCCC[C@@H](C)N=CC(C)CC(C)=O
CCC(CC)C1=C2C3=NC=C1C(=O)CCCCC2C=N3,-4.12,augment,,,CCC(CC)c1c2cnc3c1C(C=N3)CCCCC2=O
C1C=NC=CC=C1CC(CC)NCCC#N,-3.63,augment,,,CCC(CC1=CC=CN=CC1)NCCC#N
CNC(=O)COSCC=C=NCC(CCC1C=C1)CC,-2.57,augment,,,CCC(CCC1C=C1)CN=C=CCSOCC(=O)NC
CCC(OC)CCC=CC=O,-3.21,augment,,,CCC(CCC=CC=O)OC
C1CC=CC=C1CC(CC)(OC)CCC=CCSCC=O,-3.3,augment,,,CCC(CCC=CCSCC=O)(CC1=CC=CCC1)OC
CCC(NCOC=O)CCF,-2.3,augment,,,CCC(CCF)NCOC=O
CC1C[C@@H1]1NSNCCCC=CCCCC=C(Cl)CC,-3.05,augment,,,CCC(Cl)=CCCCC=CCCCNSN[C@H]1CC1C
NC=NC=CC[C@@H1](C(=O)[O-1])CC=NC(Cl)CC,-3.49,augment,,,CCC(Cl)N=CC[C@@H](CC=CN=CN)C(=O)[O-]
CC(C)CC=CCOC(C=O)CCNCC(F)CC,-1.82,augment,,,CCC(F)CNCCC(C=O)OCC=CCC(C)C
CCC(C1C=C1)NC[NH3+1],-2.83,augment,,,CCC(NC[NH3+])C1C=C1
CCC(PC)(O)N1CCO[C@@H1](C)CC1CNCC=NC(C)CCC=O,-1.79,augment,,,CCC(O)(PC)N1CCO[C@@H](C)CC1CNCC=NC(C)CCC=O
CCC(SC=NC)(O)C(=O)C=O,-2.62,augment,,,CCC(O)(SC=NC)C(=O)C=O
CCC(O)C(CCNC1=NC=CC=C1C=CC=CCC=CC2=CCON)CC2,-5.06,augment,,,CCC(O)C1CCNc2ncccc2C=CC=CCC=CC(=CCON)CC1
CCC(O)CCC1(C)C=C1F,-3.67,augment,,,CCC(O)CCC1(C)C=C1F
COCC1CC(NC1CCCC(CC)O)CCCCF,-2.46,augment,,,CCC(O)CCCC1NC(CCCCF)CC1COC
CC(C)C=C1C=C1CCC([NH3+1])C(OO)CC,-3.58,augment,,,CCC(OO)C([NH3+])CCC1=CC1=CC(C)C
CCC1(C)C#C1,-2.44,augment,,,CCC1(C)C#C1
CC(C1)(CC)CC=C1CCNC(=O)NC2=CC=NN(N)CCC=CN3CC23NC4C=N4,-5.07,augment,,,CCC1(C)CC=C(CCNC(=O)NC2=CC=NN(N)CCC=CN3CC23NC2C=N2)C1
CC/C1(C\CC=C1SCCC(=O)N)C=O,-2.87,augment,,,CCC1(C=O)CCC=C1SCCC(N)=O
CO[C@H1](O1)C1(CC)CC=CC=CBr,-3.28,augment,,,CCC1(CC=CC=CBr)O[C@H]1OC
C[C@H1](C)OC=C(CC=[C@H1][NH1+1]C1OC2(CC)C13)NC3CCC[NH1+1]C4CCCC=C4C=C2,-4.39,augment,,,CCC12C=CC3=CCCCC3[NH+]CCCC3NC(=COC(C)C)CC=C[NH+]C(O1)C32
C1OC=C2C3=C4C=C1C(C)C(C)=C4CC23CC,-4.38,augment,,,CCC12CC3=C(C)C(C)C4=CC3=C1C2=COC4
C12CCC2(CCCC(C)CCC3=C1C3)CC,-4.66,augment,,,CCC12CCCC(C)CCC3=C(C3)C1CC2
CCC1(CNC(O)C(C)=COCCCC=C1C2=NN=O)C(C)=C2,-4.79,augment,,,CCC12CNC(O)C(C)=COCCCC=C1C(=NN=O)C=C2C
C1=CCCC=C1C(C)CCCC=CC=CC2(C3)OCC32CC,-4.42,augment,,,CCC12COC1(C=CC=CCCCC(C)C1=CCCC=C1)C2
CCC12NC(=O)N=C1CC3CC3OC=C2OC,-3.49,augment,,,CCC12NC(=O)N=C1CC1CC1OC=C2OC
CC1=C(CC)CC(C=C(N)C(CN1)CCNC=CNC)CC2C#C2,-3.46,augment,,,CCC1=C(C)NCC(CCNC=CNC)C(N)=CC(CC2C#C2)C1
CCC1=C(C=CCC1C)C=O,-3.63,augment,,,CCC1=C(C=O)C=CCC1C
CNNC(=O)NCN1CNC(C2)CC=CC3=C2C1=C=C3CC,-4.87,augment,,,CCC1=C=C2C3=C1C=CCC(C3)NCN2CNC(=O)NNC
CCC=1C(C=O)C=C=1,-3.27,augment,,,CCC1=C=CC1C=O
C1CCC(N)CC[NH1+1]CC(C)(C)C=CC=CC#CN=C=C1CC,-5.68,augment,,,CCC1=C=NC#CC=CC=CC(C)(C)C[NH+]CCC(N)CCC1
OC1[NH2+1][C@@H1](C)NCCCCC=C(C)C=C1CC,-4.3,augment,,,CCC1=CC(C)=CCCCCN[C@H](C)[NH2+]C1O
CCC(=C1)N=C1C=CC=CC2=C(C=O)CC=CC=CC2C,-4.54,augment,,,CCC1=CC(C=CC=CC2=C(C=O)CC=CC=CC2C)=N1
C1C=CC1CNCCC=C=CNCN2CC(O)C=C2CC,-3.36,augment,,,CCC1=CC(O)CN1CNC=C=CCCNCC1C=CC1
CCC1=CC2C=C1CCC=NC=CC(O)[NH1]2,-4.09,augment,,,CCC1=CC2C=C1CCC=NC=CC(O)N2
CCC1=CC(NCCC=C1C(O)CC2N=O)C(F)CC2,-3.77,augment,,,CCC1=CC2NCCC=C1C(O)CC(N=O)CCC2F
N[C@@H1](C)C=CC=CNCC1C=CCCCN(SC)C(C)=CC=C1CC,-4.67,augment,,,CCC1=CC=C(C)N(SC)CCCC=CC1CNC=CC=C[C@H](C)N
O=C(CNNCC1NC)CN1CCCC(C)C2C=CC=C2CC,-3.77,augment,,,CCC1=CC=CC1C(C)CCCN1CC(=O)CNNCC1NC
COC=CN=CC1CCC=CC=CNC(=O)CC=C(CNN1C)CC,-4.4,augment,,,CCC1=CCC(=O)NC=CC=CCCC(C=NC=COC)N(C)NC1
CC1C=C1C=CC(C)OC=CN=C(C=O)N(C23)C2CC=C3CC,-3.96,augment,,,CCC1=CCC2C1N2C(C=O)=NC=COC(C)C=CC1=CC1C
C1C(C)[NH1+1]1C=NC=C2CCCC=C2CC,-4.54,augment,,,CCC1=CCCCC1=CN=C[NH+]1CC1C
CC(C)(F)[C@@H1](NC(=O)[C@@H1]=CCCCC=C1CC)CC=C1,-4.51,augment,,,CCC1=CCCCC=CC(=O)N[C@H](C(C)(C)F)CC=C1
CC(C)CC=CC=C1C=C(Cl)OCCCC=C1CC,-4.51,augment,,,CCC1=CCCCOC(Cl)=CC1=CC=CCC(C)C
C1OCCC=C(CC)C=CNC=C2N(C)[C@H1](CC2)C(C)=CC=CC=C1,-4.93,augment,,,CCC1=CCCOCC=CC=CC=C(C)[C@H]2CCC(=CNC=C1)N2C
C1C=CC=C(COC)CCCN[C@@H1](C=CC=CN=O)CCC=C1CC,-5.11,augment,,,CCC1=CCC[C@H](C=CC=CN=O)NCCCC(COC)=CC=CC1
COC=CC=C/C(=N)N=C(C)C1=CC=NN(C=CC2(C3)C=C31)C=C2CC,-5.14,augment,,,CCC1=CN2C=CC13C=C(C3)C(C(C)=NC(=N)C=CC=COC)=CC=N2
O=C(C1=CC=C2N=C1)OCCC=CC=NC=C(CC)C3NC2C=CC=CCC=CC=CC=CC(OC)C3,-5.86,augment,,,CCC1=CN=CC=CCCOC(=O)c2ccc(nc2)C2C=CC=CCC=CC=CC=CC(OC)CC1N2
FC1=CC=C(C)N1C2CC=CC3=C2NCCCNC(C)NC=NC=C3CC,-4.89,augment,,,CCC1=CN=CNC(C)NCCCNC2=C1C=CCC2n1c(C)ccc1F
CCC1=CNC(C)N1C=O,-3.12,augment,,,CCC1=CNC(C)N1C=O
C1C=CC=CCCCOC(O)C2CCC=CC=C2OC=C1CC,-4.67,augment,,,CCC1=COC2=CC=CCCC2C(O)OCCCC=CC=CC1
C1COC=C(N1CCCNCCOC)CC,-3.19,augment,,,CCC1=COCCN1CCCNCCOC
CCC1=CSCC1CNC(=N)NC2=CC=CC=C[NH1]CC2,-4.58,augment,,,CCC1=CSCC1CNC(=N)NC1=CC=CC=CNCC1
CCC1=C[NH1+1](C=N)C=C1N[C@H1](C2)C(C)=CC2CF,-3.83,augment,,,CCC1=C[NH+](C=N)C=C1N[C@@H]1CC(CF)C=C1C
CCC1N(CCl)CC(=O)CC#C1,-3.5,augment,,,CCC1C#CCC(=O)CN1CCl
CCC(C1[NH1+1]C=NCN(N)CN)C(=O)C1C(N)C=CCC(=O)C=O,-3.36,augment,,,CCC1C(=O)C(C(N)C=CCC(=O)C=O)C1[NH+]C=NCN(N)CN
CC1C=CC=CC(=O)C(C(=O)[NH1+1]CC=CC(C)OC1C=C=O)CC,-5.13,augment,,,CCC1C(=O)C=CC=CC(C)C(C=C=O)OC(C)C=CC[NH+]C1=O
C1C=C1NCC(C2CC)CC=CC=CC=CC=C2C=C=O,-4.31,augment,,,CCC1C(C=C=O)=CC=CC=CC=CCC1CNC1=CC1
C1C(O)C2=C1CC(C2CC)OCCC(C)C=CO,-3.84,augment,,,CCC1C2=C(CC2O)CC1OCCC(C)C=CO
COC=CC=C(C=CC1=N)C=C(N2)C=C1CC=CN(C)OC3=C2C3CC,-4.82,augment,,,CCC1C2=C1ON(C)C=CCC1=CC(=CC(=CC=COC)C=CC1=N)N2
C12CC=CC3=C1/CC=N[C@H1](CCC=NC=CCC4C=C4C3CC)C2,-5.18,augment,,,CCC1C2=CC2CC=CN=CCC[C@@H]2CC3CC=CC1=C3CC=N2
CCC1NC2(C=CC=O)CCC2NC(C)=C1,-4.06,augment,,,CCC1C=C(C)NC2CCC2(C=CC=O)N1
CCC1C=CC(CCOC1C(C)C=C(OC)CS)C=O,-3.03,augment,,,CCC1C=CC(C=O)CCOC1C(C)C=C(CS)OC
C1OC=CNCCNC2=CC=C1C=CC2CC,-4.06,augment,,,CCC1C=CC2=CC=C1NCCNC=COC2
CCC1C=CC=C1CCC=CNPNC(=O)NC=O,-4.03,augment,,,CCC1C=CC=C1CCC=CNPNC(=O)NC=O
CNC(=O)[NH1+1]1C(CC)C=CC=CC#COC[NH1+1]CCCCO1,-4.53,augment,,,CCC1C=CC=CC#COC[NH+]CCCCO[NH+]1C(=O)NC
CC(C)CC1NC(C)CC12C(C)C(=O)C=CC=CC2CC,-4.35,augment,,,CCC1C=CC=CC(=O)C(C)C12CC(C)NC2CC(C)C
C1CCC1C23OCCC=C2C=C[NH1]C=CC=C3NC4OC=CC4CC,-5.16,augment,,,CCC1C=COC1NC1=CC=CNC=CC2=CCCOC21C1CCC1
CC1CCNCN2C(=O)C=CC=CC=CC=NC=C2C(CC)C=NC1,-4.88,augment,,,CCC1C=NCC(C)CCNCN2C(=O)C=CC=CC=CC=NC=C12
CCC(C(C)C1NC=O)NC=C(C)CC1CC,-3.63,augment,,,CCC1CC(C)=CNC(CC)C(C)C1NC=O
CCC1CC(C)CN2C=C12,-3.29,augment,,,CCC1CC(C)CN2C=C12
CC1[NH2+1]C=NC=CC1CC(=O)C2=C=C=C(CC2CC)S,-3.82,augment,,,CCC1CC(S)=C=C=C1C(=O)CC1C=CN=C[NH2+]C1C
CCC(C1)[C@H1]2NC=CC=C2C(=O)CC3=CC=CC=C1C4=NC5=CCC4CC35,-5.57,augment,,,CCC1CC2=CC=CC=C(CC(=O)C3=CC=CN[C@@H]31)C1CC3CC=C1N=C23
CCC1CC2CCN1CC(=O)C3CC=CN=C2C=CC=CS3,-4.96,augment,,,CCC1CC2CCN1CC(=O)C1CC=CN=C2C=CC=CS1
CCC1CC=CN[C@H1]1C=O,-3.44,augment,,,CCC1CC=CN[C@H]1C=O
CCC1CC=NNN1N=O,-3.9,augment,,,CCC1CC=NNN1N=O
CCC1CCC(O)C=C1C(=O)CCCC(N)COC,-1.99,augment,,,CCC1CCC(O)C=C1C(=O)CCCC(N)COC
CCC1CCC2C=C21,-2.99,augment,,,CCC1CCC2C=C21
CCC1CCC2CCCC(C=C(C)CC=CC=C2)CN1,-4.59,augment,,,CCC1CCC2C=CC=CCC(C)=CC(CCC2)CN1
CCC1CCC=C1CC=C(C=CC=C2C=C2NC=NC=N)CSSCl,-4.84,augment,,,CCC1CCC=C1CC=C(C=CC=C1C=C1NC=NC=N)CSSCl
C1CN(C=O)OCCC=CCCC(CC)CCCS1,-4.36,augment,,,CCC1CCC=CCCON(C=O)CCSCCC1
CCC1CCC=NN1C=O,-3.37,augment,,,CCC1CCC=NN1C=O
CCC(SC[NH1+1]CCN(C)CNCCC(C1)C)CCCC1=NONC,-4.26,augment,,,CCC1CCCC(=NONC)CC(C)CCNCN(C)CC[NH+]CS1
CCC1CCCCN1CCNN(C)CCC(C)CCC2=NN2S,-1.63,augment,,,CCC1CCCCN1CCNN(C)CCC(C)CCC1=NN1S
CCC(NC[NH1+1][NH1+1](C)CCC1)CCCCO1,-3.63,augment,,,CCC1CCCCOCCC[NH+](C)[NH+]CN1
CCC1CC[C@H1](C)CC1CC2C=CC=CC2C=O,-4.41,augment,,,CCC1CC[C@H](C)CC1CC1C=CC=CC1C=O
CC(=O)ONC(=O)N(CC1CC)[NH1]C=C1[O-1],-3.81,augment,,,CCC1CN(C(=O)NOC(C)=O)NC=C1[O-]
CC1(C)C(CC)CN1NC(=O)C=O,-4.25,augment,,,CCC1CN(NC(=O)C=O)C1(C)C
CC(C)[NH1+1](CCCCC=O)CNC(C)NCC1C(C)OCC1CC,-2.15,augment,,,CCC1COC(C)C1CNC(C)NC[NH+](CCCCC=O)C(C)C
CCC1OC(COC1)C=O,-3.4,augment,,,CCC1COCC(C=O)O1
CCC1CC2=CC=CC=C12,-3.53,augment,,,CCC1Cc2ccccc21
CCC1NCCCO1,-3.22,augment,,,CCC1NCCCO1
CCC1NNCCCC2(CCCC=C2C=CC=C13)CC3(C)N,-5.27,augment,,,CCC1NNCCCC23CCCC=C2C=CC=C1C(C)(N)C3
COC=CSC=CC=C(SC1CC)OO1,-3.49,augment,,,CCC1OOC(=CC=CSC=COC)S1
CCC=C(C)CC(C(C=O)O)NCC1SC1O,-2.42,augment,,,CCC=C(C)CC(NCC1SC1O)C(O)C=O
CCC=C(C)CC1(C[NH1+1](C)CCC)NC=CC(C)=C1,-3.84,augment,,,CCC=C(C)CC1(C[NH+](C)CCC)C=C(C)C=CN1
CCC=C(C)CCCSC(C)C1NC2CC3CC=C2NN3C#C1,-3.9,augment,,,CCC=C(C)CCCSC(C)C1C#CN2NC3=CCC2CC3N1
CCC=C(C)CN=C(F)N=C(C=CCC=NC=CC=O)Cl,-3.71,augment,,,CCC=C(C)CN=C(F)N=C(Cl)C=CCC=NC=CC=O
CCC=C(C)NOC(=O)C1C2C=CCC1C2CCCCC,-3.9,augment,,,CCC=C(C)NOC(=O)C1C2C=CCC1C2CCCCC
CCC=C(C=NN)C=CCF,-2.78,augment,,,CCC=C(C=CCF)C=NN
CC(C)NC=CC(OCCNC=O)=CCC,-2.86,augment,,,CCC=C(C=CNC(C)C)OCCNC=O
CCC=C(N)C(C)C=CC=O,-3.96,augment,,,CCC=C(N)C(C)C=CC=O
CCC=C(N)COC=O,-2.38,augment,,,CCC=C(N)COC=O
CCC=C1C(C)=CC=CC=C1CCCCCCCCC(SC)CC2C(O)CC2,-3.67,augment,,,CCC=C1C(C)=CC=CC=C1CCCCCCCCC(CC1CCC1O)SC
CCC=C1N2CCCNC(O)C2C1[C@@H1](C)CCCCC,-3.72,augment,,,CCC=C1C([C@@H](C)CCCCC)C2C(O)NCCCN12
CCC=C(C1C=C2CCCN)C1CCC=CC2,-4.45,augment,,,CCC=C1C2C=C(CCCN)CC=CCCC12
CCC=C1C=C1NC([NH1+1])CCCC=CC=C2NC=CC23CC3ON=O,-3.42,augment,,,CCC=C1C=C1NC([NH+])CCCC=CC=C1NC=CC12CC2ON=O
CCC=C(CCCOC1(CC2)CCCCCC=CC=CC=CF)C=CC21,-4.4,augment,,,CCC=C1C=CC2CCC2(CCCCCC=CC=CC=CF)OCCC1
CCC=C(N(C)C(=C1)NCC=NCNC=CCCCC=O)C=C1,-3.21,augment,,,CCC=C1C=CC=C(NCC=NCNC=CCCCC=O)N1C
CCC=C1C=CNC1=O,-3.55,augment,,,CCC=C1C=CNC1=O
CCC=C(CCCC(C)NC1=C2CN)CCC=CC1C2C=O,-4.11,augment,,,CCC=C1CCC=CC2C(=C(CN)C2C=O)NC(C)CCC1
CCC=C1CC(C=CC(C2)(C)CCC1)C2,-4.37,augment,,,CCC=C1CCCC2(C)C=CC(CC2)C1
CC(C(C1)=NC2=CCC)=CC=C2OCC1=C=CC3CC=CC=C3,-5.01,augment,,,CCC=C1N=C2CC(=C=CC3C=CC=CC3)COC1=CC=C2C
CCC=C1C(=O)C2CCCC=C2C(=O)NN1,-4.21,augment,,,CCC=C1NNC(=O)C2=CCCCC2C1=O
CCC=C=C=C(C=O)C=CC(F)C=CF,-3.21,augment,,,CCC=C=C=C(C=O)C=CC(F)C=CF
CCC=C=CC=CC=CC=CC(C)CC=CC=CC=CN=O,-4.52,augment,,,CCC=C=CC=CC=CC=CC(C)CC=CC=CC=CN=O
O=C(CNC=CC=C=CCC)NC,-3.3,augment,,,CCC=C=CC=CNCC(=O)NC
CCC=C=NC1=C(CCC=C1C=O)OC,-3.54,augment,,,CCC=C=NC1=C(OC)CCC=C1C=O
CC1OC(=O)N1CN(C=CC=O)CCN=C=CCC,-3.46,augment,,,CCC=C=NCCN(C=CC=O)CN1C(=O)OC1C
CCC=C=NCCNCCCCC1CC1F,-3.07,augment,,,CCC=C=NCCNCCCCC1CC1F
CCC=C=O,-2.9,augment,,,CCC=C=O
CCC=CC#COCCC,-2.94,augment,,,CCC=CC#COCCC
CCC=CC(=O)CCCNC,-2.59,augment,,,CCC=CC(=O)CCCNC
CCC=CC(=O)N(C)C=O,-3.36,augment,,,CCC=CC(=O)N(C)C=O
CCC=CC(C(=O)C=O)C(C1)CC=C(C=NN(C)CNC1)OCCCC,-3.89,augment,,,CCC=CC(C(=O)C=O)C1CC=C(OCCCC)C=NN(C)CNCC1
CCC=CC(C)(O)NC=C=CSBr,-2.98,augment,,,CCC=CC(C)(O)NC=C=CSBr
CCC=CC(C)OC=O,-3.0,augment,,,CCC=CC(C)OC=O
CCC=CC(CCOCCC=O)C=CC=CF,-2.77,augment,,,CCC=CC(C=CC=CF)CCOCCC=O
CCC=CC(CNNC(C)OC=O)C=CF,-2.39,augment,,,CCC=CC(C=CF)CNNC(C)OC=O
CCC=CC(CCl)N=[C@H1]OCCC(C1)C1=CC=CCCC,-3.47,augment,,,CCC=CC(CCl)N=COCCC1CC1=CC=CCCC
O=CNC=CC=CCCC(C)=CC=CC=C(N)C=CCC,-4.07,augment,,,CCC=CC(N)=CC=CC=C(C)CCC=CC=CNC=O
COC=CC=C(O)C=NC(C=CCC)=NC,-2.87,augment,,,CCC=CC(N=CC(O)=CC=COC)=NC
CCC=CC(C1)=C1CCCC,-2.69,augment,,,CCC=CC1=C(CCCC)C1
C1COC1C2C3=CC4=C2CCC3NC=C4C=CCC,-4.22,augment,,,CCC=CC1=CNC2CCC3=C1C=C2C3C1CCO1
CCC=CC1C=C1OCCNCCC=NC=CN=CSCSCCC(=O)CC,-2.66,augment,,,CCC=CC1C=C1OCCNCCC=NC=CN=CSCSCCC(=O)CC
CCC=CC(C1C2C=N)C=C1CNCC(C)=CC2C(C)C(F)F,-3.87,augment,,,CCC=CC1C=C2CNCC(C)=CC(C(C)C(F)F)C(C=N)C21
CCC=CC(CNCCCCCCC=C1CC2=NCNN2)C1,-4.11,augment,,,CCC=CC1CNCCCCCCC=C(CC2=NCNN2)C1
CCC=CC(SN1CC=CC(C)[NH1+1]NCC2C1)C(OC)=C2,-4.07,augment,,,CCC=CC1SN2CC=CC(C)[NH+]NCC(C=C1OC)C2
CCC=CC=C(C)C(=O)CCCN(O)C,-3.61,augment,,,CCC=CC=C(C)C(=O)CCCN(C)O
CCC=CC=C(/C=NCC=CC=O)C1=C=N1,-3.34,augment,,,CCC=CC=C(C=NCC=CC=O)C1=C=N1
CCC=CC=C(N)C(=O)C[NH2+1]C1C(C)(C)N1,-4.1,augment,,,CCC=CC=C(N)C(=O)C[NH2+]C1NC1(C)C
CCC=CC=C(N)C(=O)NC(O)C=CC1=NC1(C)OCC,-4.16,augment,,,CCC=CC=C(N)C(=O)NC(O)C=CC1=NC1(C)OCC
CCC=CC=C(O)C=O,-3.12,augment,,,CCC=CC=C(O)C=O
CCC=CC=C(N(C=O)O[C@@H1](CC)C1C)C1=NCNOC,-3.57,augment,,,CCC=CC=C1C(=NCNOC)C(C)[C@H](CC)ON1C=O
CCC=CC=C1C=C1NCOC(OC)[C@@H1](C)CC(C)CSSCC,-3.43,augment,,,CCC=CC=C1C=C1NCOC(OC)[C@@H](C)CC(C)CSSCC
CCC=CC=C(C=CC1CCC(C)C=O)C2=C3CC132,-4.59,augment,,,CCC=CC=C1C=CC(CCC(C)C=O)C23CC2=C13
CCC=CC=C1C=CC=CC1(N(C=O)C2)COCC2C,-4.43,augment,,,CCC=CC=C1C=CC=CC12COCC(C)CN2C=O
CCC=CC=C(OC(CC=O)([NH1+1])[C@H1]1C)CC=C1C,-3.19,augment,,,CCC=CC=C1CC=C(C)[C@H](C)C([NH+])(CC=O)O1
CCC=CC=C1CCCNC1C=O,-3.52,augment,,,CCC=CC=C1CCCNC1C=O
CCC=CC=C1CNCC[NH2+1]C2C=CC=CC=CCCC12O,-4.37,augment,,,CCC=CC=C1CNCC[NH2+]C2C=CC=CC=CCCC12O
CCC=CC=C(C1CC=C(C)S(=O)(=O)NC2=NC=CC2)COC#CCCCC1,-5.61,augment,,,CCC=CC=C1COC#CCCCCC1CC=C(C)S(=O)(=O)NC1=NC=CC1
CCC=CC=C=[C@@H1]N(CCC1=O)NC(C2)=C21,-3.93,augment,,,CCC=CC=C=CN1CCC(=O)C2=C(C2)N1
CCC=CC=C=CO[C@@H1](C1C)C2=[C@@H1]CCCCC(C)C2CC1=O,-5.1,augment,,,CCC=CC=C=CO[C@@H]1C2=CCCCCC(C)C2CC(=O)C1C
CCC=CC=C=NN(CN)CC=CC=CC=NC(CC=COSNC[NH1+1]C)CCCC,-3.36,augment,,,CCC=CC=C=NN(CN)CC=CC=CC=NC(CC=COSNC[NH+]C)CCCC
CCC=CC=CC(NC(=S)N1N([NH1+1])CCC1C)=CCNSNC(O)C,-1.99,augment,,,CCC=CC=CC(=CCNSNC(C)O)NC(=S)N1C(C)CCN1[NH+]
CCC=CC=CC(=O)CCCCCC1(N)C(=O)C1C,-3.07,augment,,,CCC=CC=CC(=O)CCCCCC1(N)C(=O)C1C
CCC=CC=CC(=O)N(O1)CCCCCCCCN2CC=CCC2C1,-4.8,augment,,,CCC=CC=CC(=O)N1CCCCCCCCN2CC=CCC2CO1
CCC=CC=CC1=C[C@@H1]1CCSC=O,-3.81,augment,,,CCC=CC=CC1=C[C@@H]1CCSC=O
CCC=CC=CC1NCC(C2)C=CC=CN(C)CC=C12,-4.61,augment,,,CCC=CC=CC1NCC2C=CC=CN(C)CC=C1C2
CCCC=CC=CC=CC(N)C=CC(NCC)=CC=CC=CCC,-3.94,augment,,,CCC=CC=CC=C(C=CC(N)C=CC=CC=CCCC)NCC
CCC=CC=CC=C/C=C/SC1C2C13CC(C)=C2C3,-4.22,augment,,,CCC=CC=CC=C/C=C/SC1C2C3=C(C)CC12C3
CCC=CC=CC=C(C(=O)CCCNCC1C=C1C=N2)C2=O,-4.94,augment,,,CCC=CC=CC=C1C(=O)CCCNCC2C=C2C=NC1=O
CCC=CC=CC=C=C=CS1(O)[C@@H1]2CCCC=C12,-4.6,augment,,,CCC=CC=CC=C=C=CS1(O)C2=CCCC[C@H]21
CCC=CC=CC=CC#CCl,-3.17,augment,,,CCC=CC=CC=CC#CCl
CCC=CC=CC=CC(=O)N1CCCCC1=N,-4.13,augment,,,CCC=CC=CC=CC(=O)N1CCCCC1=N
CCC=CC=CC=CC(C)C(=O)CC=CC(C)SC=CC=CC=C1N=N1,-3.8,augment,,,CCC=CC=CC=CC(C)C(=O)CC=CC(C)SC=CC=CC=C1N=N1
CCC=CC=CC=CC(C)C=O,-3.74,augment,,,CCC=CC=CC=CC(C)C=O
C=1C(O)C2=CC=C[C@H1]2OC(=O)C=1C=NCC=CC=CC=CCC,-4.67,augment,,,CCC=CC=CC=CCN=CC1=CC(O)C2=CC=C[C@H]2OC1=O
O=C([O-1])N(C)C=CCS(=O)(=O)N=CC=CC=CCC,-3.93,augment,,,CCC=CC=CC=NS(=O)(=O)CC=CN(C)C(=O)[O-]
CCC=CC=CCC(C1)=CC=CC=N[C@@H1](C)CCCC#C1,-3.83,augment,,,CCC=CC=CCC1=CC=CC=N[C@@H](C)CCCC#CC1
CCC=CC=CCC=C(C)CC=CC1=CCCCCSN=N1,-4.91,augment,,,CCC=CC=CCC=C(C)CC=CC1=CCCCCSN=N1
C1[NH1+1](C=O)NC1CCCC=CCC=CC=CCC,-3.22,augment,,,CCC=CC=CCC=CCCCC1C[NH+](C=O)N1
CCC=CC=CCCC1NNCNCCNC[C@@H1](C)NC[NH1+1](C)CCC2=CS2(C)CC1,-4.39,augment,,,CCC=CC=CCCC1CCS2(C)C=C2CC[NH+](C)CN[C@H](C)CNCCNCNN1
CCC=CC=CCCOC(=O)N=CCNCC,-2.88,augment,,,CCC=CC=CCCOC(=O)N=CCNCC
CCC=CC=CCF,-2.33,augment,,,CCC=CC=CCF
CCC=CC=CCNCNC(=O)N(C1)[C@@H1](C)CCCC=C1C2CCOC2CC,-4.51,augment,,,CCC=CC=CCNCNC(=O)N1CC(C2CCOC2CC)=CCCC[C@@H]1C
CCC=CC=CC[NH1+1](C)[C@H1](NC(=N)C(=O)C=CC1OCCCC)C=C1CC2CC2S,-2.9,augment,,,CCC=CC=CC[NH+](C)[C@H]1C=C(CC2CC2S)C(OCCCC)C=CC(=O)C(=N)N1
CCNC=CCNNNCCC1=C(C=CN1CC=CC=CCC)N2NNNN2,-2.48,augment,,,CCC=CC=CCn1ccc(-n2[nH][nH][nH][nH]2)c1CCNNNCC=CNCC
CCC=CC=CN(C)NC=C[C@@H1](CC)CCCBr,-3.34,augment,,,CCC=CC=CN(C)NC=C[C@@H](CC)CCCBr
CCC=CC=CN(OC)C=O,-3.3,augment,,,CCC=CC=CN(C=O)OC
CCC=CC=CN([C@H1](CN)CCCC=CC=NNC=CC1=O)C1,-4.18,augment,,,CCC=CC=CN1CC(=O)C=CNN=CC=CCCC[C@H]1CN
CCC=CC=CN=C=O,-3.57,augment,,,CCC=CC=CN=C=O
CCC=CC=CN=C[NH1]C(C)[O-1],-3.76,augment,,,CCC=CC=CN=CNC(C)[O-]
CCC=CC=CNC=CC=CCCC=CNCCC=NC1CC1,-3.44,augment,,,CCC=CC=CNC=CC=CCCC=CNCCC=NC1CC1
CCC=CC=CNCNC(=O)N=CCC=CC1=CC=CC=C1,-4.03,augment,,,CCC=CC=CNCNC(=O)N=CCC=Cc1ccccc1
CCC=CC=CNCOC=O,-2.93,augment,,,CCC=CC=CNCOC=O
CCC=CC=CNN(C(=O)C[NH1+1]C=NCC)NNCOCCC1C=C1,-3.0,augment,,,CCC=CC=CNN(NNCOCCC1C=C1)C(=O)C[NH+]C=NCC
CCC=CC=CONCCCCC(CC1C)C(C)C2=C1C2=O,-5.06,augment,,,CCC=CC=CONCCCCC1CC(C)c2c(c2=O)C1C
CCC=CC=CSNC(NC=CCC)NC=NNC1NNSSN1OC,-3.98,augment,,,CCC=CC=CSNC(NC=CCC)NC=NNC1NNSSN1OC
OC(C1)C[C@@H1]1CCNC(Cl)CC=NN=CC=CCC,-2.93,augment,,,CCC=CC=NN=CCC(Cl)NCCC1CC(O)C1
CCC=CC=O,-2.87,augment,,,CCC=CC=O
CCC=CCC(=O)CC1(C)CCC2=C(C)C=C2CCC1=O,-4.22,augment,,,CCC=CCC(=O)CC1(C)CCC2=C(C)C=C2CCC1=O
CCCCC(C=NC=O)CC=CCC,-2.99,augment,,,CCC=CCC(C=NC=O)CCCC
CCC=CCC1CCC=C1NC=CCCNNC(=O)OC=CCCC=O,-2.9,augment,,,CCC=CCC1CCC=C1NC=CCCNNC(=O)OC=CCCC=O
CC[C@H1]=CCC=CC=CF,-2.78,augment,,,CCC=CCC=CC=CF
CCC=CCC=CC=O,-3.16,augment,,,CCC=CCC=CC=O
C1=C(COCCNC2=C1C=CN2)CCC=CCC,-4.13,augment,,,CCC=CCCC1=Cc2cc[nH]c2NCCOC1
CCC=CCCC=C(C=C(C)CC)CC(CC1C)=C1ON,-4.51,augment,,,CCC=CCCC=C(C=C(C)CC)CC1=C(ON)C(C)C1
CCC=CCCC=CCC=CCCC12CC=CCC1C=N2,-3.77,augment,,,CCC=CCCC=CCC=CCCC12CC=CCC1C=N2
CCC=CCCC=CCCCCCC=O,-3.33,augment,,,CCC=CCCC=CCCCCCC=O
CCC=CCCCC(=O)CCCSC1=NC=CC1C,-3.04,augment,,,CCC=CCCCC(=O)CCCSC1=NC=CC1C
CCC=CCCCC(C)N=C(CC)CN[C@H1](C)CCOC,-2.13,augment,,,CCC=CCCCC(C)N=C(CC)CN[C@H](C)CCOC
CCC(CC=C=NC=C(F)CC)CCCC=CCC,-3.01,augment,,,CCC=CCCCC(CC)CC=C=NC=C(F)CC
CC(CCCS)C[NH1+1](C)[NH2+1]CCCNN=CC(C)C(F)CCCC=CCC,-1.32,augment,,,CCC=CCCCC(F)C(C)C=NNCCC[NH2+][NH+](C)CC(C)CCCS
C1CCN=CNN1NN(C(=O)C)CCCCCC=CCC,-3.58,augment,,,CCC=CCCCCCN(NN1CCCN=CN1)C(C)=O
CC(C=CCCOCCCC=CCC)C=CC(=O)NCCC=O,-3.64,augment,,,CCC=CCCCOCCC=CC(C)C=CC(=O)NCCC=O
CCC=CCCN=NCNC1=CC(N)C1C=CC(C)=CCCCC,-3.28,augment,,,CCC=CCCN=NCNC1=CC(N)C1C=CC(C)=CCCCC
CC[C@@H1]=CCCOC=O,-2.63,augment,,,CCC=CCCOC=O
CCC=CCC[C@@H1](O)C(C)SC=O,-3.26,augment,,,CCC=CCC[C@@H](O)C(C)SC=O
COC=CC=C(CCC1CCCNCC=CCC)C1F,-3.66,augment,,,CCC=CCNCCCC1CCC(=CC=COC)C1F
CCC=CCOC=CC=C1C#C1,-3.31,augment,,,CCC=CCOC=CC=C1C#C1
CCC=CN(CC)C=O,-2.88,augment,,,CCC=CN(C=O)CC
CCC=CN(CCl)C=O,-2.91,augment,,,CCC=CN(C=O)CCl
CCC=CN1C(=O)NCC1CCCC=CCC(C)C(C)N,-3.54,augment,,,CCC=CN1C(=O)NCC1CCCC=CCC(C)C(C)N
CCCC(NCCCC1)CNC2N(C=CCC)CC=CN=CC2=N1,-4.17,augment,,,CCC=CN1CC=CN=CC2=NCCCCNC(CCC)CNC21
CC(C)[C@@H1](C=C1C=C1SCCC=O)C=CCCC(=O)NC=CCC,-3.66,augment,,,CCC=CNC(=O)CCC=C[C@H](C=C1C=C1SCCC=O)C(C)C
CCC=CNC(C=CCCNC(C)C12C=C1NCC23C=O)CC3C,-4.36,augment,,,CCC=CNC1C=CCCNC(C)C23C=C2NCC3(C=O)C(C)C1
CCC=CNCBr,-2.72,augment,,,CCC=CNCBr
CCC=CNCC1SC2CN=CC=C12,-3.36,augment,,,CCC=CNCC1SC2CN=CC=C21
CCC=CNCCCCC(C)=CNC1CC1F,-3.01,augment,,,CCC=CNCCCCC(C)=CNC1CC1F
CCC=CNCNNCNC([NH2+1]C)C=1C=NN(C)C=1,-3.1,augment,,,CCC=CNCNNCNC([NH2+]C)c1cnn(C)c1
CCC=CNN1CCCC=C1C=O,-3.29,augment,,,CCC=CNN1CCCC=C1C=O
CCC=CSC(C=O)CCC=NC=C(Cl)N=CC=O,-3.6,augment,,,CCC=CSC(C=O)CCC=NC=C(Cl)N=CC=O
CCC=C[C@@H1](CCC1CN1C2(C)NC=C2)OC=CC3CC3,-3.16,augment,,,CCC=C[C@@H](CCC1CN1C1(C)C=CN1)OC=CC1CC1
CC[C@H1]=C[C@@H1]([NH2+1])NC(=O)CCOC1=CC=CC(F)CC=CC1C,-3.15,augment,,,CCC=C[C@@H]([NH2+])NC(=O)CCOC1=CC=CC(F)CC=CC1C
CCC=NC(C)=C1C2=CCCN1C2=O,-3.55,augment,,,CCC=NC(C)=C1C2=CCCN1C2=O
CCC=NC(CCCN1C=NC(C=O)=CC=C2C=C2NC1)C,-4.25,augment,,,CCC=NC(C)CCCN1C=NC(C=O)=CC=C2C=C2NC1
C[NH1+1](C)[NH1+1]C[NH1]C(=O)OC=CC(O)N=CCC,-2.53,augment,,,CCC=NC(O)C=COC(=O)NC[NH+][NH+](C)C
CCC=NC1(O)C(C2)[C@H1]2[C@H1](C#N)CC1C,-3.39,augment,,,CCC=NC1(O)C(C)C[C@@H](C#N)[C@H]2CC21
CCC=NC(CC1=CC2(C)CCCC=CC(C)C3)=CC=C2C(C)C=C31,-5.52,augment,,,CCC=NC1=CC=C2C(C)C=C3CC(C)C=CCCCC2(C)C=C3C1
CCC=NC(OCCC1=O)N=C1N,-3.55,augment,,,CCC=NC1N=C(N)C(=O)CCO1
CCC=NC=C=CC=CC=CC(=O)CCC=CC(COC=COC=C1C=CON)CC=C1,-5.03,augment,,,CCC=NC=C=CC=CC=CC(=O)CCC=CC1CC=CC(C=CON)=COC=COC1
CCC=NC=CC1=CC2=CC=C1C2CC,-3.39,augment,,,CCC=NC=CC1=CC2=CC=C1C2CC
CCC=NC=CC1=CC=CNC2(NCCC[C@@H1](C)NCC=C2)CC1,-5.35,augment,,,CCC=NC=CC1=CC=CNC2(C=CCN[C@H](C)CCCN2)CC1
CCC=NC=CNC1=CC2C=C3CNC(=O)N3C=C1C2,-4.42,augment,,,CCC=NC=CNC1=CC2C=C3CNC(=O)N3C=C1C2
CCC=NC=O,-2.72,augment,,,CCC=NC=O
CCC=NCC#CNNCC=1C(C=NC=1)C=O,-2.85,augment,,,CCC=NCC#CNNCC1=CN=CC1C=O
CCOC=CCNC(C)NCCCC(CNC=CCN=CCC)CC1=C2N=CCC1=N2,-2.82,augment,,,CCC=NCC=CNCC(CCCNC(C)NCC=COCC)CC1=C2N=CCC1=N2
CCC=NCCC=O,-2.75,augment,,,CCC=NCCC=O
CCC=NCCNC(C)C1CC2(N)C(OCCC=CC1)C2,-4.53,augment,,,CCC=NCCNC(C)C1CC=CCCOC2CC2(N)C1
CCC=NC[NH1+1]1CC(=O)C(=O)COCCC=CCC1,-4.19,augment,,,CCC=NC[NH+]1CCC=CCCOCC(=O)C(=O)C1
CCC=NN(CCCC=CCF)C=NC=CCCCSF,-2.53,augment,,,CCC=NN(C=NC=CCCCSF)CCCC=CCF
CCC=NN=C(C=NCCC=O)C,-3.25,augment,,,CCC=NN=C(C)C=NCCC=O
CCC=NN=CNCCCC(=O)NC=CCCC=O,-4.19,augment,,,CCC=NN=CNCCCC(=O)NC=CCCC=O
CCC=NNC=CNCCN=CCC(C)NC(=O)C1=CCCCC=CC(C)CCC=N1,-4.85,augment,,,CCC=NNC=CNCCN=CCC(C)NC(=O)C1=CCCCC=CC(C)CCC=N1
CCC=NNCC(O)CCC1C=CCC(F)N1CCC=NC,-1.1,augment,,,CCC=NNCC(O)CCC1C=CCC(F)N1CCC=NC
CCC=NNCCCC=CCNC=O,-2.5,augment,,,CCC=NNCCCC=CCNC=O
CCC=N[NH1+1](C)CCNN,-2.72,augment,,,CCC=N[NH+](C)CCNN
O=CCC,-2.38,augment,,,CCC=O
CCCC#CNCC(C)CCSC=O,-3.57,augment,,,CCCC#CNCC(C)CCSC=O
O=CC=CCNC(=O)CC=NNC#CCCC,-3.28,augment,,,CCCC#CNN=CCC(=O)NCC=CC=O
CCC(CCC)=[C@@H1]C(O)C=CC=C(C)CF,-2.99,augment,,,CCCC(=CC(O)C=CC=C(C)CF)CC
C[NH1+1](C)C=C(SCCCNNCCCC1CC12C=CN=N2)CCC,-1.64,augment,,,CCCC(=C[NH+](C)C)SCCCNNCCCC1CC12C=CN=N2
CCCC(=O)CNCC[C@@H1](C)CC=CC1CC1,-3.05,augment,,,CCCC(=O)CNCC[C@@H](C)CC=CC1CC1
CCCC(NSC(=O)NC1CCC=CC1C)=O,-3.5,augment,,,CCCC(=O)NSC(=O)NC1CCC=CC1C
CCCC(C)(C)OC=O,-2.95,augment,,,CCCC(C)(C)OC=O
CCCC(C[NH1+1]C=O)(C)C=CC(C)[NH1]C=CC1=CC=CCO1,-3.5,augment,,,CCCC(C)(C=CC(C)NC=CC1=CC=CCO1)C[NH+]C=O
CCOC(C)[C@@H1](NCCC(=O)C(C)(O)CCC)C1CC=C1,-1.61,augment,,,CCCC(C)(O)C(=O)CCN[C@@H](C1C=CC1)C(C)OCC
CNCN1C=C1C=NNC(O)C=CC=CC=C(C)CCC,-3.77,augment,,,CCCC(C)=CC=CC=CC(O)NN=CC1=CN1CNC
C[C@@H1](C)CCC=CC(C)CCC=C(C)CCC,-2.98,augment,,,CCCC(C)=CCCC(C)C=CCCC(C)C
O=CNC[C@@H1](NC(=O)N[O-1])CN=C(C)CCC,-2.65,augment,,,CCCC(C)=NC[C@@H](CNC=O)NC(=O)N[O-]
C1CC[NH1]C1[NH1+1]2CC3C(CCC=CC(C)C(C)CCC)=CC#CC2=N3,-3.88,augment,,,CCCC(C)C(C)C=CCCC1=CC#CC2=NC1C[NH+]2C1CCCN1
CC(C)N(CCNC(CC)C(C)CCC)C=C(F)C,-3.02,augment,,,CCCC(C)C(CC)NCCN(C=C(C)F)C(C)C
CCCC(C)C1C=CSCC=NC2=NN2NC1(S)C,-3.63,augment,,,CCCC(C)C1C=CSCC=NC2=NN2NC1(C)S
C[NH1+1](COC=N)C=NC=CC=CC(C)CCC,-2.96,augment,,,CCCC(C)C=CC=CN=C[NH+](C)COC=N
C12CN2C1C[NH1+1]C(C)CCC,-2.53,augment,,,CCCC(C)[NH+]CC1C2CN12
C1COC(C)=C1C(CCC)N(OCCCNC=CC2=C=S)O2,-4.21,augment,,,CCCC(C1=C(C)OCC1)N1OCCCNC=CC(=C=S)O1
CCCC(C(C)C)C=CC([NH1+1])CC=CC(C)NC=O,-2.96,augment,,,CCCC(C=CC([NH+])CC=CC(C)NC=O)C(C)C
CCCC(NCO)C=CC=CC=CC=CC1=CC=C(S)C1C=O,-3.8,augment,,,CCCC(C=CC=CC=CC=CC1=CC=C(S)C1C=O)NCO
CCCC(CCC=CC(N)C=NC=O)C=O,-2.98,augment,,,CCCC(C=O)CCC=CC(N)C=NC=O
CCOC[C@H1](C=O)CCC(CCC=O)CCC,-2.24,augment,,,CCCC(CCC=O)CC[C@@H](C=O)COCC
CCCC(SN[S@@](=O)N)(N)C=CC=C(F)N,-3.17,augment,,,CCCC(N)(C=CC=C(N)F)SN[S@](N)=O
C1OC(=O)NC=CN1NC(C)C(F)=C(CCC)N=CC=N,-3.38,augment,,,CCCC(N=CC=N)=C(F)C(C)NN1C=CNC(=O)OC1
CCCC(O)CC=C(C=CC=O)[NH1+1]CCC=O,-2.72,augment,,,CCCC(O)CC=C(C=CC=O)[NH+]CCC=O
CC(O)C=CCCN(C(O)CCC)CF,-3.07,augment,,,CCCC(O)N(CF)CCC=CC(C)O
COOC(CCC)C(C)NCNCCCCCNC=CC=C(C)C=O,-0.94,augment,,,CCCC(OOC)C(C)NCNCCCCCNC=CC=C(C)C=O
C1CCCCC(CCNC1(CCC)C)SCC=[NH1+1],-3.9,augment,,,CCCC1(C)CCCCCC(SCC=[NH+])CCN1
CCCC1(CNCCC=C1C(C)C=O)CC=CC=CNC=CC=CC=O,-5.08,augment,,,CCCC1(CC=CC=CNC=CC=CC=O)CNCCC=C1C(C)C=O
CCCC(CCCNCC1C[NH1+1]=O)=C1CC=CCCCO,-3.86,augment,,,CCCC1=C(CC=CCCCO)C(C[NH+]=O)CNCCC1
C[NH1+1](C)OC=NCCCNC(=O)C1=CC(C(CCC)=C12)C2,-3.16,augment,,,CCCC1=C2CC1C=C2C(=O)NCCCN=CO[NH+](C)C
CCCC1=CC#C1,-2.66,augment,,,CCCC1=CC#C1
C1CCC(C)N=CC(=O)C=CC=CNC(CCC)=CC=CSC=CC=C1C=O,-5.62,augment,,,CCCC1=CC=CSC=CC=C(C=O)CCCC(C)N=CC(=O)C=CC=CN1
CCOC([NH1+1])CNC=C1C=C1C(=O)C=CC=CC2(Cl)CC=C2CCC,-3.54,augment,,,CCCC1=CCC1(Cl)C=CC=CC(=O)C1=CC1=CNCC([NH+])OCC
CCCC1=CCCC=C2C=CC(CCC2)CC=C1C,-4.3,augment,,,CCCC1=CCCC=C2C=CC(CC=C1C)CCC2
CCCC1=CN(C)NCCC#CNCCCNCC=C=C1C,-3.99,augment,,,CCCC1=CN(C)NCCC#CNCCCNCC=C=C1C
CCCC(CCC=CCCC(NC)CC=C(C1)N)=N1,-3.36,augment,,,CCCC1=NCC(N)=CCC(NC)CCC=CCC1
CCCC1C(CCN1SSC)=CC=CC=CF,-3.5,augment,,,CCCC1C(=CC=CC=CF)CCN1SSC
O=CCNN(C)C=C1C=CN=CC(C)=CC(C=CC=CF)C1CCC,-3.54,augment,,,CCCC1C(=CN(C)NCC=O)C=CN=CC(C)=CC1C=CC=CF
CCCC(N)[C@@H1](C1)C2=C1C=C(Br)C2CCC,-3.62,augment,,,CCCC1C(Br)=CC2=C1[C@@H](C(N)CCC)C2
CCCC1C(C(=O)C=C1CC)C(C)CC,-3.64,augment,,,CCCC1C(CC)=CC(=O)C1C(C)CC
CCNC(S)C1CC(=O)CCC=CC(CS)C1CCC,-3.49,augment,,,CCCC1C(CS)C=CCCC(=O)CC1C(S)NCC
CCCC1C2=C1CNC(=O)CCCCC2N(C)CCC,-3.88,augment,,,CCCC1C2=C1C(N(C)CCC)CCCCC(=O)NC2
CC1CCN(CCNC)C2C3C2(C)NC=C3C1CCC,-3.52,augment,,,CCCC1C2=CNC3(C)C2C3N(CCNC)CCC1C
CCCC1N(CC)CCC2C(C)CC1N2C=O,-3.69,augment,,,CCCC1C2CC(C)C(CCN1CC)N2C=O
CCCC1C=C(C=CC(O)C=N)C=C1C=CCF,-4.11,augment,,,CCCC1C=C(C=CC(O)C=N)C=C1C=CCF
C12CC=[C@@H1]C1(C=CC=CCC2)C3[NH1]C(CCC)C=C3[NH1]CPC,-4.55,augment,,,CCCC1C=C(NCPC)C(C23C=CC=CCCC2CC=C3)N1
CCCC1NCCC(=O)NCCCN2C=CC(C=C2C)=C1,-4.66,augment,,,CCCC1C=C2C=CN(CCCNC(=O)CCN1)C(C)=C2
CNC=C(C[C@@H1]1CCC[C@@H1]1OC=CC=CN2C)C=CC2CCC,-4.05,augment,,,CCCC1C=CC(=CNC)C[C@@H]2CCC[C@@H]2OC=CC=CN1C
CCCC1C=CC=C1CN=C(O)C=O,-3.09,augment,,,CCCC1C=CC=C1CN=C(O)C=O
CCCC1C=CC=CC=C1CCCCSCN=[C@H1][NH2+1],-4.12,augment,,,CCCC1C=CC=CC=C1CCCCSCN=C[NH2+]
CCCC1C=CC=C/C=C1NC=CC=CC=CCCBr,-4.11,augment,,,CCCC1C=CC=CC=C1NC=CC=CC=CCCBr
CCCC1C=CC=CCNC(=O)C(C)C(=O)COC=NC=N1,-4.15,augment,,,CCCC1C=CC=CCNC(=O)C(C)C(=O)COC=NC=N1
CCCC(C=CC=COCCC=CC=C1CC2=CC=C1)COO2,-4.88,augment,,,CCCC1C=CC=COCCC=CC=C2C=CC=C(C2)OOC1
CCCC1CNC=CCCN[C@@H1](C)C(C2)OCC(C3)C2C3CC=C1,-4.67,augment,,,CCCC1C=CCC2CC3COC(CC23)[C@H](C)NCCC=CNC1
CC(=O)NC=CC1=CC=CONC(C=CNC1CCC=O)CCC,-4.58,augment,,,CCCC1C=CNC(CCC=O)C(C=CNC(C)=O)=CC=CON1
CCCC(PNC1=CC=O)CC1=N,-4.48,augment,,,CCCC1CC(=N)C(=CC=O)NP1
CCCC1CC(C)N2C=C1C=CC2C,-3.72,augment,,,CCCC1CC(C)N2C=C1C=CC2C
CCCC(C(=O)CCC(=O)CCCC1CC)CC1CCC=O,-3.85,augment,,,CCCC1CC(CCC=O)C(CC)CCCC(=O)CCC1=O
CCCC1CC(NN(C)C(C)=NN1N)NC2=CCC=CC=C=C3C=C3CC2=O,-4.3,augment,,,CCCC1CC(NC2=CCC=CC=C=C3C=C3CC2=O)NN(C)C(C)=NN1N
O=C(C[NH1+1]=C(C1C)C1)COC2=CN=CCC2CCC,-3.46,augment,,,CCCC1CC=NC=C1OCC(=O)C[NH+]=C1CC1C
CCCC(CC1)C(OC=C2C=CC(=O)C=O)CCC=CC=C2O1,-4.4,augment,,,CCCC1CCOC2=CC=CCCC1OC=C2C=CC(=O)C=O
CCCC1CCC2=C1C=C[NH1]2,-3.26,augment,,,CCCC1CCc2[nH]ccc21
O=C(NNC(=O)CCC(C)=C1C=COCC2CCC)CC2=C=N1,-4.76,augment,,,CCCC1COC=CC2=C(C)CCC(=O)NNC(=O)CC1=C=N2
CCC1NCC=CC=CC=C1N(C)O[C@H1]2CC2CCC,-3.58,augment,,,CCCC1C[C@@H]1ON(C)C1=CC=CC=CCNC1CC
CCCC1C[NH1+1]C(N2C=C1NCCCCCCC2)CC,-3.93,augment,,,CCCC1C[NH+]C(CC)N2C=C1NCCCCCCC2
COC(C)[C@H1](N)C(=O)CSCCC(O1)C1CCC,-2.02,augment,,,CCCC1OC1CCSCC(=O)[C@@H](N)C(C)OC
CCCC=C(C)C1SC(C=CCCN)C2=CC=CCC2OC1C=CS,-5.06,augment,,,CCCC=C(C)C1SC(C=CCCN)C2=CC=CCC2OC1C=CS
CCCC=C(C)C=CCCC=[NH1+1]C(C1)CC1=NCC=NC,-4.01,augment,,,CCCC=C(C)C=CCCC=[NH+]C1CC(=NCC=NC)C1
C1N(C(C)C=C1N)NC(C)C2C=CN=C2CC(C)=CCCC,-4.12,augment,,,CCCC=C(C)CC1=NC=CC1C(C)NN1CC(N)=CC1C
CCCC=C(C)NC(S)CC=CC=O,-3.47,augment,,,CCCC=C(C)NC(S)CC=CC=O
CCCC=C(C)NN=C(N)CCC=CCC=NC(O)CC1CC=CC=C1CO,-2.36,augment,,,CCCC=C(C)NN=C(N)CCC=CCC=NC(O)CC1CC=CC=C1CO
CCCC=C(C=CC=O)C=CC(C)CC([NH1+1])C(C)C=CC=O,-4.63,augment,,,CCCC=C(C=CC=O)C=CC(C)CC([NH+])C(C)C=CC=O
CCCC=C(C=C[C@@H1](N)C)CC=O,-3.34,augment,,,CCCC=C(C=C[C@H](C)N)CC=O
CCCC=C(C=NN(O)C)CC=CC=NC1=CC=CN[C@@H1]1C,-4.03,augment,,,CCCC=C(C=NN(C)O)CC=CC=NC1=CC=CN[C@@H]1C
CCCC=C(N(C)CCC)NC(C)=CC=O,-3.04,augment,,,CCCC=C(NC(C)=CC=O)N(C)CCC
CCCC=C(C=CCSNCCNCNCCCCCF)O,-1.71,augment,,,CCCC=C(O)C=CCSNCCNCNCCCCCF
CCCC=C1C(NC(=O)CC2CCC=CC2C)=NC=CC=C1,-4.55,augment,,,CCCC=C1C=CC=CN=C1NC(=O)CC1CCC=CC1C
CCCC=C=C(SNCSCC#N)CC1C=NC1C,-3.43,augment,,,CCCC=C=C(CC1C=NC1C)SNCSCC#N
CCCC=C=CNC(=O)NOC(C)OC(C)C,-3.64,augment,,,CCCC=C=CNC(=O)NOC(C)OC(C)C
CCCC=C=O,-3.06,augment,,,CCCC=C=O
CC(C)(C=CCCC)C1CCCC=C1C(O)C=CC(C)C,-4.37,augment,,,CCCC=CC(C)(C)C1CCCC=C1C(O)C=CC(C)C
CCCC=CC(C)=O,-3.33,augment,,,CCCC=CC(C)=O
CCCC=CC(C)C1=NC=CC1C,-3.42,augment,,,CCCC=CC(C)C1=NC=CC1C
CCCC=CC(C[NH2+1]C(CC(=O)CN)NCCC=O)C,-2.71,augment,,,CCCC=CC(C)C[NH2+]C(CC(=O)CN)NCCC=O
CCCC=CC(C)OC=O,-2.98,augment,,,CCCC=CC(C)OC=O
CCCC=CC(CCC#CNNCC=[C@H1]C1CC=CC=C1)CCCC=CO,-3.72,augment,,,CCCC=CC(CCC#CNNCC=CC1C=CC=CC1)CCCC=CO
CC(O)CCNC#COC(=O)NNCC1CC=C(C=CCCC)C=CC=C1N,-4.26,augment,,,CCCC=CC1=CCC(CNNC(=O)OC#CNCCC(C)O)C(N)=CC=C1
CCCC=CC(CNCN1NCNC(C)CCCC2C1)C=CS2,-4.48,augment,,,CCCC=CC1C=CSC2CCCC(C)NCNN(CNC1)C2
CCCC=CC(NC(=O)C1CCCCOC=CC2)CC2CO1,-3.92,augment,,,CCCC=CC1CC2CC=COCCCCC(OC2)C(=O)N1
CCCC=CC1CSCNC(C2)CC=NC=C2CCCC1C,-4.88,augment,,,CCCC=CC1CSCNC2CC=NC=C(CCCC1C)C2
C1CC#CC1CC(C)C=CC=CCCC,-3.37,augment,,,CCCC=CC=CC(C)CC1C#CCC1
CCCC=CC=CC=CC=CNCNCS/C(OCCC1C=CC=C1C)C,-2.81,augment,,,CCCC=CC=CC=CC=CNCNCSC(C)OCCC1C=CC=C1C
CCCC=CC=CC=CCC1NC=CC=C1C=CC=N,-4.18,augment,,,CCCC=CC=CC=CCC1NC=CC=C1C=CC=N
CCCC=CC=CCC=O,-3.37,augment,,,CCCC=CC=CCC=O
O/[NH1+1](NCCCCCC(OC)=CONN)CCCC=CC=CCCC,-0.62,augment,,,CCCC=CC=CCCC[NH+](O)NCCCCCC(=CONN)OC
CCCC=CC=CCNC=NCC1SCCC(=O)C=CCC=CC(Cl)=CC=CCO1,-5.75,augment,,,CCCC=CC=CCNC=NCC1OCC=CC=C(Cl)C=CCC=CC(=O)CCS1
O=C(C)NC=CC=C(O)CCNCC=CC=CCCC,-4.42,augment,,,CCCC=CC=CCNCCC(O)=CC=CNC(C)=O
CCOC(CC)CC(N[C@@H1](O)N)CC1CN1CN=NC=CC=CCCC,-1.91,augment,,,CCCC=CC=CN=NCN1CC1CC(CC(CC)OCC)N[C@H](N)O
CCCC=CC=O,-3.01,augment,,,CCCC=CC=O
CCCC=CCC#COC=CCC1NC1=NC,-3.22,augment,,,CCCC=CCC#COC=CCC1NC1=NC
CCCC=CCC1=CCCN1CCl,-3.16,augment,,,CCCC=CCC1=CCCN1CCl
CCCC=CCC(CS1)=NC1(C)C,-3.22,augment,,,CCCC=CCC1=NC(C)(C)SC1
CCCC=CCC=C(CN1CCC2)CC1C(C)CCC2,-4.02,augment,,,CCCC=CCC=C1CC2C(C)CCCCCCN2C1
CCCC=CCCC=CSCNSCC=O,-2.85,augment,,,CCCC=CCCC=CSCNSCC=O
CCC1=CC=CC1CCCCNCC(C=CCCCC=CCCC)CC=O,-2.55,augment,,,CCCC=CCCCC=CC(CC=O)CNCCCCC1C=CC=C1CC
CCOC1(C)CC=CN1CCCC=CCCC,-2.67,augment,,,CCCC=CCCCN1C=CCC1(C)OCC
CCCC=CCCOC=NCC(C)CC[NH3+1],-1.78,augment,,,CCCC=CCCOC=NCC(C)CC[NH3+]
CCCC=CCNC(=O)CCC(=O)NCCC#C[NH1]C(O)CCCC,-2.28,augment,,,CCCC=CCNC(=O)CCC(=O)NCCC#CNC(O)CCCC
CCCC=CCNC(O1)C=C2C=C1CC=C2C=CC=O,-4.22,augment,,,CCCC=CCNC1C=C2C=C(CC=C2C=CC=O)O1
CCCC=C/CNCNCCCC=CC=C1CC=CCC1C=O,-3.74,augment,,,CCCC=CCNCNCCCC=CC=C1CC=CCC1C=O
CCCC=CC[NH1+1](C)C=O,-3.34,augment,,,CCCC=CC[NH+](C)C=O
CCCC=CNC=NC=C1NCC=C1CC2CC2=O,-3.84,augment,,,CCCC=CNC=NC=C1NCC=C1CC1CC1=O
CCCC=CNCC=CC(S)=C=O,-3.53,augment,,,CCCC=CNCC=CC(S)=C=O
CCCC=NC1=CCC=C=NC=CCCCCC12NC=CCP2C,-4.36,augment,,,CCCC=NC1=CCC=C=NC=CCCCCC12NC=CCP2C
CCCC=NC=C=C=COC(=O)CCNC=O,-3.46,augment,,,CCCC=NC=C=C=COC(=O)CCNC=O
CCCC=NC=CC=C(C(=O)C(=O)NC(C)=NC=CSC)C,-3.89,augment,,,CCCC=NC=CC=C(C)C(=O)C(=O)NC(C)=NC=CSC
CCCC=NCC=C(CCCON)[C@@H1](O)CCCl,-3.2,augment,,,CCCC=NCC=C(CCCON)[C@@H](O)CCCl
CCC[C@@H1]=NONCCNCC(=O)C=CCCC=O,-1.94,augment,,,CCCC=NONCCNCC(=O)C=CCCC=O
CCCC=O,-2.47,augment,,,CCCC=O
OC(C1)(C=CC=C2NC3C=CCCSC=C1C2C3[N+1]=CCCC)C,-4.63,augment,,,CCCC=[N+]C1C2C=CCCSC=C3CC(C)(O)C=CC=C(N2)C31
CCCCC#CC=O,-3.04,augment,,,CCCCC#CC=O
C=1=COC=CN(C#CCCCC)C=CC=1,-3.83,augment,,,CCCCC#CN1C=CC=C=COC=C1
CCCCC(CC)=CC=O,-3.47,augment,,,CCCCC(=CC=O)CC
CCCCC(C)C=CC(C)CC=C(CCCC)NCCOC,-2.71,augment,,,CCCCC(=CCC(C)C=CC(C)CCCC)NCCOC
CCCCC(=O)C=CC=CC(C)(C)CC1=CC1C2=CC(O)C2C,-4.0,augment,,,CCCCC(=O)C=CC=CC(C)(C)CC1=CC1C1=CC(O)C1C
CCCCC(=O)CCC(S)C=NNCNC=CC=C=CCF,-2.38,augment,,,CCCCC(=O)CCC(S)C=NNCNC=CC=C=CCF
C1C(C)C=C1CNC(=O)CCCC,-3.37,augment,,,CCCCC(=O)NCC1=CC(C)C1
C[C@@H1](C)CC(CCC[NH1+1])(C)CCCC,-2.61,augment,,,CCCCC(C)(CCC[NH+])CC(C)C
CC(CCCC)(F)CC=O,-2.95,augment,,,CCCCC(C)(F)CC=O
CCCCC(C)(O)C=CC(C1)=C1Cl,-3.02,augment,,,CCCCC(C)(O)C=CC1=C(Cl)C1
CCCCC(C)=CCC[NH1+1]CC=O,-2.96,augment,,,CCCCC(C)=CCC[NH+]CC=O
CCCCC(C)C(C1(C)NC(C=NC=C1SCOC)=O)C,-3.7,augment,,,CCCCC(C)C(C)C1(C)NC(=O)C=NC=C1SCOC
CCCCC(C)C=C(NC(=O)C)OC=O,-2.95,augment,,,CCCCC(C)C=C(NC(C)=O)OC=O
CCCCC(C)CC(C=O)ONC=NC(C1)CC1(C)CCF,-3.14,augment,,,CCCCC(C)CC(C=O)ONC=NC1CC(C)(CCF)C1
CCCCC(C)CCC(=O)NC(C=N)C=CC=O,-3.37,augment,,,CCCCC(C)CCC(=O)NC(C=N)C=CC=O
CCCCC(C)CCC1(CCC=C1SCOCCCC=O)C,-3.46,augment,,,CCCCC(C)CCC1(C)CCC=C1SCOCCCC=O
CC(CCCC)CNCCC(C)=CC#CC=C=O,-4.06,augment,,,CCCCC(C)CNCCC(C)=CC#CC=C=O
C[NH1+1](C)CCCC(CNCCC)CNNC(CCCC)C=C=CN,-0.99,augment,,,CCCCC(C=C=CN)NNCC(CCC[NH+](C)C)CNCCC
CCOC=CC=CC(C=C1C=C2CC[NH2+1]C2COC=N[NH1+1]1)CCCC,-4.1,augment,,,CCCCC(C=CC=COCC)C=C1C=C2CC[NH2+]C2COC=N[NH+]1
CCCCC(CC)C[C@H1](CSCOC)C([N+1]=CCC1[O-1])C1Cl,-3.49,augment,,,CCCCC(CC)C[C@H](CSCOC)C1[N+]=CCC([O-])C1Cl
CCCCC(C1=CCCN1)CCC(N[C@@H1](C)C)=CC=O,-3.21,augment,,,CCCCC(CCC(=CC=O)NC(C)C)C1=CCCN1
CCO[C@H1](C[C@@H1](C)CC=O)NCC(CCCC)C(C)OOCC1=CC1,-1.63,augment,,,CCCCC(CN[C@@H](C[C@@H](C)CC=O)OCC)C(C)OOCC1=CC1
CCCCC(N)C(C=CCC(C)ON=O)C,-2.16,augment,,,CCCCC(N)C(C)C=CCC(C)ON=O
CCCCC(N)C=NCC=N[C@H1](C)CN1N=C1CC=C=C=O,-3.38,augment,,,CCCCC(N)C=NCC=N[C@H](C)CN1N=C1CC=C=C=O
CCCCC(NC=CC=O)C1=CCCC=C1,-3.68,augment,,,CCCCC(NC=CC=O)C1=CCCC=C1
CCCCC(O)CCCC=CCC12CC3NN1CCNC4CC42C=CC3,-3.02,augment,,,CCCCC(O)CCCC=CCC12CC3CC=CC14CC4NCCN2N3
CC(=O)N=C(N)CCCCNC=CNC(O)CCCC,-2.37,augment,,,CCCCC(O)NC=CNCCCCC(N)=NC(C)=O
CCCCC(S)C=CC=NC(=O)C1C=CN=C1OC,-3.35,augment,,,CCCCC(S)C=CC=NC(=O)C1C=CN=C1OC
CCNC(=O)[NH1]C=CSC=CC(C=NC=O)C([NH1+1])CCCC,-3.13,augment,,,CCCCC([NH+])C(C=CSC=CNC(=O)NCC)C=NC=O
[NH3+1]C(CCCC)CNC1=CCCCC=C1Br,-4.02,augment,,,CCCCC([NH3+])CNC1=CCCCC=C1Br
COC(=O)C[NH1+1]=C(NC)C(C)C1(CCCC)COCCCC1C,-3.7,augment,,,CCCCC1(C(C)C(NC)=[NH+]CC(=O)OC)COCCCC1C
CC1(CCCC)C=CC(N)C1CCC2(C)C(C)=CC=CCOC=NC2,-4.26,augment,,,CCCCC1(C)C=CC(N)C1CCC1(C)CN=COCC=CC=C1C
CCCCC(C=NC=O)(C1)C=C1OC=NC=O,-3.53,augment,,,CCCCC1(C=NC=O)C=C(OC=NC=O)C1
CCOC(=O)NC(CCC=C1OC2)(CCCC)CC=C1ON=C2,-4.2,augment,,,CCCCC1(NC(=O)OCC)CC=C2ON=CCOC2=CCC1
C1NC=NC1(NC)CCCC,-2.8,augment,,,CCCCC1(NC)CNC=N1
C1C(CCCC)(O)NCC1NC(C)CC=CF,-3.08,augment,,,CCCCC1(O)CC(NC(C)CC=CF)CN1
CCCCC=1C=CN(C=CC=CC=C/C23C=1CCO2)CC#C3,-4.6,augment,,,CCCCC1=C2CCOC23C#CCN(C=CC=CC=C3)C=C1
CCCCC1=C=C1,-2.34,augment,,,CCCCC1=C=C1
CCCCC=1N(C=O)C=C=1,-3.19,augment,,,CCCCC1=C=CN1C=O
CCCCC1=CC=CC(N(C)CC1)OC(O)C[C@@H1](C2)O2,-3.13,augment,,,CCCCC1=CC=CC(OC(O)C[C@H]2CO2)N(C)CC1
COC=CC=CCCCCC(C)=C1C=CC=C1CCCC,-4.16,augment,,,CCCCC1=CC=CC1=C(C)CCCCC=CC=COC
CCNNC(NC(=O)N=C1C=CC=C1CCCC)C=CC=CC2=CCS2,-3.99,augment,,,CCCCC1=CC=CC1=NC(=O)NC(C=CC=CC1=CCS1)NNCC
C1C(=O)COC=CC=C1CCCC,-3.54,augment,,,CCCCC1=CC=COCC(=O)C1
CNC1=CNC(C)C=C1NC(=O)SCN(NC)CC2CCC=C2CCCC,-2.81,augment,,,CCCCC1=CCCC1CN(CSC(=O)NC1=CC(C)NC=C1NC)NC
C1CCCC=C1CCCC,-3.2,augment,,,CCCCC1=CCCCC1
CCCCC1=CNC=CC2(CCCC3C1CCCCC=C3C=C2C)C=O,-5.28,augment,,,CCCCC1=CNC=CC2(C=O)CCCC3C(=CCCCCC13)C=C2C
CCCCC(C#CN1NCNC(C)(C)C)OC=C=CC=C1C(=O)CC,-3.73,augment,,,CCCCC1C#CN(NCNC(C)(C)C)C(C(=O)CC)=CC=C=CO1
CCCCC1C=CC=C1F,-3.02,augment,,,CCCCC1C=CC=C1F
CCCCC1OCOC=CC=C1,-3.11,augment,,,CCCCC1C=CC=COCO1
C1C(C)(C)NC=C1C(=O)C2OC=CC2CCCC,-3.97,augment,,,CCCCC1C=COC1C(=O)C1=CNC(C)(C)C1
CCCCC(C(C)C1(C)C)CC1C=O,-3.45,augment,,,CCCCC1CC(C=O)C(C)(C)C1C
CCCCC1CC[NH1+1]C2C(C)C=C2CC1C,-4.07,augment,,,CCCCC1CC[NH+]C2C(=CC2C)CC1C
O=C(NCC=CC1S)CC(CNC(=O)CC1C)CCCC,-4.14,augment,,,CCCCC1CNC(=O)CC(C)C(S)C=CCNC(=O)C1
CC(C)[C@@H1](O)C=C(OC12C)C1OC(O)NCC2CCCC,-3.67,augment,,,CCCCC1CNC(O)OC2C(=C[C@H](O)C(C)C)OC12C
CCCCC=C(C)C[C@@H1](C)C(=O)C=O,-3.44,augment,,,CCCCC=C(C)C[C@@H](C)C(=O)C=O
CCCCC=C(OC=NCC(=C1)C=COC=C1)C=O,-3.32,augment,,,CCCCC=C(C=O)OC=NCC1=CC=COC=C1
CCCCC=C(NNO)C1C(=O)N(C)CO1,-3.5,augment,,,CCCCC=C(NNO)C1OCN(C)C1=O
C1C[NH1+1]C1(C)CNNC=CC(=O)C=C(C)CC=CC=C=CCCCC,-4.18,augment,,,CCCCC=C=CC=CCC(C)=CC(=O)C=CNNCC1(C)CC[NH+]1
CCC1=CC=CC=C1CNC(=O)NC=NC(=O)C=CCCCC,-4.36,augment,,,CCCCC=CC(=O)N=CNC(=O)NCc1ccccc1CC
COC(CCC1=CC1C)C=CCCCC,-2.94,augment,,,CCCCC=CC(CCC1=CC1C)OC
O=C=NN=NNN(C(C)=CNNC1)COC(Cl)=C1C=CCCCC,-4.32,augment,,,CCCCC=CC1=C(Cl)OCN(NN=NN=C=O)C(C)=CNNC1
CCCCC=CC1C[C@@H1](O)N=C1[C@H1](C)C2C3C=CC2C3C=O,-4.73,augment,,,CCCCC=CC1C[C@@H](O)N=C1[C@H](C)C1C2C=CC1C2C=O
CCC(C)CS(C)=CCCCC=CC=CC=CCCCC,-3.03,augment,,,CCCCC=CC=CC=CCCCC=S(C)CC(C)CC
CC[NH2+1]C=CCC=CC(CN)C(=O)CCCNSC=CC=CCCCC,-1.93,augment,,,CCCCC=CC=CSNCCCC(=O)C(C=CCC=C[NH2+]CC)CN
CCCCC=CCOC=O,-2.72,augment,,,CCCCC=CCOC=O
CCCCC=CN=CCC(=O)C=O,-3.09,augment,,,CCCCC=CN=CCC(=O)C=O
CCCCC=CNC(CCN1NC=O)C=CC=C(C)CC1,-4.29,augment,,,CCCCC=CNC1C=CC=C(C)CCN(NC=O)CC1
CCCCC=CNC=NC=O,-3.13,augment,,,CCCCC=CNC=NC=O
CCCCC=CNC=O,-3.21,augment,,,CCCCC=CNC=O
CCCCC=CNCNC=O,-2.77,augment,,,CCCCC=CNCNC=O
CCCCC=CC1=CC=C(C=C1C)C=O,-4.29,augment,,,CCCCC=Cc1ccc(C=O)cc1C
CCCCC=NC(=O)NCCC(C)=CC=O,-4.2,augment,,,CCCCC=NC(=O)NCCC(C)=CC=O
CN(C=CCC1=O)NC=CC1C2=CC=CC=C2N=CCCCC,-3.89,augment,,,CCCCC=Nc1ccccc1C1C=CNN(C)C=CCC1=O
CCCCC=O,-2.62,augment,,,CCCCC=O
CCCCCC#CCC1=C=C1OC=2CN=CC=C=2,-3.42,augment,,,CCCCCC#CCC1=C=C1OC1=C=CC=NC1
COCCC(C)=C(CCCCC)C1CC2C(CCCCC=CC=C2)C1,-4.21,augment,,,CCCCCC(=C(C)CCOC)C1CC2C=CC=CCCCCC2C1
CCCCCC(C=CC=CCF)=C=CC1SC=CN=N1,-3.75,augment,,,CCCCCC(=C=CC1N=NC=CS1)C=CC=CCF
CCCCCC(C)(CC)[C@H1](N)CCCCCCCS,-2.76,augment,,,CCCCCC(C)(CC)[C@H](N)CCCCCCCS
CCCCCC(C)=CC=O,-3.44,augment,,,CCCCCC(C)=CC=O
CCCCCC(C)[C@@H1]([NH3+1])C=NC=CC=C1C=CCC=CC1,-3.57,augment,,,CCCCCC(C)[C@@H]([NH3+])C=NC=CC=C1C=CCC=CC1
CCCCCC([NH1+1]CCCCCSC(C)C(=O)N=C[O-1])C=CC=O,-1.93,augment,,,CCCCCC(C=CC=O)[NH+]CCCCCSC(C)C(=O)N=C[O-]
CCCCCC(CO)C=CCCC(C)CC=CC=CCC[O-1],-2.69,augment,,,CCCCCC(C=CCCC(C)CC=CC=CCC[O-])CO
CCCCC[C@H1](CCCCC)CC[C@H1](C)C[C@@H1]1CCCC(=C12)C2,-3.54,augment,,,CCCCCC(CCCCC)CC[C@H](C)C[C@@H]1CCCC2=C1C2
CC[C@@H1](O1)CC=CCC1(C)COC(CCCCC)CCCCCF,-2.37,augment,,,CCCCCC(CCCCCF)OCC1(C)CC=CC[C@@H](CC)O1
CCCCCC(O)CCCC(C)COCCCC=CCl,-2.27,augment,,,CCCCCC(O)CCCC(C)COCCCC=CCl
CCCCCC(C(C)NC(=O)C=CC=CCCF)P,-2.7,augment,,,CCCCCC(P)C(C)NC(=O)C=CC=CCCF
CCCCCC1(C)[NH1+1](O)CCNCCC(N[C@@H1]1C)CC(C)C,-3.54,augment,,,CCCCCC1(C)[C@@H](C)NC(CC(C)C)CCNCC[NH+]1O
CC1CC[C@@H1](C)[NH1+1]CC(C2)C2(CCCCC)NC1,-4.04,augment,,,CCCCCC12CC1C[NH+][C@H](C)CCC(C)CN2
CCCCCC(C1)=CC=CC=C1OCN2OC=CC=C2C,-3.86,augment,,,CCCCCC1=CC=CC=C(OCN2OC=CC=C2C)C1
COC=CC[NH1+1]C(OC(=O)C(=O)NC1C2CCCCC)CC2NN1CCO,-3.07,augment,,,CCCCCC1C2CC([NH+]CC=COC)OC(=O)C(=O)NC1N(CCO)N2
CCCCCC1C=CCCN1CC2C3CC=CC3C2,-3.87,augment,,,CCCCCC1C=CCCN1CC1CC2C=CCC21
C1C(CC(C)=C1C=C[NH1]C)CCCCC,-3.77,augment,,,CCCCCC1CC(C)=C(C=CNC)C1
CCCCCC1CCC=CC(=O)NCCNC(C)CC=C1N,-4.04,augment,,,CCCCCC1CCC=CC(=O)NCCNC(C)CC=C1N
CCCCCC(C(=O)NC(=O)CCCC=CC1)C1,-4.3,augment,,,CCCCCC1CCC=CCCCC(=O)NC1=O
CCCCCC1C[NH1]C=CC1(O)C=O,-2.67,augment,,,CCCCCC1CNC=CC1(O)C=O
CCCCCC=CC=COC=CC=O,-2.78,augment,,,CCCCCC=CC=COC=CC=O
C[C@@H1](CC=CCCCCC)NCNC=CC=CC=CC=CCF,-2.72,augment,,,CCCCCC=CC[C@H](C)NCNC=CC=CC=CC=CCF
CCCCCCC(=O)CCC=C(O1)C=N1,-3.91,augment,,,CCCCCCC(=O)CCC=C1C=NO1
C1CN1CCC(=O)CCCCCC,-2.75,augment,,,CCCCCCC(=O)CCN1CC1
CCCCCCC(CSC(C=CC=C1CCCS1)CCCC)=O,-3.4,augment,,,CCCCCCC(=O)CSC(C=CC=C1CCCS1)CCCC
CCCCCCC(NC)=O,-3.02,augment,,,CCCCCCC(=O)NC
CCCCCCC(O)CCC=O,-2.82,augment,,,CCCCCCC(O)CCC=O
CCCCCCC1N(C)C=C1CN(C=O)N(N2)CC=NN2C,-3.56,augment,,,CCCCCCC1C(CN(C=O)N2CC=NN(C)N2)=CN1C
CCCCCCC1NC=CC=C1N[C@H1](O)CCCC(C)CN(COC)CC,-2.65,augment,,,CCCCCCC1NC=CC=C1N[C@H](O)CCCC(C)CN(CC)COC
C=1CN(C=O)NC=C(C=1)C=C2CCOC2CCCCCC,-3.91,augment,,,CCCCCCC1OCCC1=CC1=CNN(C=O)CC=C1
CCCCCCC=CCC(=O)C(O[O-1])C,-3.75,augment,,,CCCCCCC=CCC(=O)C(C)O[O-]
CCCCCCC=[C@H1]CC=CC=O,-3.11,augment,,,CCCCCCC=CCC=CC=O
CCCCCCC=CC[NH3+1],-2.65,augment,,,CCCCCCC=CC[NH3+]
CCCCCCCC=CNC(=O)C1=CC=CC=C1N,-3.7,augment,,,CCCCCCCC=CNC(=O)c1ccccc1N
CCCCCCCCC=CC=CCC[O-1],-3.15,augment,,,CCCCCCCCC=CC=CCC[O-]
CCCCCCCCC=CN1C=NC2=C1OCCCC=CC=CC=C2C,-4.13,augment,,,CCCCCCCCC=Cn1cnc2c1OCCCC=CC=CC=C2C
O=CCCCCCCCC,-2.87,augment,,,CCCCCCCCC=O
CCCCCCCCCNC=CC1(CC)CN1C2C(C)C2,-2.71,augment,,,CCCCCCCCCNC=CC1(CC)CN1C1CC1C
CCCCCCCCNCC=CC(O)C(=O)C1=CC=CNCSC=CCC=NC=C1,-4.29,augment,,,CCCCCCCCNCC=CC(O)C(=O)C1=CC=CNCSC=CCC=NC=C1
CCCCCCCCP12CCC[NH1+1]2[N+1]1C=O,-3.38,augment,,,CCCCCCCC[PH]12CCC[NH+]1[N+]2C=O
CCCCCCCN(C)CC1=CC=CC1(CC=C2C)C2(O)NC=O,-3.33,augment,,,CCCCCCCN(C)CC1=CC=CC12CC=C(C)C2(O)NC=O
CCCCCCCN=CCC1C(C=O)C=S1C,-3.23,augment,,,CCCCCCCN=CCC1C(C=O)C=S1C
CCCCCCCNC=C1NCC[NH1+1]1O,-3.39,augment,,,CCCCCCCNC=C1NCC[NH+]1O
COC=CC=C(C)[C@@H1](O)C[NH1+1]([NH2+1])CCCCCNC=CC=CNCCCCCCC,-2.85,augment,,,CCCCCCCNC=CC=CNCCCCC[NH+]([NH2+])C[C@H](O)C(C)=CC=COC
CCCCCCCSC[C@@H1](C=CC=O)C1C[NH1+1](C)CCC=NC1=N,-3.62,augment,,,CCCCCCCSC[C@@H](C=CC=O)C1C[NH+](C)CCC=NC1=N
CCCCCCC[NH1+1](O)C=CCF,-2.55,augment,,,CCCCCCC[NH+](O)C=CCF
CCCCCCC[NH1+1]C(=O)C=O,-3.14,augment,,,CCCCCCC[NH+]C(=O)C=O
CCCCCCN=C(C=CC1=CCNC1C2)NCCC(C)=CN2,-4.27,augment,,,CCCCCCN=C1C=CC2=CCNC2CNC=C(C)CCN1
CNC=NC[NH1+1]N=CCCN(C[NH1+1]CCCC)C#CNCCCCCC,-1.65,augment,,,CCCCCCNC#CN(CCC=N[NH+]CN=CNC)C[NH+]CCCC
CCCCCCNC(=O)NC(=O)C=O,-3.58,augment,,,CCCCCCNC(=O)NC(=O)C=O
CCCCCCNC(C1)CCCCC1C=CC=CF,-3.64,augment,,,CCCCCCNC1CCCCC(C=CC=CF)C1
CCCCCCNC=O,-2.63,augment,,,CCCCCCNC=O
CCCCCCNCCCOC=O,-1.49,augment,,,CCCCCCNCCCOC=O
CCCCCCNSC1C=[NH1+1]CC=CCCSN=CC=C1,-4.61,augment,,,CCCCCCNSC1C=CC=NSCCC=CC[NH+]=C1
CCCCCCNSPCCCC1CN(C=O)C1CSCl,-3.3,augment,,,CCCCCCNSPCCCC1CN(C=O)C1CSCl
CCCCCCOCC(=O)CNC=CC=CC=O,-3.7,augment,,,CCCCCCOCC(=O)CNC=CC=CC=O
CC1C[C@@H1]1CSCCCCC2(C)NCCCC2C=[C@H1]CCCSCCCCCC,-2.2,augment,,,CCCCCCSCCCC=CC1CCCNC1(C)CCCCSC[C@H]1CC1C
CCCCCN(C)N(CCCC[C@@H1](C1)CCC)CC#C1,-4.22,augment,,,CCCCCN(C)N1CC#CC[C@@H](CCC)CCCC1
C1CCC=CC1(NN(C(CNN(C)CCCCC)CC#CCONCOC)C)O,-1.04,augment,,,CCCCCN(C)NCC(CC#CCONCOC)N(C)NC1(O)C=CCCC1
CCN(CCCCC)CC1=CSC=NC(C2)C=CC=C21,-4.05,augment,,,CCCCCN(CC)CC1=CSC=NC2C=CC=C1C2
CCCCCN=C(NCC1CN(C)C=CC=CNCCC)C1C,-3.79,augment,,,CCCCCN=C1NCC(CN(C)C=CC=CNCCC)C1C
CC(NCCCCC)=O,-2.88,augment,,,CCCCCNC(C)=O
CCCCCNC=C(N=C(C1)SCCCC(NC)=CC(C)C)OS1,-2.1,augment,,,CCCCCNC=C1N=C(SCCCC(=CC(C)C)NC)CSO1
CCCCCNC=CNCCCCOC=CC=C=CF,-1.74,augment,,,CCCCCNC=CNCCCCOC=CC=C=CF
CCCCCNCC1CCC=C1C,-3.19,augment,,,CCCCCNCC1CCC=C1C
CCCCCNCCC(N(O)N[C@@H1](C)C=O)=O,-2.44,augment,,,CCCCCNCCC(=O)N(O)N[C@@H](C)C=O
CCCCCNCCC=CCC(=C1)C1=O,-3.77,augment,,,CCCCCNCCC=CCc1cc1=O
CCCCCNCCCC(CC#CF)CF,-2.12,augment,,,CCCCCNCCCC(CF)CC#CF
CC(OC=CC1=CC=C2C=CCC=C1CC(C)CC2CNC=N)NCCCNCCCCC,-3.8,augment,,,CCCCCNCCCNC(C)OC=CC1=CC=C2C=CCC=C1CC(C)CC2CNC=N
CCNC(O)=NOC(OC)CC1=CC=CC=C1CSNCCCCC,-1.47,augment,,,CCCCCNSCc1ccccc1CC(OC)ON=C(O)NCC
N#CCCCN(CC1)C(OCCCCC)CC1CN=CC=O,-2.79,augment,,,CCCCCOC1CC(CN=CC=O)CCN1CCCC#N
CCCCCOC=C1C=CC(C)N1C=O,-2.89,augment,,,CCCCCOC=C1C=CC(C)N1C=O
C1C=CN=C=C1COCCCCC,-2.53,augment,,,CCCCCOCC1=C=NC=CC1
CCCCC[C@@H1](C[NH2+1])CNC=NC=CCOC=O,-2.39,augment,,,CCCCC[C@@H](C[NH2+])CNC=NC=CCOC=O
CCCCC[C@@H1](O)C=CC=O,-3.08,augment,,,CCCCC[C@@H](O)C=CC=O
CC[C@@H1](CCCCC)C1=CCCCC[C@@H1]1OC2OCCCC2(F)C,-3.95,augment,,,CCCCC[C@H](CC)C1=CCCCC[C@@H]1OC1OCCCC1(C)F
CCCCC[C@H1]([NH2+1])NC(=O)NCSC=O,-2.49,augment,,,CCCCC[C@H]([NH2+])NC(=O)NCSC=O
CCCCC[NH1+1](CCNCC=O)C,-2.79,augment,,,CCCCC[NH+](C)CCNCC=O
O[NH1+1](CCCCC)CCl,-2.92,augment,,,CCCCC[NH+](O)CCl
CCCCC[NH1+1]CC=CCCN=C1C(=O)C[C@H1](C1C)CC=CCCOC,-3.09,augment,,,CCCCC[NH+]CC=CCCN=C1C(=O)C[C@@H](CC=CCCOC)C1C
COCCC(C[NH2+1]CCCCC)(OCCC(C)C=C1O)C1=NC,-2.95,augment,,,CCCCC[NH2+]CC1(CCOC)OCCC(C)C=C(O)C1=NC
CCCCN(COCC)C=CC1CC(=O)NC1C=CC2NS2(C3)C3,-3.92,augment,,,CCCCN(C=CC1CC(=O)NC1C=CC1NS12CC2)COCC
CCCCN(O)C(=O)C=O,-2.73,augment,,,CCCCN(O)C(=O)C=O
CC[C@H1](OC1C)C2=CCC1C2(N3CCCC)C3O,-3.84,augment,,,CCCCN1C(O)C12C1=CCC2C(C)O[C@H]1CC
COC=C1C=C(F)CN(CCCC)C1C2=CCOC2O,-2.96,augment,,,CCCCN1CC(F)=CC(=COC)C1C1=CCOC1O
CCC(C)C=C1C=C/C2=CC(C(C)C2C)N1C=CC(C3CN3CCCC)C,-3.6,augment,,,CCCCN1CC1C(C)C=CN1C(=CC(C)CC)C=CC2=CC1C(C)C2C
CCCCN1CC[NH1+1](C)CC2=C1SCCC2=O,-3.88,augment,,,CCCCN1CC[NH+](C)CC2=C1SCCC2=O
CCCCN1COC=CC=C1C(=O)NC=CCNC=NC=O,-3.91,augment,,,CCCCN1COC=CC=C1C(=O)NC=CCNC=NC=O
C1C(C)=C1C(C)C=CC=C(ON(CCCC)C2C)C2=N,-3.99,augment,,,CCCCN1OC(=CC=CC(C)C2=C(C)C2)C(=N)C1C
O=CC=CC=C(C=NCCCC)CCC=CN=C(C(C)C)CN,-3.81,augment,,,CCCCN=CC(=CC=CC=O)CCC=CN=C(CN)C(C)C
CCCCNC(=O)NNC[NH1],-2.76,augment,,,CCCCNC(=O)NNC[NH]
CCC(C)NC=CC(N)C(C)NCCCC,-2.37,augment,,,CCCCNC(C)C(N)C=CNC(C)CC
CCCCNC(C)CC=CC(C)C(=O)C=CC=O,-2.88,augment,,,CCCCNC(C)CC=CC(C)C(=O)C=CC=O
CCCCNC(CC)CCCCCCCCCCCF,-1.67,augment,,,CCCCNC(CC)CCCCCCCCCCCF
CCCCNC(C[C@@H1](C)CCCC=N)CC=C1CC1=N,-3.5,augment,,,CCCCNC(CC=C1CC1=N)C[C@@H](C)CCCC=N
CCCCNC(CCCC)CC=CN1C=CC=CC=CC=C1CCC,-3.01,augment,,,CCCCNC(CC=Cn1cccccccc1CCC)CCCC
O=C(N)C=CCN=CC=CC1(C)CCC=C1C=NC(O)NCCCC,-3.75,augment,,,CCCCNC(O)N=CC1=CCCC1(C)C=CC=NCC=CC(N)=O
CCCCNC(O)[NH1]C=CC=CC=CCC1CC1,-3.39,augment,,,CCCCNC(O)NC=CC=CC=CCC1CC1
C1CCC=CCNCC(NCCCC)(C)CC=CC=CC=C2C=C2N=C1,-4.97,augment,,,CCCCNC1(C)CC=CC=CC=C2C=C2N=CCCCC=CCNC1
CCCCNC1C=CC=CC1CCC(=O)C(C)C(C)CNC#N,-3.03,augment,,,CCCCNC1C=CC=CC1CCC(=O)C(C)C(C)CNC#N
CCCCNC1CCCC[C@@H1]1CC[C@@H1]2CCCCC2NC3C=C3,-3.08,augment,,,CCCCNC1CCCC[C@@H]1CC[C@@H]1CCCCC1NC1C=C1
CCCCNC=CC=CC=C1C=CNC=N1,-3.7,augment,,,CCCCNC=CC=CC=C1C=CNC=N1
CCCCNCC=CC1=CCCCC1C=O,-3.96,augment,,,CCCCNCC=CC1=CCCCC1C=O
CCCCNCC=CCC(C)CCC=O,-2.61,augment,,,CCCCNCC=CCC(C)CCC=O
CCCCNCSNC1(O)C[C@@H1]2CC13CC3C2,-3.27,augment,,,CCCCNCSNC1(O)C[C@H]2CC3CC31C2
C1C(C)C(=O)NC(CNNCCCC)C=CCCC(C)=C1Cl,-3.94,augment,,,CCCCNNCC1C=CCCC(C)=C(Cl)CC(C)C(=O)N1
CCCCNOC=CC=CC(=O)NCCC=CNC,-2.71,augment,,,CCCCNOC=CC=CC(=O)NCCC=CNC
CCNN(SCC1NN=CCN2C(=O)OCCCC)OC=C1CC2CCO,-3.52,augment,,,CCCCOC(=O)N1CC=NNC2CSN(NCC)OC=C2CC1CCO
CCCCOC(C)(O)C(CCC1C)C=C2C=C21,-3.24,augment,,,CCCCOC(C)(O)C1C=C2C=C2C(C)CC1
CCOC1=C2C=CC=C1CCCOCC(C2)OCCCC,-3.47,augment,,,CCCCOC1COCCCc2cccc(c2OCC)C1
CCNCNCSCC=CC=CNC(C)C1CCN=C1COC(C)=COCCCC,-2.79,augment,,,CCCCOC=C(C)OCC1=NCCC1C(C)NC=CC=CCSCNCNCC
CCOC=NN1N=C(C)CC=C1SCCCOC=NCCOCCCC,-2.94,augment,,,CCCCOCCN=COCCCSC1=CCC(C)=NN1N=COCC
CCCCOCNSCNC=O,-1.97,augment,,,CCCCOCNSCNC=O
CCCCOOCCC=C(C(=O)NCCCCC(C)OCC1)C1,-4.04,augment,,,CCCCOOCCC=C1CCCOC(C)CCCCNC1=O
CCCCS(=O)(=O)Nc1ccc(C(=O)NCC2CCCO2)cc1,-4.08,anchor,analog,BI-4924,CCCCS(=O)(=O)Nc1ccc(C(=O)NCC2CCCO2)cc1
CCCCS=1CCCC=CCCC(C)N=CC=C=1,-4.25,augment,,,CCCCS1=C=CC=NC(C)CCC=CCCC1
CCCCSC(C1=O)CC1,-3.58,augment,,,CCCCSC1CCC1=O
CCCCSCNCNN(C)CC(N)SNCSCN=CC1CNC1,-3.07,augment,,,CCCCSCNCNN(C)CC(N)SNCSCN=CC1CNC1
CCCCSCNN(C)C(=O)N(C)CC=C1C=CSCC1NNN=O,-3.75,augment,,,CCCCSCNN(C)C(=O)N(C)CC=C1C=CSCC1NNN=O
C[NH2+1]C=NNC=CC([NH1+1])CCCC=CC=CCC1OC1NSCCCC,-1.83,augment,,,CCCCSNC1OC1CC=CC=CCCCC([NH+])C=CNN=C[NH2+]C
CCCCSOCNCCCNC1CC(O)C=C1C=CC=O,-3.37,augment,,,CCCCSOCNCCCNC1CC(O)C=C1C=CC=O
CCCCSSC(=S)N(CC)CC,-2.11,anchor,analog,Disulfiram,CCCCSSC(=S)N(CC)CC
CCCC[C@@H1](O)C#COC[NH3+1],-2.83,augment,,,CCCC[C@@H](O)C#COC[NH3+]
CCOCCCCCNC(C[C@H1]1CCCC)C1C[NH3+1],-1.5,augment,,,CCCC[C@@H]1CC(NCCCCCOCC)C1C[NH3+]
CC(C)[C@H1](C=C1[C@@H1](NC)CCCC)C1SCN,-2.35,augment,,,CCCC[C@H](NC)C1=C[C@@H](C(C)C)C1SCN
CCCC[C@@H1](CC=C1C=NCC)CC1CN=N,-3.73,augment,,,CCCC[C@H]1CC=C(C=NCC)C(CN=N)C1
CCCC[C@@H1](CCCC1)N1CCC=O,-3.51,augment,,,CCCC[C@H]1CCCCN1CCC=O
CC(C)CC[NH1+1](CCCC)[NH2+1],-2.06,augment,,,CCCC[NH+]([NH2+])CCC(C)C
CCCC[NH1+1]CCSCCSSCCN1CCC[NH1]C=C1F,-3.08,augment,,,CCCC[NH+]CCSCCSSCCN1CCCNC=C1F
CCCC[NH2+1]C(C)N(O)C=CC=O,-3.3,augment,,,CCCC[NH2+]C(C)N(O)C=CC=O
CCCCC1=CC#CC=C1C2[C@H1]=CC=C3C=C2N=C=C3,-4.42,augment,,,CCCCc1cc#ccc1C1C=CC=C2C=C=NC1=C2
O=C(ON=CCNC(=O)C=CC=C1C)N1N=C2C=C2CCCC,-4.38,augment,,,CCCCc1cc1=NN1C(=O)ON=CCNC(=O)C=CC=C1C
C1OCCCCC=CC(C)C1NC(=O)N(C)CCC,-4.13,augment,,,CCCN(C)C(=O)NC1COCCCCC=CC1C
CCCN(C)CC=CNCC1C=CC=CC1=O,-3.31,augment,,,CCCN(C)CC=CNCC1C=CC=CC1=O
CCCN(C)CC=O,-2.63,augment,,,CCCN(C)CC=O
CCCN(C)CN(C1C2C3CCCC=CC=C4C1C2)C34,-4.49,augment,,,CCCN(C)CN1C2C3=CC=CCCCC2C2CC3C21
CCCN(C=C1C=C1OC(=O)CC)C=CNCCCC(C)C,-3.29,augment,,,CCCN(C=CNCCCC(C)C)C=C1C=C1OC(=O)CC
CC(C)[C@@H1](CN(C=O)CCC)C=CC=N,-3.11,augment,,,CCCN(C=O)C[C@@H](C=CC=N)C(C)C
CCCN(OC(=O)C=O)CC1C[NH1]1,-2.78,augment,,,CCCN(CC1CN1)OC(=O)C=O
CCCN(CCC)C(=S)SSC(=S)N(CCC)CCC,-2.37,anchor,analog,Disulfiram,CCCN(CCC)C(=S)SSC(=S)N(CCC)CCC
CNCSC=CCCOC=CC1(C=C=C(N1CCC)C=O)C2C=CNC2C3=CC3,-2.9,augment,,,CCCN1C(C=O)=C=CC1(C=COCCC=CSCNC)C1C=CNC1C1=CC1
CCCN1C=C1C(C)C2=NC=CC=C2N=O,-4.36,augment,,,CCCN1C=C1C(C)c1ncccc1N=O
CCCN(C=CC(N)=C(O1)NNC)CC(=O)CCC=C1C,-3.5,augment,,,CCCN1C=CC(N)=C(NNC)OC(C)=CCCC(=O)C1
CNC(=O)/C=CC=C(C1=CC2C3C=CN2CCC)C3C4C=C1SC(=O)C4OC,-5.29,augment,,,CCCN1C=CC2C3C(=CC=CC(=O)NC)C(=CC21)C1=CC3C(OC)C(=O)S1
CC[C@H1](N1CCC)CNC(CCC2=CC=C1)N2,-3.34,augment,,,CCCN1C=CC=C2CCC(NC[C@@H]1CC)N2
CCCN(C(=O)C(CC)C=CC=CC=CCC1)CC12C3CC23,-4.57,augment,,,CCCN1CC2(CCC=CC=CC=CC(CC)C1=O)C1CC12
CNC=C(C)CC(=O)C=C=CCC1(C)CCN1CCC,-3.42,augment,,,CCCN1CCC1(C)CC=C=CC(=O)CC(C)=CNC
CCCN=C(C)C=CCC=C(NN)C=CCC1C=C1,-3.63,augment,,,CCCN=C(C)C=CCC=C(C=CCC1C=C1)NN
CCCN=C1N=CCCN1C=O,-3.7,augment,,,CCCN=C1N=CCCN1C=O
CCCN=CC1(C=NC=O)CC=C1S,-3.39,augment,,,CCCN=CC1(C=NC=O)CC=C1S
C1CCCNC2=C(C3CC=C2C3(C=O)C=CC=NCCC)C1,-4.32,augment,,,CCCN=CC=CC1(C=O)C2=CCC1C1=C2NCCCCC1
CCCN=CN1[C@@H1](CNSC)CSC=N1,-2.65,augment,,,CCCN=CN1N=CSC[C@@H]1CNSC
CCCN=NC1(NC(NC)C=N)C=CNC2CNCCC2CC1C,-3.47,augment,,,CCCN=NC1(NC(C=N)NC)C=CNC2CNCCC2CC1C
CCOC#CNCCC,-2.45,augment,,,CCCNC#COCC
CC(NCCC)(C=O)CCC(C1)CC(C)C=C1C,-3.29,augment,,,CCCNC(C)(C=O)CCC1CC(C)=CC(C)C1
CCCNC(C)N=C=O,-3.19,augment,,,CCCNC(C)N=C=O
CCCNC(N)N=CC(C)NC=O,-2.96,augment,,,CCCNC(N)N=CC(C)NC=O
O=C(CCC=CC=CSCCCCN)C1=C(NCCC)C(C)C(O)C2=C1S2,-2.81,augment,,,CCCNC1=C(C(=O)CCC=CC=CSCCCCN)C2=C(S2)C(O)C1C
CCCNC1=CCCN1NOC=CCCl,-3.45,augment,,,CCCNC1=CCCN1NOC=CCCl
CCCNC=C(C=O)[C@H1]1CCC=C1CC(F)CCF,-2.75,augment,,,CCCNC=C(C=O)[C@H]1CCC=C1CC(F)CCF
CCCNC=CC1=C(C)CC1CCF,-3.04,augment,,,CCCNC=CC1=C(C)CC1CCF
CCCNC=CC1=CC=CSCN1CCC=CC=O,-3.76,augment,,,CCCNC=CC1=CC=CSCN1CCC=CC=O
CCCNC=CC=O,-2.69,augment,,,CCCNC=CC=O
CCCNC=CC1=CC=CC=C1C=O,-3.76,augment,,,CCCNC=Cc1ccccc1C=O
O=C(CNCCC)C1CCC=CC=CC1NCCC2C=C=CC=C2,-3.8,augment,,,CCCNCC(=O)C1CCC=CC=CC1NCCC1C=C=CC=C1
CCCNCC=CC=CC(C)(C1CCC[C@@H1]1C(C)=CF)C,-4.15,augment,,,CCCNCC=CC=CC(C)(C)C1CCC[C@@H]1C(C)=CF
CCCNCSCC(=O)OC=CC1=CC1(C)NC=CC=CCl,-3.5,augment,,,CCCNCSCC(=O)OC=CC1=CC1(C)NC=CC=CCl
CCCNNC(=O)NCCCCCC=CC=O,-3.78,augment,,,CCCNNC(=O)NCCCCCC=CC=O
CC1C[C@@H1](C=CC=C1NNCCC)C=O,-4.37,augment,,,CCCNNC1=CC=C[C@@H](C=O)CC1C
CCCNPCNC=CC=O,-3.12,augment,,,CCCNPCNC=CC=O
CCCNS(=O)(=O)c1ccc(C(=O)NCC2CCCO2)cc1,-4.4,anchor,analog,BI-4924,CCCNS(=O)(=O)c1ccc(C(=O)NCC2CCCO2)cc1
CCCNSCC1CC2=C(C3)C=NC2C=C(F)C=C3C1CNCC,-4.71,augment,,,CCCNSCC1CC2=C3C=NC2C=C(F)C=C(C3)C1CNCC
CCCN[C@@H1](C)N(CCNC=O)C=O,-2.41,augment,,,CCCN[C@@H](C)N(C=O)CCNC=O
CCCOC(=O)CBr,-2.8,augment,,,CCCOC(=O)CBr
CCCOC(C)=NC=CCF,-2.42,augment,,,CCCOC(C)=NC=CCF
C[C@@H1](C=CC(C)OCCC)NC=CC1(CCCCCNC(O)C)CN1,-2.89,augment,,,CCCOC(C)C=C[C@H](C)NC=CC1(CCCCCNC(C)O)CN1
CCCOC(NC(C)CNC(N)NC=O)CC1CS1,-2.17,augment,,,CCCOC(CC1CS1)NC(C)CNC(N)NC=O
NC=NC=CC=C=C(SCC)NN=C(OCCC)CC[NH3+1],-2.59,augment,,,CCCOC(CC[NH3+])=NNC(=C=CC=CN=CN)SCC
CCCOC([NH1+1])CCCNC(=O)CNC1CCC=C1,-1.43,augment,,,CCCOC([NH+])CCCNC(=O)CNC1C=CCC1
C1C(C)OCCCC=CNC=C(OCCC)CC(=O)C1CC,-4.15,augment,,,CCCOC1=CNC=CCCCOC(C)CC(CC)C(=O)C1
N#CC(N)C=CC=C1N=C=CC=NC=C(COCCC)O1,-3.66,augment,,,CCCOCC1=CN=CC=C=NC(=CC=CC(N)C#N)O1
O=C(O)CN1C=CN=C(N)C=CC=C1CC=CCC=[C@H1]CCOCCC,-4.09,augment,,,CCCOCCC=CCC=CCc1cccc(N)nccn1CC(=O)O
CCCOCCCC(C1)CCC=C1CCCSCC=O,-3.84,augment,,,CCCOCCCC1CCC=C(CCCSCC=O)C1
CCCOCCCC=O,-2.51,augment,,,CCCOCCCC=O
CCCOC[NH1+1]NCOC(C)NCC(C)NC=CC(N1)C1,-1.19,augment,,,CCCOC[NH+]NCOC(C)NCC(C)NC=CC1CN1
CCCC(=O)CCC1SCCN1OCCC,-2.54,augment,,,CCCON1CCSC1CCC(=O)CCC
CCCON=CNCCC1C(C)CN1OCCNC=O,-2.62,augment,,,CCCON=CNCCC1C(C)CN1OCCNC=O
C1CNC=NC=C(CC)SCC[C@@H1]1OCCC,-3.52,augment,,,CCCO[C@@H]1CCNC=NC=C(CC)SCC1
CC1[C@@H1]([NH3+1])N[C@@H1](C)[C@H1]1OCCC,-3.24,augment,,,CCCO[C@H]1C(C)[C@@H]([NH3+])N[C@H]1C
CCCC(C)C#CCCCC1CC=CC=C1CCN=CCCPCCC,-2.88,augment,,,CCCPCCC=NCCC1=CC=CCC1CCCC#CC(C)CCC
CCCSC=C(SCC(C)C(OC)CCNCC1CCCO)C#C1,-4.11,augment,,,CCCSC=C1C#CC(CCCO)CNCCC(OC)C(C)CS1
CCCSCCC=C(N)NC=CCNSC=C1N=C(C=O)C1C(C2)=C2,-2.6,augment,,,CCCSCCC=C(N)NC=CCNSC=C1N=C(C=O)C1C1=CC1
CCCSCCN[NH2+1]CCCC1C=CC=C1[NH1]C=O,-3.02,augment,,,CCCSCCN[NH2+]CCCC1C=CC=C1NC=O
CC[C@@H1](CSCCC)CCC1OC1C=O,-2.97,augment,,,CCCSC[C@H](CC)CCC1OC1C=O
CCC[C@@H1](C)C=C=C1SC(C)C2=C1C=CC=C2C(C)=O,-4.96,augment,,,CCC[C@@H](C)C=C=C1SC(C)c2c(C(C)=O)cccc21
C[C@@H1](C[NH2+1]C=O)CCC,-3.37,augment,,,CCC[C@@H](C)C[NH2+]C=O
CCC[C@@H1](C)NC=C1C=CC=CC=C1Cl,-4.14,augment,,,CCC[C@@H](C)NC=C1C=CC=CC=C1Cl
CCC[C@H1](C(C)C(=O)NC)C1=CC(CCC1)C(O)OC=O,-3.37,augment,,,CCC[C@@H](C1=CC(C(O)OC=O)CCC1)C(C)C(=O)NC
CCC[C@@H1](CCC=C([NH1+1])SC)C(=O)NC1=CC=CC2=C1C2(C)C,-3.86,augment,,,CCC[C@@H](CCC=C([NH+])SC)C(=O)Nc1cccc2c1C2(C)C
CCC[C@@H1](C[NH1+1]C=O)C1NNCCNCCC(=O)CCC1,-3.8,augment,,,CCC[C@@H](C[NH+]C=O)C1CCCC(=O)CCNCCNN1
CCC[C@@H1](N)N=CC(CC1CC)=CC=C1,-3.78,augment,,,CCC[C@@H](N)N=CC1=CC=CC(CC)C1
CCC[C@@H1](NCCC=CC=CC(=O)NC=CC1OC=CC1)C2C[NH1]2,-3.97,augment,,,CCC[C@@H](NCCC=CC=CC(=O)NC=CC1CC=CO1)C1CN1
CCC[C@@H1]1C(=N)NNC(=O)NCCC2C3CC=C(C(O)C=C3)SC21,-4.71,augment,,,CCC[C@@H]1C(=N)NNC(=O)NCCC2C3C=CC(O)C(=CC3)SC21
CCC[C@@H1]1CNC(C)NC=NN(O)CCCC=CC1=O,-4.51,augment,,,CCC[C@@H]1CNC(C)NC=NN(O)CCCC=CC1=O
CCOC=NCN[C@@H1](C)C(OC(O)=[C@H1]O)[C@@H1](C)CCC,-2.39,augment,,,CCC[C@H](C)C(OC(O)=CO)[C@H](C)NCN=COCC
CCC[C@H1](C[NH2+1]CC=O)C(C)F,-3.22,augment,,,CCC[C@H](C[NH2+]CC=O)C(C)F
CCC[C@H1](N)N(C)CC(OC=O)OC=N,-0.93,augment,,,CCC[C@H](N)N(C)CC(OC=N)OC=O
CCC[C@H1](C1CNC2CNC(C)C2C=O)C=C1C,-3.29,augment,,,CCC[C@H]1C=C(C)C1CNC1CNC(C)C1C=O
CCC[C@@H1](C[NH2+1]CCCC1)C1Cl,-3.34,augment,,,CCC[C@H]1C[NH2+]CCCCC1Cl
CCC[NH1+1](N)C(C)N1CCNC(=O)N2CC=NC1C2C=O,-3.15,augment,,,CCC[NH+](N)C(C)N1CCNC(=O)N2CC=NC1C2C=O
CNCNC(C[NH1+1]CCC)C(C)C=CC=O,-2.97,augment,,,CCC[NH+]CC(NCNC)C(C)C=CC=O
CCNC(C[NH2+1]CCC)C=CCC=C=C1NN1SCN,-2.6,augment,,,CCC[NH2+]CC(C=CCC=C=C1NN1SCN)NCC
COC=CC(N1COC(C)CCNC=C=CCC2=C1CCC)=C2OC,-3.79,augment,,,CCCc1c2c(OC)c(C=COC)n1COC(C)CCNC=C=CC2
CCN(C=O)C#N,-2.26,augment,,,CCN(C#N)C=O
CCN(C(C1)S1)C(=O)C2C=CC=CC2C=O,-3.24,augment,,,CCN(C(=O)C1C=CC=CC1C=O)C1CS1
CCN(C(=O)CCC=C(O)N=CC(=O)CCCCNC)C1=CCCC1C,-1.9,augment,,,CCN(C(=O)CCC=C(O)N=CC(=O)CCCCNC)C1=CCCC1C
CCN(C)C(=O)NC=O,-3.52,augment,,,CCN(C)C(=O)NC=O
COC=CC=C(CC(C)/CSC=NN/N(C)CC)CF,-2.66,augment,,,CCN(C)NN=CSCC(C)CC(=CC=COC)CF
C1CCC=CNC1CN(C)C(O)CC=CCNNCCC=NN=NON(C)CC,-0.93,augment,,,CCN(C)ON=NN=CCCNNCC=CCC(O)N(C)CC1CCCC=CN1
CNC(=O)CC1CNC(CCCCC(OC)C=CSN(C)CC)=CC=N1,-2.86,augment,,,CCN(C)SC=CC(CCCCC1=CC=NC(CC(=O)NC)CN1)OC
CCN(C=CC(=C1)N1)C[C@H1](C)C,-2.93,augment,,,CCN(C=CC1=CN1)CC(C)C
CCN(C=NC(=O)SCC=CN=CCCl)CC,-3.04,augment,,,CCN(C=NC(=O)SCC=CN=CCCl)CC
CCN(CC)C=NC=O,-3.05,augment,,,CCN(C=NC=O)CC
C1CNS(=O)N[C@@H1]1C=C(C)CC=NN=NNN(CC)C=NNN,-4.03,augment,,,CCN(C=NNN)NN=NN=CCC(C)=C[C@@H]1CCNS(=O)N1
CC(C=CC=CN(CC)C=O)[C@@H1](C=CCCCCC=C1F)N1N,-4.22,augment,,,CCN(C=O)C=CC=CC(C)[C@H]1C=CCCCCC=C(F)N1N
CCN(OC)C=O,-2.3,augment,,,CCN(C=O)OC
CCN(CC)C(=S)SC(=S)N(CC)CC,-2.45,anchor,analog,Disulfiram,CCN(CC)C(=S)SC(=S)N(CC)CC
CCN(CC)C(=S)SCSC(=S)N(CC)CC,-2.52,anchor,analog,Disulfiram,CCN(CC)C(=S)SCSC(=S)N(CC)CC
CCN(CC)C(=S)SSC(=S)N(CC)CC,-2.51,anchor,parent,Disulfiram,CCN(CC)C(=S)SSC(=S)N(CC)CC
CCN(CC)C(=S)SSC(C)C,-2.56,anchor,analog,Disulfiram,CCN(CC)C(=S)SSC(C)C
CCN(CC)C(=S)SSCC(C)C,-2.65,anchor,analog,Disulfiram,CCN(CC)C(=S)SSCC(C)C
CCN(CC)C(=S)SSCCO,-3.11,anchor,analog,Disulfiram,CCN(CC)C(=S)SSCCO
CCN(CC)CC(=S)SSC(=S)N(CC)CC,-2.59,anchor,analog,Disulfiram,CCN(CC)CC(=S)SSC(=S)N(CC)CC
CCN(CC)CCC1N(C)C2=C(CCCCCOCCC2)CS1,-3.53,augment,,,CCN(CC)CCC1SCC2=C(CCCOCCCCC2)N1C
CCN(CC)CCCNC(C)CC(O)CC1(C)C=C(F)N=C1,-1.77,augment,,,CCN(CC)CCCNC(C)CC(O)CC1(C)C=NC(F)=C1
CCN(CC)OOCCNC=O,-1.7,augment,,,CCN(CC)OOCCNC=O
CCN(COC)CC=C(CCC=O)N1CCCO1,-2.66,augment,,,CCN(CC=C(CCC=O)N1CCCO1)COC
OC(C)NC=CC=CCCCCCCN(CC)CC=CC(=N)N=C1N=C1,-3.19,augment,,,CCN(CC=CC(=N)N=c1cn1)CCCCCCC=CC=CNC(C)O
CC(O)C=CCCN(CC)COC1(C)CNCC1C=O,-2.62,augment,,,CCN(CCC=CC(C)O)COC1(C)CNCC1C=O
CCN(CCCCCC=O)CCCCC=CCCCC1C=C1,-2.47,augment,,,CCN(CCCCC=CCCCC1C=C1)CCCCCC=O
CCN(CCl)CCF,-1.87,augment,,,CCN(CCl)CCF
CCN(C\N)SCCC1CCCCN1C=O,-3.6,augment,,,CCN(CN)SCCC1CCCCN1C=O
CC(=O)N1CCC(C)C=CC=CNC1C2=CC=CN=C2N(O[O-1])CC,-4.99,augment,,,CCN(O[O-])c1ncccc1C1NC=CC=CC(C)CCN1C(C)=O
CCN1C=C=NC(=O)C#C1,-3.63,augment,,,CCN1C#CC(=O)N=C=C1
CCN1N(CCC=O)OC=CC(=O)C1C,-3.55,augment,,,CCN1C(C)C(=O)C=CON1CCC=O
C1OC=CCC(C=O)(C)N(C=C1C(=O)C)CC,-3.41,augment,,,CCN1C=C(C(C)=O)COC=CCC1(C)C=O
C1=C(C(C)NC(C)C2C)CN=CSCCCN(CC)C=C21,-5.13,augment,,,CCN1C=C2C=C(CN=CSCCC1)C(C)NC(C)C2C
C=12CC(C=1CNCCC[NH1+1]CC(C3)=CCC(N)C=CN3CC)C=C2,-3.92,augment,,,CCN1C=CC(N)CC=C(C[NH+]CCCNCC2=C3C=CC2C3)C1
CCN(CCC(C)CCN1CCN)C=CC2=CN2CNC1C=CC=CC=CN,-3.9,augment,,,CCN1C=CC2=CN2CNC(C=CC=CC=CN)N(CCN)CCC(C)CC1
C1CCNC=C1C=CC(C2)C=NCCN(CC)C=C2,-4.16,augment,,,CCN1C=CCC(C=CC2=CNCCC2)C=NCC1
O=CCC=CC=CC(N1C)CCNC=NC[NH1]N=CN1CC,-3.25,augment,,,CCN1C=NNCN=CNCCC(C=CC=CCC=O)N1C
C1C(CCCC=O)N1CC,-3.1,augment,,,CCN1CC1CCCC=O
CCN(CCCC1)CC=C(C[C@H1](CC=O)C)CNCCCCOC1,-4.27,augment,,,CCN1CC=C(C[C@@H](C)CC=O)CNCCCCOCCCCC1
CCN(CC=CCCOCC(C12)=C1C)NC2C,-4.27,augment,,,CCN1CC=CCCOCC2=C(C)C2C(C)N1
CCN(C1CO)CCCNCCC2CC=C1C=C2C=C=O,-4.12,augment,,,CCN1CCCNCCC2CC=C(C=C2C=C=O)C1CO
CC1N(CC)CN1C=O,-2.87,augment,,,CCN1CN(C=O)C1C
CCN1COCCC[NH1+1](O)C=NC(CCCC2)(C)C2OC1C,-4.65,augment,,,CCN1COCCC[NH+](O)C=NC2(C)CCCCC2OC1C
CC(=O)CCCC1C=C1P=NC2C3C=C=CC=C3[NH1]N2CC,-4.52,augment,,,CCN1NC2=CC=C=CC2C1N=PC1=CC1CCCC(C)=O
CCN=C(C)C(C)(C)C=CCOC=C(C)CCN1C=C1C,-3.25,augment,,,CCN=C(C)C(C)(C)C=CCOC=C(C)CCN1C=C1C
CCN=C(C)C=O,-2.9,augment,,,CCN=C(C)C=O
CCN=C(C)N=C(C=CCCCCC=CN=NNC=CSC(C)ONCCC1)C1,-5.54,augment,,,CCN=C(C)N=C1C=CCCCCC=CN=NNC=CSC(C)ONCCCC1
CCN=C(O)C(=O)CCCC(C)C(C(C)(C)CCC1NC)=NC1N,-2.98,augment,,,CCN=C(O)C(=O)CCCC(C)C1=NC(N)C(NC)CCC1(C)C
C1C(C)(CC(C)=C1C=CC=CC2=NCC)O2,-3.73,augment,,,CCN=C1C=CC=CC2=C(C)CC(C)(C2)O1
CCN=C1CC[NH1+1]CC=NC=C2NC(C)(F)C=CCNC=CC2C1,-4.8,augment,,,CCN=C1CC[NH+]CC=NC=C2NC(C)(F)C=CCNC=CC2C1
C[C@](C)=C[C@@H1](N)C(C)=C=NCC,-3.13,augment,,,CCN=C=C(C)[C@H](N)C=C(C)C
CCN=C=CCCOC=O,-2.78,augment,,,CCN=C=CCCOC=O
CCN=CC(N)(CCC=C1)C1C=O,-4.03,augment,,,CCN=CC1(N)CCC=CC1C=O
CCN=CC=C=CCCNC(C)SCCC=O,-3.4,augment,,,CCN=CC=C=CCCNC(C)SCCC=O
CNC=C=CC=NCC,-2.74,augment,,,CCN=CC=C=CNC
CCN=CC=CC(C)=O,-3.37,augment,,,CCN=CC=CC(C)=O
CCN=CC=CC(C=C/CCC=C1/C=CC2=O)C=C1C=C2O,-4.59,augment,,,CCN=CC=CC1C=CCCC=c2ccc(=O)c(O)cc2=C1
CCN=CC=CC(C(=O)CC=C(N)C(C)OC1=O)S#C1,-4.09,augment,,,CCN=CC=CC1S#CC(=O)OC(C)C(N)=CCC1=O
CCN=CC=CCNNC(C)C(=O)CC(=O)N[NH1+1]N(C)CC1=CCCC(C)C1,-2.57,augment,,,CCN=CC=CCNNC(C)C(=O)CC(=O)N[NH+]N(C)CC1=CCCC(C)C1
CCN=CCCOC=O,-2.37,augment,,,CCN=CCCOC=O
O[C@@H1]([NH2+1]CCCCC=CC1=CNC=C1)CC=NCC,-2.66,augment,,,CCN=CC[C@@H](O)[NH2+]CCCCC=Cc1cc[nH]c1
CCN=CF,-2.01,augment,,,CCN=CF
CCN=CN=C(C1C)CC=NC=C=C1CCCCF,-3.35,augment,,,CCN=CN=C1CC=NC=C=C(CCCCF)C1C
CCN=NC(CCNC)=CBr,-2.89,augment,,,CCN=NC(=CBr)CCNC
CCN=NC(C)CCCCNC(C)CC=CNNC1=CC=CC=C1,-1.79,augment,,,CCN=NC(C)CCCCNC(C)CC=CNNc1ccccc1
CCN=NCC[C@](C)=CC(=O)C(C)NCCOC(C)OC=O,-1.99,augment,,,CCN=NCCC(C)=CC(=O)C(C)NCCOC(C)OC=O
CCN(C)C=CCC(C(O)C(=O)[NH1]CC)CCOCF,-1.46,augment,,,CCNC(=O)C(O)C(CC=CN(C)CC)CCOCF
CCNC(=O)CC(=O)C=CNC(O)C=CC=C(F)C=O,-3.59,augment,,,CCNC(=O)CC(=O)C=CNC(O)C=CC=C(F)C=O
CCNC(=O)CC1CCC=CCCNC(=O)C2CC21C=CC=O,-3.69,augment,,,CCNC(=O)CC1CCC=CCCNC(=O)C2CC12C=CC=O
CCNC(=O)CC=O,-2.68,augment,,,CCNC(=O)CC=O
CCNC(=O)CCCSC=CC=NC=CC=CC=CCBr,-3.59,augment,,,CCNC(=O)CCCSC=CC=NC=CC=CC=CCBr
CCNC(=O)NC1=CN(C)C(C)OC1CC=CN=C=NC,-3.53,augment,,,CCNC(=O)NC1=CN(C)C(C)OC1CC=CN=C=NC
CC(=O)OC=CC1=CC#CCN1C(C)C(=S)[NH1]CC,-3.69,augment,,,CCNC(=S)C(C)N1CC#CC=C1C=COC(C)=O
CCNC(CCN(C)CNC=CCNSC=NNNC)(C)C#CN=N,-1.86,augment,,,CCNC(C)(C#CN=N)CCN(C)CNC=CCNSC=NNNC
C12OC[C@@H1]1CC(=O)C=C2CC(C(C)C)NCC,-3.48,augment,,,CCNC(CC1=CC(=O)C[C@H]2COC12)C(C)C
CCNC(CCC[C@@H1](C1)CC=CC1CCl)O,-3.58,augment,,,CCNC(O)CCC[C@@H]1CC=CC(CCl)C1
CC[NH1+1]CCNCC=NC(C1=C(CCC2C3N)NCC)CC1N2C4=CC=CCC43,-3.99,augment,,,CCNC1=C2C(N=CCNCC[NH+]CC)CC2N2C3=CC=CCC3C(N)C2CC1
CC[NH2+1]CCC(C=CC=CCCCC1)CCC=C1NCC,-4.56,augment,,,CCNC1=CCCC(CC[NH2+]CC)C=CC=CCCCC1
O=C(CC=NC=C1NCC)C(CC2NC)=CC=C2C=CCCCC1,-4.66,augment,,,CCNC1=CN=CCC(=O)C2=CC=C(C=CCCCC1)C(NC)C2
CCNC(C1C)NC=CC1C[NH1+1]C2CCC=CC2C=N,-3.82,augment,,,CCNC1NC=CC(C[NH+]C2CCC=CC2C=N)C1C
CCNC=C(C)CC(=O)N=CNCO,-3.42,augment,,,CCNC=C(C)CC(=O)N=CNCO
CCNC=C(C)CC=CC(C)CCC=CC#N,-2.39,augment,,,CCNC=C(C)CC=CC(C)CCC=CC#N
CCNC=C(C(C1)CC(N)CCCC=CC=C=N1)CCCC=O,-3.64,augment,,,CCNC=C(CCCC=O)C1CN=C=CC=CCCCC(N)C1
CCNC=C(C/CCCC(C)C=C(F)C1=CC1)[NH1]C=O,-3.29,augment,,,CCNC=C(CCCCC(C)C=C(F)C1=CC1)NC=O
CCNC=C(C1C)C1OC(C2=O)CC=C(C3)C3=NN=CN2,-4.58,augment,,,CCNC=C1C(C)C1OC1CC=C2CC2=NN=CNC1=O
CCNC=C(C=C1CC(C=CC2=CC=CC=C2O)CC=3C)CC=3S1,-5.01,augment,,,CCNC=C1C=C2CC(C=Cc3ccccc3O)CC(C)=C(C1)S2
CCNC=C(C=CC=CCC1=O)C=C1O,-3.8,augment,,,CCNC=C1C=CC=CCC(=O)C(O)=C1
CCNC=CC#CNC(N)C=O,-2.9,augment,,,CCNC=CC#CNC(N)C=O
CCNC=CC(=O)C=CC=CC=CCl,-3.56,augment,,,CCNC=CC(=O)C=CC=CC=CCl
CCNC=CC(=O)NCCONCN=C=CC=CC=CCNC1[NH1]N=CN=C1C2C=C2,-3.33,augment,,,CCNC=CC(=O)NCCONCN=C=CC=CC=CCNC1NN=CN=C1C1C=C1
CCNC=CC1(C=CNC(=O)N(C=CC=CCCC1C#N)CO)C,-4.26,augment,,,CCNC=CC1(C)C=CNC(=O)N(CO)C=CC=CCCC1C#N
O=C(C1C=CNCC)C=CC=CO1,-3.55,augment,,,CCNC=CC1OC=CC=CC1=O
CCNC=CC=C(C=CC=C1C2C(C)C1C=CC=C=C=C2NC)C,-4.48,augment,,,CCNC=CC=C(C)C=CC=C1C2C=CC=C=C=C(NC)C1C2C
CCNC=CC=CC#CCNC1=CC=CC=CCC2(C)C=CC=C12,-4.98,augment,,,CCNC=CC=CC#CCNC1=CC=CC=CCC2(C)C=CC=C12
CCNC=CC=CC(C=O)C,-3.74,augment,,,CCNC=CC=CC(C)C=O
CC1CCCN=C1C2(N)NC=C2C=CC=CNCC,-3.84,augment,,,CCNC=CC=CC1=CNC1(N)C1=NCCCC1C
CCNC=CC=CC=CC(C)NC=CC(=O)C=O,-3.58,augment,,,CCNC=CC=CC=CC(C)NC=CC(=O)C=O
CCNC=CC=CC=CCC=O,-3.43,augment,,,CCNC=CC=CC=CCC=O
CCNC=CC=CCCC=CC=O,-3.48,augment,,,CCNC=CC=CCCC=CC=O
C1CC[C@@H1](/CC=CCC/C=CC=CNCC)OC(=O)OC=CC=C1,-3.71,augment,,,CCNC=CC=CCCC=CC[C@@H]1CCCC=CC=COC(=O)O1
CCNC=CC=CSC(C(O)CC=C1C=CC=CC2=C1C2=N)=N,-5.25,augment,,,CCNC=CC=CSC(=N)C(O)CC=C1C=CC=Cc2c1c2=N
CCNC=CC=O,-2.63,augment,,,CCNC=CC=O
CCNC=CCC=O,-2.93,augment,,,CCNC=CCC=O
CCNC=CCCCNCCCC(=C1)C(N)CS1=NC,-2.57,augment,,,CCNC=CCCCNCCCC1=CS(=NC)CC1N
CCNC=CCSCC(N)NSCN[C@H1](O)CCCC=O,-1.41,augment,,,CCNC=CCSCC(N)NSCN[C@H](O)CCCC=O
CCNC=CC[NH1+1]C(N)CC[NH1+1]1CC=CC=C1,-2.69,augment,,,CCNC=CC[NH+]C(N)CC[NH+]1C=CC=CC1
CCNC=CN=C(S)SC1=CNC2ONNCCC=CC2C=C1OCCN=CF,-4.17,augment,,,CCNC=CN=C(S)SC1=CNC2ONNCCC=CC2C=C1OCCN=CF
CCNC=NC=C(CCl)C,-3.25,augment,,,CCNC=NC=C(C)CCl
CCNC=NC=O,-2.75,augment,,,CCNC=NC=O
O=C(CNCC)CCl,-2.85,augment,,,CCNCC(=O)CCl
CCNCC(C)C1CCSCN1C=O,-2.9,augment,,,CCNCC(C)C1CCSCN1C=O
CCSCCC(CNCC)CCC(C)=C1CCCC1=CCCCC(C)C2C=C2,-4.16,augment,,,CCNCC(CCSCC)CCC(C)=C1CCCC1=CCCCC(C)C1C=C1
CNC(=N)C(CNCC)CF,-2.94,augment,,,CCNCC(CF)C(=N)NC
CNC=CSCC(CNCC)CSCCF,-2.35,augment,,,CCNCC(CSC=CNC)CSCCF
CCNCC12NC=CC3=C=C1[C@H1](C)NCC4N2C(=O)CC(N5C4=N)C5=C3,-4.47,augment,,,CCNCC12NC=CC3=C=C1[C@H](C)NCC1C(=N)N4C(=C3)C4CC(=O)N12
O=C(C=C1C=C1CNCC)CC=O,-3.33,augment,,,CCNCC1=CC1=CC(=O)CC=O
CCNCC=C(CCCC(C=N)C=CC=CC1CC1O)C,-2.77,augment,,,CCNCC=C(C)CCCC(C=N)C=CC=CC1CC1O
N#CCCNCC,-2.66,augment,,,CCNCCC#N
CCNCCC(C)CNC=C1C(C)=CC(=N1)C2N3CN3NC=C2,-3.05,augment,,,CCNCCC(C)CNC=C1N=C(C2C=CNN3CN23)C=C1C
CCNCCC(C)NC(ONC)=CC1=CN=C(CC1=O)CC,-2.52,augment,,,CCNCCC(C)NC(=CC1=CN=C(CC)CC1=O)ONC
CCNCCC1C(C)C=CC=C1CC2CC2,-3.72,augment,,,CCNCCC1C(CC2CC2)=CC=CC1C
CCNCCC1C=C1OC(C)C[C@H1](C)CCNCOC(C)C(=O)CCCCCS,-0.67,augment,,,CCNCCC1C=C1OC(C)C[C@H](C)CCNCOC(C)C(=O)CCCCCS
CC(C)C(C)CC[NH2+1]CCC=CCCNCC,-3.1,augment,,,CCNCCC=CCC[NH2+]CCC(C)C(C)C
NCOC=CCC=C(CSC=O)CCCNCC,-0.65,augment,,,CCNCCCC(=CCC=COCN)CSC=O
C1C=CC(C)=C1NC(=O)NCCC(C)=NCC=CCCCCCCCNCC,-1.92,augment,,,CCNCCCCCCCC=CCN=C(C)CCNC(=O)NC1=C(C)C=CC1
CCN[C@@H1](C)[NH1+1]([NH2+1])CC([NH1+1])C=NCNCCCNCC,-0.56,augment,,,CCNCCCNCN=CC([NH+])C[NH+]([NH2+])[C@H](C)NCC
COC=CC=CCCC=CC(=NOCCCNCC)C,-2.67,augment,,,CCNCCCON=C(C)C=CCCC=CC=COC
CCNCCNC(OCCCCC1C2=CN2)CC1=O,-3.56,augment,,,CCNCCNC1CC(=O)C(C2=CN2)CCCCO1
C1CC=C1CSCCNCCNCCNCC,-2.24,augment,,,CCNCCNCCNCCSCC1=CCC1
CCNCCOC=CC1C=CC=CC=C1CCCCC=O,-3.7,augment,,,CCNCCOC=CC1C=CC=CC=C1CCCCC=O
CCNCN(CNNC(C)CC(=O)NCCCSN)NC,-0.9,augment,,,CCNCN(CNNC(C)CC(=O)NCCCSN)NC
CCNCNC=CCC1C[C@@H1]1N[C@H1](O)CCCC2CCC=C2C,-2.94,augment,,,CCNCNC=CCC1C[C@@H]1N[C@H](O)CCCC1CCC=C1C
CCNCNC=O,-2.89,augment,,,CCNCNC=O
CCNCNCC=CCC1(C=O)C(C)C[C@@H1](C)CCCCO1,-3.06,augment,,,CCNCNCC=CCC1(C=O)OCCCC[C@H](C)CC1C
CCNCNCCCC[C@@H1](C)C[NH2+1]C=O,-1.31,augment,,,CCNCNCCCC[C@@H](C)C[NH2+]C=O
CCNCNCCNCCSCNC(=N)NC=CCF,-0.59,augment,,,CCNCNCCNCCSCNC(=N)NC=CCF
CC([O-1])CC1COC=CC(C=NCCCC1N)C=2OC=2OCNCC,-3.39,augment,,,CCNCOC1=C(C2C=COCC(CC(C)[O-])C(N)CCCN=C2)O1
CCNCSC=O,-2.36,augment,,,CCNCSC=O
CCNC[C@@H1](CC)C=O,-2.95,augment,,,CCNC[C@H](C=O)CC
CCNC[C@H1](CCCC=O)NC=CC1=CN=C=C1C,-2.9,augment,,,CCNC[C@H](CCCC=O)NC=CC1=CN=C=C1C
CCNN(C)C=CCNC=CC=O,-2.82,augment,,,CCNN(C)C=CCNC=CC=O
CCNN=C(C(=O)O)C1=CCC=CC1CNC=O,-3.09,augment,,,CCNN=C(C(=O)O)C1=CCC=CC1CNC=O
C1#CC=NC(C=NNCC)CN1C(O)(C)C2C=C2CC3CC3O,-4.37,augment,,,CCNN=CC1CN(C(C)(O)C2C=C2CC2CC2O)C#CC=N1
CCNNC(CCCCCCNCCCOC1)CSCOC(C)NCN=NC1,-4.45,augment,,,CCNNC1CCCCCCNCCCOCCN=NCNC(C)OCSC1
CCNNCCC=O,-2.61,augment,,,CCNNCCC=O
CCNNCNC(C)(O1)C2=NC2C=C1CSN(C)C,-2.93,augment,,,CCNNCNC1(C)OC(CSN(C)C)=CC2N=C21
CCNNNC=C(O)C=CC=CC=O,-3.33,augment,,,CCNNNC=C(O)C=CC=CC=O
CCNOCNC=NC(CN1)C(C)CC=N1,-3.78,augment,,,CCNOCNC=NC1CNN=CCC1C
CCNSC=CN=CC1CC12CNC=C2CCC#CNC,-3.4,augment,,,CCNSC=CN=CC1CC12CNC=C2CCC#CNC
CCNSCC=CC1(C)CSC=N1,-3.11,augment,,,CCNSCC=CC1(C)CSC=N1
CCNSN=CN(CCCC1=O)NNCCC=C=C=C1C,-5.35,augment,,,CCNSN=CN1CCCC(=O)C(C)=C=C=CCCNN1
CCNSNC(NCC=O)=O,-3.1,augment,,,CCNSNC(=O)NCC=O
COCC,-1.9,augment,,,CCOC
COC(C)(C)C=C(OCC)CCN[C@@H1](C)C(CC)=O,-2.8,augment,,,CCOC(=CC(C)(C)OC)CCN[C@@H](C)C(=O)CC
CCOC(=O)C=CC=C1C(C1N)C=CC=O,-3.63,augment,,,CCOC(=O)C=CC=C1C(N)C1C=CC=O
CCOC(=O)C=CC=CC=C(O)C(=O)C=O,-3.2,augment,,,CCOC(=O)C=CC=CC=C(O)C(=O)C=O
CCOC(=O)C=NN(CCOCCCNCCN)C=O,-0.14,augment,,,CCOC(=O)C=NN(C=O)CCOCCCNCCN
CCOC(=O)C[NH1+1](CCC=CC=1)CC=1NN=CC[C@H1](C)C=O,-3.34,augment,,,CCOC(=O)C[NH+]1CCC=CC=C(NN=CC[C@H](C)C=O)C1
CCOC(=O)N=C(C)C1C=C1,-3.34,augment,,,CCOC(=O)N=C(C)C1C=C1
CCOC(=O)NC(=O)NCCCC(C)CC[C@@H1](C)NC1=CC=CC=C1,-3.52,augment,,,CCOC(=O)NC(=O)NCCCC(C)CC[C@@H](C)Nc1ccccc1
CCOC(=O)NC(C12)NC=CC=CCCCNSC1C(O)C2CC=S,-4.16,augment,,,CCOC(=O)NC1NC=CC=CCCCNSC2C(O)C(CC=S)C12
CCOC(=O)OCC=O,-2.57,augment,,,CCOC(=O)OCC=O
CCOC(=O)ONCCC1C2=NC=C1CC=C2,-3.97,augment,,,CCOC(=O)ONCCC1C2=CN=C1C=CC2
CCOC(C)=CC(NC1[NH1+1]C=O)C=C1,-3.58,augment,,,CCOC(C)=CC1C=CC([NH+]C=O)N1
CCOC(C)=CCCCNC(=O)C=NC(C)CC(C)N1CC1,-3.26,augment,,,CCOC(C)=CCCCNC(=O)C=NC(C)CC(C)N1CC1
CC(OCC)C(=O)NC=CNC=C=C(Cl)NCCSSCCCCCOC=CC(C)O,-2.14,augment,,,CCOC(C)C(=O)NC=CNC=C=C(Cl)NCCSSCCCCCOC=CC(C)O
CCOC(C)C(OCC=CC=C1)C=CC=C1,-4.18,augment,,,CCOC(C)C1C=CC=CC=CC=CCO1
CCOC(C)C=CCNCNC=O,-2.67,augment,,,CCOC(C)C=CCNCNC=O
CCOC(C)C=O,-2.59,augment,,,CCOC(C)C=O
CCOC(C)N1C2=CNC1CC2C(C)CC,-3.06,augment,,,CCOC(C)N1C2=CNC1CC2C(C)CC
CCOC(C)N1CCCC1=CC=CC=N,-3.54,augment,,,CCOC(C)N1CCCC1=CC=CC=N
O=C(C)CC(OCC)=NC=C(C)CC=CC=CC=CC=C1C=C1Cl,-4.3,augment,,,CCOC(CC(C)=O)=NC=C(C)CC=CC=CC=CC=C1C=C1Cl
CCOC(CC)SC=O,-2.71,augment,,,CCOC(CC)SC=O
CCOC(N)NCCC=O,-2.75,augment,,,CCOC(N)NCCC=O
CCOC(C1C=CC=CCN2C=CCC=C2)=C1C=CC(O)C,-4.02,augment,,,CCOC1=C(C=CC(C)O)C1C=CC=CCN1C=CCC=C1
CCOC1=C(C=NCC(=O)C=CC=C1)CC,-3.68,augment,,,CCOC1=C(CC)C=NCC(=O)C=CC=C1
CCOC1=CC=CC1=O,-3.32,augment,,,CCOC1=CC=CC1=O
CCOC1=CCC=C1,-2.95,augment,,,CCOC1=CCC=C1
C12C=NCCCN1CC=CCCC=C2OCC,-3.96,augment,,,CCOC1=CCCC=CCN2CCCN=CC12
CCOC1=CCCCC1C=O,-3.55,augment,,,CCOC1=CCCCC1C=O
CCOC1=NC=C(COC2=O)CCCC3C=C1SS3=NC2,-4.16,augment,,,CCOC1=NC=C2CCCC3C=C1SS3=NCC(=O)OC2
CCOC1=NC=CCN1CSCC=O,-2.72,augment,,,CCOC1=NC=CCN1CSCC=O
CCOC(O1)C#CN(CC(=O)CC=2)C1CCC=C=2,-4.93,augment,,,CCOC1C#CN2CC(=O)CC=C=CCCC2O1
CCOC(C1[NH2+1]CCNC=CC=C(F)SC=CN=CCCC=O)C1,-3.4,augment,,,CCOC1CC1[NH2+]CCNC=CC=C(F)SC=CN=CCCC=O
CCOC1CCCOC=CCCC#CN2C(CCCC2NN3)N3ON1,-4.76,augment,,,CCOC1CCCOC=CCCC#CN2C3CCCC2N(NN3)ON1
CCOC1CCN=CN1C=O,-3.39,augment,,,CCOC1CCN=CN1C=O
CCOC1CNCCOC(=O)NCC1C=CCOC,-3.23,augment,,,CCOC1CNCCOC(=O)NCC1C=CCOC
C1C=CC=CC2=C1NCCOCC(OCC)C(C3C2)N3C,-4.12,augment,,,CCOC1COCCNC2=C(C=CC=CC2)CC2C1N2C
CCOC(C(CC1)CCCOC(C)C2=CC=O)NCC1C=C2CC,-3.71,augment,,,CCOC1NCC2C=C(CC)C(=CC=O)C(C)OCCCC1CC2
CCOC1SN1NNC(C2)NC23CCC=C3CF,-2.59,augment,,,CCOC1SN1NNC1CC2(CCC=C2CF)N1
CCOC=C(C)C=O,-2.74,augment,,,CCOC=C(C)C=O
CCOC=C(C)CSC[NH1+1]C=NC=O,-2.81,augment,,,CCOC=C(C)CSC[NH+]C=NC=O
CCOC=C(C=O)C=CC=C=CCCOC,-3.24,augment,,,CCOC=C(C=O)C=CC=C=CCCOC
CCOC=C(N)C(=O)N=CCCCC1C(C)CCS1,-3.38,augment,,,CCOC=C(N)C(=O)N=CCCCC1SCCC1C
CCOC=C(SCCC(N)CNCNC=O)NO,-0.85,augment,,,CCOC=C(NO)SCCC(N)CNCNC=O
CCOC=C1N2C(=O)CC=CN(O)C(S)COC2C=C1CCCC=CF,-3.23,augment,,,CCOC=C1C(CCCC=CF)=CC2OCC(S)N(O)C=CCC(=O)N12
CCOC=C1C=CC=CC(O)C=CCCC1C2=CC3CCC2CC=C3C,-5.08,augment,,,CCOC=C1C=CC=CC(O)C=CCCC1C1=CC2CCC1CC=C2C
CCOC=C1C=CCC=C1C=O,-3.44,augment,,,CCOC=C1C=CCC=C1C=O
CCOC=C1CC=NC1CCCSNC(C)CCl,-3.03,augment,,,CCOC=C1CC=NC1CCCSNC(C)CCl
CCOC=C1N=CCNC(=O)CCCC(C)[C@@H1](C)CC(C)CNCC1C,-4.19,augment,,,CCOC=C1N=CCNC(=O)CCCC(C)[C@@H](C)CC(C)CNCC1C
CCOC=C=[C@H1]C(O)CCC[NH1]C(C)CC(O)(O)CC,-1.37,augment,,,CCOC=C=CC(O)CCCNC(C)CC(O)(O)CC
CCOC=CC(C)CCCC(CC)NC=O,-2.43,augment,,,CCOC=CC(C)CCCC(CC)NC=O
CCOC=CC(C)CNC(C)=CN=O,-3.69,augment,,,CCOC=CC(C)CNC(C)=CN=O
CCOC=CC1(CCNC(=O)C=O)CCC1C,-3.16,augment,,,CCOC=CC1(CCNC(=O)C=O)CCC1C
CCOC=CC1=CC(N)C1O,-3.23,augment,,,CCOC=CC1=CC(N)C1O
CCOC=CC1=CC=C2CCC1(CC2)CCC(C)C,-4.0,augment,,,CCOC=CC1=CC=C2CCC1(CCC(C)C)CC2
CCOC=CC1=CCCN1CC[NH1+1]CCCCCCC(CONC)=CN=NC,-1.34,augment,,,CCOC=CC1=CCCN1CC[NH+]CCCCCCC(=CN=NC)CONC
CCOC=CC1=CCC[C@@H1]1CCCCC2C[NH1+1](C)CC2CC3CC3,-4.15,augment,,,CCOC=CC1=CCC[C@@H]1CCCCC1C[NH+](C)CC1CC1CC1
CCOC=CC1=CN=CCC=CC(NC)=CC1C=O,-3.35,augment,,,CCOC=CC1=CN=CCC=CC(NC)=CC1C=O
CCOC=CC=C(C=CCCO)C=NC=CSCC1C2=C1C2=O,-4.31,augment,,,CCOC=CC=C(C=CCCO)C=NC=CSCC1c2c1c2=O
CCOC=CC=C(OCCC=CC(C)C=O)S,-2.81,augment,,,CCOC=CC=C(S)OCCC=CC(C)C=O
CCOC=CC=C1C(C)CC=C1COC=C(CCCOO)C=O,-3.53,augment,,,CCOC=CC=C1C(COC=C(C=O)CCCOO)=CCC1C
CCOC=CC=C=C=C(CC=CO)N[C@H1](C1)NCCCC1CCC2=CS2,-4.57,augment,,,CCOC=CC=C=C=C(CC=CO)N[C@@H]1CC(CCC2=CS2)CCCN1
CCOC=CC=CC#CN,-2.59,augment,,,CCOC=CC=CC#CN
CCOC=CC=CC1=C/C=C/C1CSCC=O,-3.59,augment,,,CCOC=CC=CC1=CC=CC1CSCC=O
CCOC=CC=CC1[C@H1](NC)NCCC1C#N,-3.47,augment,,,CCOC=CC=CC1C(C#N)CCN[C@H]1NC
CCOC=CC=CC=C(Br)CCCCSCCC(C)(O)CC=O,-3.24,augment,,,CCOC=CC=CC=C(Br)CCCCSCCC(C)(O)CC=O
CCOC=CC=CC=CNC(=O)C=O,-3.57,augment,,,CCOC=CC=CC=CNC(=O)C=O
CCOC=CC=CCC(C1)N=C1CC=CCS#COOCC,-3.46,augment,,,CCOC=CC=CCC1CC(CC=CCS#COOCC)=N1
CCOC=CC=CCC=CC(C)(C=O)C=NC=O,-3.16,augment,,,CCOC=CC=CCC=CC(C)(C=O)C=NC=O
CCOC=CC=CCCC1=CC=CN=C1C2=CC(CCCC=C[NH1]2)N=O,-4.89,augment,,,CCOC=CC=CCCc1cccnc1C1=CC(N=O)CCCC=CN1
CCOC=CC=NC(C(=O)N=O)(C1=CC=CS)C1,-3.4,augment,,,CCOC=CC=NC1(C(=O)N=O)CC1=CC=CS
CCOC=CC=O,-2.47,augment,,,CCOC=CC=O
CCOC=CCC=C=C=CCNC=NC(CC=1N)=CCCC=1C=O,-3.38,augment,,,CCOC=CCC=C=C=CCNC=NC1=CCCC(C=O)=C(N)C1
CCOC=CCC=CC=CC(C)[C@@H1](C)C=O,-3.15,augment,,,CCOC=CCC=CC=CC(C)[C@@H](C)C=O
CCOC=CCCC#CC1CCC=C1C2=CC(CCCNC=C2)CC#N,-4.42,augment,,,CCOC=CCCC#CC1CCC=C1C1=CC(CC#N)CCCNC=C1
CCOC=CCCC#CNCC(=O)CC=NC=CC(C)=CC#CCC=CC=O,-3.54,augment,,,CCOC=CCCC#CNCC(=O)CC=NC=CC(C)=CC#CCC=CC=O
CCOC=CCCCC(C=CN(C)C=O)C,-2.83,augment,,,CCOC=CCCCC(C)C=CN(C)C=O
CCOC=CCCCC=CN=NONNCCCN=CCONC=O,-1.47,augment,,,CCOC=CCCCC=CN=NONNCCCN=CCONC=O
CCOC=CCCCNCCNNC(C1=O)=CC1,-2.33,augment,,,CCOC=CCCCNCCNNC1=CCC1=O
CCOC=CCOC=C=NOC(C)=CC=CC#CF,-3.18,augment,,,CCOC=CCOC=C=NOC(C)=CC=CC#CF
CCOC=CCSC1=CC(=O)CCCCC=CCC[NH1]C=CC=C1,-4.86,augment,,,CCOC=CCSC1=CC(=O)CCCCC=CCCNC=CC=C1
CCOC=CN(C)CCCNC=CC(=O)C[C@H1](C1NC(O)C=C1)NO,-3.18,augment,,,CCOC=CN(C)CCCNC=CC(=O)C[C@@H](NO)C1C=CC(O)N1
CCOC=CN(C=C(F)C(C)=CC=CC1)C(C)CO1,-3.92,augment,,,CCOC=CN1C=C(F)C(C)=CC=CCOCC1C
CCOC=CN(NC1S=2C(=O)NC=CC=CC=CC=2C13)C3,-4.44,augment,,,CCOC=CN1CC2C3=S(C(=O)NC=CC=CC=C3)C2N1
CCOC=CNN(C1)C(C=O)=CC=NC=CCN(C)C=C1,-3.57,augment,,,CCOC=CNN1CC=CN(C)CC=CN=CC=C1C=O
CCOC=C[C@H1](CC(=O)NC1=O)NSCCCC1SN=NC(C)C,-4.68,augment,,,CCOC=C[C@@H]1CC(=O)NC(=O)C(SN=NC(C)C)CCCSN1
CCOC=CC1=[NH1+1]SC=C1N(C)C=CCBr,-3.25,augment,,,CCOC=Cc1[nH+]scc1N(C)C=CCBr
CCOC=NC1C=CC=C=C1C=C(N)C=CNNCCC(C)CN=C=O,-3.92,augment,,,CCOC=NC1C=CC=C=C1C=C(N)C=CNNCCC(C)CN=C=O
CCOC=NC=C(C=C[NH1]C(C1)CC1ONN2C=CCCC2C(C)C)CC,-4.04,augment,,,CCOC=NC=C(C=CNC1CC(ONN2C=CCCC2C(C)C)C1)CC
CCOC=NC=O,-2.36,augment,,,CCOC=NC=O
CCOC=NCNCCCC=CC1=CCNNC1C2CCCC=C2,-4.35,augment,,,CCOC=NCNCCCC=CC1=CCNNC1C1C=CCCC1
CCOC=NC[NH1+1]([NH1+1])CCC(C)CC=CC=CC=CC(C=O)OCC,-2.42,augment,,,CCOC=NC[NH+]([NH+])CCC(C)CC=CC=CC=CC(C=O)OCC
CCOC=NOC=CC1=CC=C(N)OCCC(C)C2=CC=C1C=C2CC,-4.23,augment,,,CCOC=NOC=CC1=CC=C(N)OCCC(C)c2ccc1cc2CC
CCOC=O,-2.11,augment,,,CCOC=O
CCC(C)=CC=C(COCC)CC=O,-3.22,augment,,,CCOCC(=CC=C(C)CC)CC=O
O=CC=CN=C(COCC)C=O,-3.02,augment,,,CCOCC(C=O)=NC=CC=O
CCOCC1=CC(=O)C=C1C=O,-3.38,augment,,,CCOCC1=CC(=O)C=C1C=O
C/[NH1+1]N(CCC(COCC)C(C)C=C1C)CC2=C1C3=NC3C2,-4.18,augment,,,CCOCC1CCN([NH+]C)CC2=C(C(C)=CC1C)C1=NC1C2
CCOCC1C[C@@H1]1OC[C@@H1](O)CCCC[C@H1](C)CCCC=C2C#C2,-2.44,augment,,,CCOCC1C[C@@H]1OC[C@@H](O)CCCC[C@H](C)CCCC=C1C#C1
CCOCC(O1)C1=O,-3.01,augment,,,CCOCC1OC1=O
CNCC(C=O)COCC(C1(C)CC)C1=CCOCC,-2.0,augment,,,CCOCC=C1C(COCC(C=O)CNC)C1(C)CC
CCOCC=CC=O,-2.74,augment,,,CCOCC=CC=O
CCOCCC(=O)C=CC(C)CC=C1CC1(C)N,-3.23,augment,,,CCOCCC(=O)C=CC(C)CC=C1CC1(C)N
CCOCCC(=O)NC=CCC1NN=CC1CCC=CCC=NC=O,-2.62,augment,,,CCOCCC(=O)NC=CCC1NN=CC1CCC=CCC=NC=O
CCOCCC(=O)NCCC=C(C)C=O,-3.35,augment,,,CCOCCC(=O)NCCC=C(C)C=O
CCOCCC(SCCC(O)C=CC=CC=CN=C[S-1]N)C=CC=CC=CF,-3.61,augment,,,CCOCCC(C=CC=CC=CF)SCCC(O)C=CC=CC=CN=C[S-]N
COC(=O)CC=CN=CC(CCOCC)(Cl)CCS,-1.39,augment,,,CCOCCC(Cl)(C=NC=CCC(=O)OC)CCS
CCOCCC(S)C=O,-2.56,augment,,,CCOCCC(S)C=O
C1C(N)(N2)C(C)CC2(C)CC(C)C=C1CCOCC,-3.39,augment,,,CCOCCC1=CC(C)CC2(C)CC(C)C(N)(C1)N2
CCOCCC=CNC=O,-2.89,augment,,,CCOCCC=CNC=O
C1CC=CCC(OCCCCCC(C=O)CCCOCC)C=C1CC,-3.19,augment,,,CCOCCCC(C=O)CCCCCOC1C=C(CC)CCC=CC1
CCOCCCC=C=CCCCCCC=NCCl,-2.53,augment,,,CCOCCCC=C=CCCCCCC=NCCl
CCOCCCC=CC(=O)CC=CC=CSCCN(C)C1CCCC1=C=NC,-3.5,augment,,,CCOCCCC=CC(=O)CC=CC=CSCCN(C)C1CCCC1=C=NC
CCOCCC[C@H1]=CC=CN=CS(=O)CC=C1C=CC=CC1,-3.81,augment,,,CCOCCCC=CC=CN=CS(=O)CC=C1C=CC=CC1
CCOCCC[C@H1]=CNC=O,-3.09,augment,,,CCOCCCC=CNC=O
CCOCCCCNC(C)C=O,-2.31,augment,,,CCOCCCCNC(C)C=O
CCOCCC[NH1+1]C(=O)C(C)NC=CCSN=O,-2.73,augment,,,CCOCCC[NH+]C(=O)C(C)NC=CCSN=O
CCOCCNC=C1NC(O)CC2CCOC=C2CC=N1,-3.78,augment,,,CCOCCNC=C1N=CCC2=COCCC2CC(O)N1
CCOCCNC=CC(=O)NC=NC(C)CCCCF,-2.43,augment,,,CCOCCNC=CC(=O)NC=NC(C)CCCCF
CCOCCNCCCNCC(=O)C=O,-1.04,augment,,,CCOCCNCCCNCC(=O)C=O
CCOCCNCCCNCCNC=NC=C/C=CC=CC=O,-2.6,augment,,,CCOCCNCCCNCCNC=NC=CC=CC=CC=O
CCOCCNCCNC=CCOC=O,-1.94,augment,,,CCOCCNCCNC=CCOC=O
CCOCCNCC[NH1+1]CCCNCCC=CC(F)NC=CN=NNC=NC,-1.22,augment,,,CCOCCNCC[NH+]CCCNCCC=CC(F)NC=CN=NNC=NC
CCOCCNCNC(=O)CC(=O)COC=CC=O,-2.39,augment,,,CCOCCNCNC(=O)CC(=O)COC=CC=O
CCOCCNN1NC(=O)C2C=CC=C2CCC3C=C31,-3.69,augment,,,CCOCCNN1NC(=O)C2C=CC=C2CCC2C=C21
CCOCCOCCOC(C)SC=CC=CC=C(C)[NH1]C(=O)N=NN=S,-3.3,augment,,,CCOCCOCCOC(C)SC=CC=CC=C(C)NC(=O)N=NN=S
CCOCCOCNCCCSC(C)C1NC(Cl)C1=O,-0.68,augment,,,CCOCCOCNCCCSC(C)C1NC(Cl)C1=O
CCOCC[NH2+1]CCC(CC(C)C=CCF)C(F)CC,-2.48,augment,,,CCOCC[NH2+]CCC(CC(C)C=CCF)C(F)CC
CCOCOC(C)CC(N)CCNC=CC=CN=CC=CC=O,-2.58,augment,,,CCOCOC(C)CC(N)CCNC=CC=CN=CC=CC=O
COC=CC=C(C=CC=C=NCCCC=CC(=O)C=CC=O)COCOCC,-3.67,augment,,,CCOCOCC(C=CC=C=NCCCC=CC(=O)C=CC=O)=CC=COC
CCOCOCC=CCCNC(=C1)N1C#CF,-2.62,augment,,,CCOCOCC=CCCNC1=CN1C#CF
CCOCOCOC=O,-1.91,augment,,,CCOCOCOC=O
CCOCPC=C(C)C=O,-3.06,augment,,,CCOCPC=C(C)C=O
O=C(OC[NH1+1]NC=NC=CC=CNF)NOCC,-2.91,augment,,,CCONC(=O)OC[NH+]NC=NC=CC=CNF
CCONCCNC=CC=CC(=O)N1CCOC1C,-3.99,augment,,,CCONCCNC=CC=CC(=O)N1CCOC1C
O=C(NSOCC)C=O,-2.87,augment,,,CCOSNC(=O)C=O
CCO[C@@H1](C)C=O,-2.59,augment,,,CCO[C@@H](C)C=O
CCO[C@@H1](CC)CCCC1N=C(O)C(F)CCOC1Cl,-3.63,augment,,,CCO[C@@H](CC)CCCC1N=C(O)C(F)CCOC1Cl
CCOc1ccc(NS(=O)(=O)c2ccc(C(=O)NCC3CCCO3)cc2)cc1,-4.59,anchor,analog,BI-4924,CCOc1ccc(NS(=O)(=O)c2ccc(C(=O)NCC3CCCO3)cc2)cc1
CCOc1ccc(S(=O)(=O)Nc2ccc(C(=O)NCC3CCCO3)cc2)cc1,-4.81,anchor,analog,BI-4924,CCOc1ccc(S(=O)(=O)Nc2ccc(C(=O)NCC3CCCO3)cc2)cc1
CCOC1=CC=CC=C1C=O,-3.39,augment,,,CCOc1ccccc1C=O
C1CC=CC=CP1CCNCNC(O2)=[C@H1]C2PCC,-3.56,augment,,,CCPC1C=C(NCNCCP2C=CC=CCC2)O1
C[C@@H1](C)NCC=NC=COC(F)S(=O)CC,-3.08,augment,,,CCS(=O)C(F)OC=CN=CCNC(C)C
CCSC(CCCC(=O)CC)OC=C/C=CC=CC=CSSC,-2.8,augment,,,CCSC(CCCC(=O)CC)OC=CC=CC=CC=CSSC
CCSC(N/C(=O)CCC=CC=CCC1OC=O)(C)C1Cl,-4.12,augment,,,CCSC1(C)NC(=O)CCC=CC=CCC(OC=O)C1Cl
CCSC12C=NNC=C1CC(=O)CC=CCCCC=C2,-4.74,augment,,,CCSC12C=CCCCC=CCC(=O)CC1=CNN=C2
CCSC=CC(NC=CC=N/C=C(COC1C)NCO)C1C=O,-4.33,augment,,,CCSC=CC1NC=CC=NC=C(NCO)COC(C)C1C=O
COC(C)CCCC(C=O)C=CC=CC=CSCC,-3.16,augment,,,CCSC=CC=CC=CC(C=O)CCCC(C)OC
O=C(N=CSCC)N(C)SN=CO,-3.37,augment,,,CCSC=NC(=O)N(C)SN=CO
CC(C=C(CSCC)NC[NH1+1])(O)NC1NC2=CCOCCC2C1,-3.74,augment,,,CCSCC(=CC(C)(O)NC1CC2CCOCC=C2N1)NC[NH+]
CCSCC(CN(C)CC1=CC=CC(C)=C1)=O,-3.18,augment,,,CCSCC(=O)CN(C)Cc1cccc(C)c1
O=CCPC=1NCC=CC=1CSCC,-2.98,augment,,,CCSCC1=C(PCC=O)NCC=C1
CCSCC=C(CCC=CC[NH1]C(O)C=C1N=CC2=NC1C)CC2=O,-3.99,augment,,,CCSCC=C1CCC=CCNC(O)C=C2N=CC(=NC2C)C(=O)C1
CCSCC=C=O,-3.07,augment,,,CCSCC=C=O
CCSCC=NCCSCC=O,-2.46,augment,,,CCSCC=NCCSCC=O
CCSCCC1=NN1CCOC(=O)NC(C[NH1+1]CCCC=O)C,-1.0,augment,,,CCSCCC1=NN1CCOC(=O)NC(C)C[NH+]CCCC=O
CCSCCCN(CCSC)NC=C(C)NNCC=NN=O,-3.09,augment,,,CCSCCCN(CCSC)NC=C(C)NNCC=NN=O
CCSCCCNN=C=O,-2.99,augment,,,CCSCCCNN=C=O
COC=NN(CCSCC)C(=O)NCCC[C@H1](C)C=O,-3.02,augment,,,CCSCCN(N=COC)C(=O)NCCC[C@H](C)C=O
CCS[NH1]C(CS)NCC[C@H1](C)CC=O,-1.63,augment,,,CCSNC(CS)NCC[C@H](C)CC=O
CC[S@]NC=CC1SCC2C=C1CC=CC=CC=CC=C=C2N=N,-5.79,augment,,,CCSNC=CC1SCC2C=C1CC=CC=CC=CC=C=C2N=N
C1C=CC=C(NC=CCNSCC)SNN2CCC#CC=C2C=N1,-4.53,augment,,,CCSNCC=CNC1=CC=CCN=CC2=CC#CCCN2NS1
CC[C@@H1](C)C=CNC=O,-3.39,augment,,,CC[C@@H](C)C=CNC=O
CC[C@@H1](C)CC(C)NC=O,-3.15,augment,,,CC[C@@H](C)CC(C)NC=O
CC[C@@H1](C)CC=CC=CNC(C)(NC1CCS)CC1C=O,-3.34,augment,,,CC[C@@H](C)CC=CC=CNC1(C)CC(C=O)C(CCS)N1
CC[C@@H1](C)CCC(NC(N)C=CC=O)=C(C)C,-3.38,augment,,,CC[C@@H](C)CCC(NC(N)C=CC=O)=C(C)C
CC[C@@H1](C)NC=NC(C)NC(O)C=C1C[C@H1](C)C1C=C=C2C=N2,-4.22,augment,,,CC[C@@H](C)NC=NC(C)NC(O)C=C1C[C@H](C)C1C=C=C1C=N1
CC[C@@H1](C)OC=O,-2.59,augment,,,CC[C@@H](C)OC=O
CC[C@@H1](C=NN)CCC(C)C1=CC1NC(=O)N(C)C(C)OC=C=N,-2.93,augment,,,CC[C@@H](C=NN)CCC(C)C1=CC1NC(=O)N(C)C(C)OC=C=N
CC[C@@H1](N)C(=O)CCC(C)C1=CCCN2C=C21,-3.69,augment,,,CC[C@@H](N)C(=O)CCC(C)C1=CCCN2C=C12
CC[C@@H1](O)N=CCCC=CC(C)CCCN=CC(OC=O)C=O,-1.67,augment,,,CC[C@@H](O)N=CCCC=CC(C)CCCN=CC(C=O)OC=O
CC[C@@H1]1CCC2CCCC=C1NCCCO2,-3.93,augment,,,CC[C@@H]1CCC2CCCC=C1NCCCO2
CC[C@@H1]1CCCC=C1CCNCCCCNNCNN(C)CC=O,-1.21,augment,,,CC[C@@H]1CCCC=C1CCNCCCCNNCNN(C)CC=O
CC[C@@H1]1CNC1(C=O)N(C)C,-3.04,augment,,,CC[C@@H]1CNC1(C=O)N(C)C
C[C@H1](COCCCS[C@H1]1CC)NCC=CC=CC=C1Br,-4.42,augment,,,CC[C@@H]1SCCCOC[C@@H](C)NCC=CC=CC=C1Br
CC[C@H1](C)C1CNC(C)(C(C)O)C2=CC=C(Cl)C=C2CC1,-3.85,augment,,,CC[C@H](C)C1CCc2cc(Cl)ccc2C(C)(C(C)O)NC1
C[C@@H1](CC)NC1ON2C(C=N)C=CC(=O)NC=CC=CCC2C1,-4.56,augment,,,CC[C@H](C)NC1CC2CC=CC=CNC(=O)C=CC(C=N)N2O1
CC1=CN=C(O)C1CCC=C[C@@H1](CC)CC=O,-3.43,augment,,,CC[C@H](C=CCCC1C(C)=CN=C1O)CC=O
CC[C@@H1](NC)CCF,-2.23,augment,,,CC[C@H](CCF)NC
CC[C@H1](O)C[NH3+1],-2.29,augment,,,CC[C@H](O)C[NH3+]
C1[NH1+1]CC[C@@H1](CC)C=CSC(C)CCC=CC=C1C=CC=C(C)C,-5.7,augment,,,CC[C@H]1C=CSC(C)CCC=CC=C(C=CC=C(C)C)C[NH+]CC1
CC[C@@H1](CCC(=O)NCCN(C)CCC=C1C2=N)C2O1,-4.27,augment,,,CC[C@H]1CCC(=O)NCCN(C)CCC=C2OC1C2=N
CC[C@H1](C1)COC=CN1CCOCC=C2SC=CC=C2C=CC=C[O-1],-4.31,augment,,,CC[C@H]1COC=CN(CCOCC=C2SC=CC=C2C=CC=C[O-])C1
CC[NH1+1](OC)CC=O,-2.89,augment,,,CC[NH+](CC=O)OC
CC[NH1+1](OC)CCC[O-1],-2.7,augment,,,CC[NH+](CCC[O-])OC
CC[NH1+1]C(=O)NC=C=CCCCC=O,-4.1,augment,,,CC[NH+]C(=O)NC=C=CCCCC=O
CC[NH1+1]C=NCC[C@H1](O)C=O,-2.62,augment,,,CC[NH+]C=NCC[C@H](O)C=O
CC[NH1+1]C=O,-2.39,augment,,,CC[NH+]C=O
CC(C[C@@H1](CC1CC=NN1)SC=CC2=CN2)(C)C[NH1+1]CC,-3.03,augment,,,CC[NH+]CC(C)(C)C[C@@H](CC1CC=NN1)SC=CC1=CN1
CC[NH1+1]CC(C)C=O,-2.6,augment,,,CC[NH+]CC(C)C=O
CC[NH1+1]CC(S)C=O,-2.4,augment,,,CC[NH+]CC(S)C=O
CC[NH1+1]CC1(NCC=C1CCC2C=O)C=CC2(C)CC,-3.38,augment,,,CC[NH+]CC12C=CC(C)(CC)C(C=O)CCC1=CCN2
CC[NH1+1]CCNCCOC(C)NC=O,-0.83,augment,,,CC[NH+]CCNCCOC(C)NC=O
CC[NH1+1]COC(O)OC=O,-1.65,augment,,,CC[NH+]COC(O)OC=O
CC[NH1+1]NCNC(C)=CC=O,-3.22,augment,,,CC[NH+]NCNC(C)=CC=O
CC[NH1+1]SC[NH3+1],-2.42,augment,,,CC[NH+]SC[NH3+]
CC[NH2+1]C(COC=O)NC(C)(CCC=CC=CC1)C=C1C,-3.27,augment,,,CC[NH2+]C(COC=O)NC1(C)C=C(C)CC=CC=CCC1
CC[NH2+1]CC1=C(C)CC=C1CCCCCN,-4.05,augment,,,CC[NH2+]CC1=C(C)CC=C1CCCCCN
CC[NH2+1]CN(C(C)=C1C=C1CC)OCC,-2.92,augment,,,CC[NH2+]CN(OCC)C(C)=C1C=C1CC
CC[NH2+1]C[C@@H1](C)C=O,-2.86,augment,,,CC[NH2+]C[C@@H](C)C=O
CC[NH2+1][NH2+1]C([NH2+1])C(C)=CC=C(C(=O)CCCCOC=O)C,-1.29,augment,,,CC[NH2+][NH2+]C([NH2+])C(C)=CC=C(C)C(=O)CCCCOC=O
CN(C)C=CC=CC=CCC(=O)C=NC=CCCCF,-2.97,augment,,,CN(C)C=CC=CC=CCC(=O)C=NC=CCCCF
CN(C)C=CC=NN=CC=COCNC=C1CCCO1,-3.31,augment,,,CN(C)C=CC=NN=CC=COCNC=C1CCCO1
CN(C)CCC(O)CC=O,-2.55,augment,,,CN(C)CCC(O)CC=O
CN(COC=CC=CC=CC=O)C,-3.31,augment,,,CN(C)COC=CC=CC=CC=O
CN(C)SCC=NN(O)C=CC(Cl)C=N,-2.78,augment,,,CN(C)SCC=NN(O)C=CC(Cl)C=N
CN(C)C1=CC=CN=C1C=C[O-1],-3.42,augment,,,CN(C)c1cccnc1C=C[O-]
C1CC=C=C1N(C)C2SC=C2O,-4.24,augment,,,CN(C1=C=CCC1)C1SC=C1O
O=C([O-1])C=CCN(C)C=C1NC2=CC=CCC3C2C=C1C=C3,-4.65,augment,,,CN(C=C1NC2=CC=CCC3C=CC1=CC23)CC=CC(=O)[O-]
C[NH1+1](CCN1C(C2)NN(C)C=CCl)NC1CC=N2,-4.2,augment,,,CN(C=CCl)NC1CN=CCC2N[NH+](C)CCN12
O=C([O-1])NC(=S)NC=C1CC1NC=CCCN(C)C=CSSN,-2.76,augment,,,CN(C=CSSN)CCC=CNC1CC1=CNC(=S)NC(=O)[O-]
C1COCCC1C=CC=C(NC=O)N(C)CC2=C=N2,-3.98,augment,,,CN(CC1=C=N1)C(=CC=CC1CCOCC1)NC=O
C1OC=CC1N(C)CC2NC=CN=CC=CC=CN(C)N2C,-4.07,augment,,,CN(CC1NC=CN=CC=CC=CN(C)N1C)C1C=COC1
OOC=CC=CC(C=NC(=O)C1C=NC=C1ON(C)CF)F,-4.0,augment,,,CN(CF)OC1=CN=CC1C(=O)N=CC(F)C=CC=COO
CN(N)C(=O)C=O,-2.79,augment,,,CN(N)C(=O)C=O
C1C=CC=C1CC=NN(C)C2=CC=CC=N2,-3.68,augment,,,CN(N=CCC1=CC=CC1)c1ccccn1
CN(OCCC=CCC=CC=CC1=CC=C=C1)C(=O)N=CC=CN2CCCCC=C2,-4.49,augment,,,CN(OCCC=CCC=CC=CC1=CC=C=C1)C(=O)N=CC=CN1C=CCCCC1
C1#CC=CCCCCCC=NC(CCl)C(O)CN1C,-3.88,augment,,,CN1C#CC=CCCCCCC=NC(CCl)C(O)C1
C1OC=CC#CN1C,-2.78,augment,,,CN1C#CC=COC1
C1CC2CC1NCC(N)C3C4N(C)N3C=CC=CCC=C2OCCCCC=C4,-4.86,augment,,,CN1C2C=CCCCCOC3=CCC=CC=CN1C2C(N)CNC1CCC3C1
CN1C=C1CSCC(=O)CCC[C@@H1]([NH1+1])CC[NH1+1]=O,-2.31,augment,,,CN1C=C1CSCC(=O)CCC[C@@H]([NH+])CC[NH+]=O
N1C=CC(F)C=C(SCCNCC=CC2=C[NH1]C1ON)C=CN2C,-5.57,augment,,,CN1C=CC2=CC(F)C=CNC(ON)NC=C1C=CCNCCS2
C12CN1CN(C)CC2CNC=CCN,-3.22,augment,,,CN1CC(CNC=CCN)C2CN2C1
C1C=CC2(C)C3=C1CC=NN(C)CC(O)C=C3CCCCC=C2,-4.96,augment,,,CN1CC(O)C=C2CCCCC=CC3(C)C=CCC(=C23)CC=N1
C1CN1C,-2.06,augment,,,CN1CC1
C1CCC=CNC(=O)C(=O)N(C)CC=CC2=CNN21,-4.17,augment,,,CN1CC=Cc2c[nH]n2CCCC=CNC(=O)C1=O
C1C=NN1C,-2.32,augment,,,CN1CC=N1
OC=CC=CC1=NN(C)CCC2C=C2CC=NC=C1C3=CC3,-4.56,augment,,,CN1CCC2C=C2CC=NC=C(C2=CC2)C(C=CC=CO)=N1
C1=C2CCC1(C=CCCN(C)C3=O)[C@@H1]=C23,-4.38,augment,,,CN1CCC=CC23C=C(CC2)C(=C3)C1=O
C1CCN(C)C12NCC=C2,-3.4,augment,,,CN1CCCC12C=CCN2
C1CC(C)(C)CCCCN(C)OC(N)N(C#N)S1,-3.74,augment,,,CN1CCCCC(C)(C)CCSN(C#N)C(N)O1
C1N(C)CN1C=O,-2.82,augment,,,CN1CN(C=O)C1
O=CC=CCC(N=CCC1C=C2C3=C2CN)(S)NN(C)C13,-4.44,augment,,,CN1NC(S)(CC=CC=O)N=CCC2C=C3C(CN)=C3C21
NC=C1C=C2C=C1NN2C,-3.58,augment,,,CN1NC2=CC1=CC2=CN
C1OC2CCNCCCN1C=CNCC3CNN(C)C3CC4C=C4C=C2,-4.7,augment,,,CN1NCC2CNC=CN3CCCNCCC(C=CC4=CC4CC21)OC3
C1#CON(C)C1CC(=C2)N2,-3.97,augment,,,CN1OC#CC1CC1=CN1
CNC(C(=O)CC=CC=O)NC=CC=CC=C=NC,-3.29,augment,,,CN=C=CC=CC=CNC(NC)C(=O)CC=CC=O
C[C@H1](C)CNN(C)C=CC1CCCC=C1C=NC,-3.88,augment,,,CN=CC1=CCCCC1C=CN(C)NCC(C)C
COC1=CC=C(C#N)[C@H1](CC=CC=NC)C1C[NH1],-2.97,augment,,,CN=CC=CC[C@H]1C(C#N)=CC=C(OC)C1C[NH]
C1=CC1CC=NC,-2.84,augment,,,CN=CCC1C=C1
C1C=CCCCN=C2C(O)C12CNC=CC=CCCC=NC,-3.94,augment,,,CN=CCCC=CC=CNCC12CC=CCCCN=C1C2O
CC(=O)CCN=C1C=CNC1CCCCCCC=NC,-2.9,augment,,,CN=CCCCCCCC1NC=CC1=NCCC(C)=O
O=C(C)NC(C(=O)NCCCC=NC)=CC=CF,-2.58,augment,,,CN=CCCCNC(=O)C(=CC=CF)NC(C)=O
N1C=CSCOSCN1CC=NC,-3.9,augment,,,CN=CCN1CSOCSC=CN1
C1CNCC1(COC=C2)CCCC2COC=NC=NC,-3.2,augment,,,CN=CN=COCC1C=COCC2(CCC1)CCNC2
C1CCC1C=CCCN=CC(=O)C=CC#CC=CC=CSN=NC=NC,-4.45,augment,,,CN=CN=NSC=CC=CC#CC=CC(=O)C=NCCC=CC1CCC1
CN=CNC(CCC=O)C(C=CC=CC1NC(C)C1)C,-4.14,augment,,,CN=CNC(CCC=O)C(C)C=CC=CC1CC(C)N1
CC1=CC=CC=C1C=NC,-3.44,augment,,,CN=Cc1ccccc1C
C1C(C)(O)C=CC=C1N=NC,-3.8,augment,,,CN=NC1=CC=CC(C)(O)C1
OC(N)N(CNC=CC=CC=CN(C)C=NO)C=CC(C)C(ON)=CN=NC,-3.57,augment,,,CN=NC=C(ON)C(C)C=CN(CNC=CC=CC=CN(C)C=NO)C(N)O
O=C(COC=CC1=CC(Cl)C1C2)CC=CN2CN=NC,-3.89,augment,,,CN=NCN1C=CCC(=O)COC=CC2=CC(Cl)C2C1
CNC#COC(=O)CC(CCCO)C=NC(C)=CC=CC(=O)NN,-3.38,augment,,,CNC#COC(=O)CC(C=NC(C)=CC=CC(=O)NN)CCCO
CN(C)SC(CCC1CC2C(NC)=CCO)C(C=CC=CN=C2)C=N1,-4.08,augment,,,CNC(=CCO)C1C=NC=CC=CC2C=NC(CCC2SN(C)C)C1
CNC(=O)C=C=O,-3.35,augment,,,CNC(=O)C=C=O
CNC(=O)C=NN(C=O)C=CC=COC=CNC(O1)C1CCC2CC2,-3.72,augment,,,CNC(=O)C=NN(C=O)C=CC=COC=CNC1OC1CCC1CC1
CNC(=O)C=O,-2.68,augment,,,CNC(=O)C=O
CNC(CCC(=O)C1C[NH1+1]C(N2)=C1C2=O)=O,-4.32,augment,,,CNC(=O)CCC(=O)C1C[NH+]C2=C1C(=O)N2
CNC(=O)CCC=CC=CC(C)C=CC=O,-3.9,augment,,,CNC(=O)CCC=CC=CC(C)C=CC=O
CNC(=O)CCCC(N)C1CCC=CC=C1C,-3.63,augment,,,CNC(=O)CCCC(N)C1CCC=CC=C1C
CNC(=O)CCCC=C=C1C=C(O)CC1C,-4.13,augment,,,CNC(=O)CCCC=C=C1C=C(O)CC1C
CNC(=O)N(C)C=CC=CCC=CC=C(NC)C=O,-4.03,augment,,,CNC(=O)N(C)C=CC=CCC=CC=C(C=O)NC
CNC(NCCCCNNC=C(O)C=O)=O,-3.34,augment,,,CNC(=O)NCCCCNNC=C(O)C=O
CNC(=O)[NH2+1]CC=O,-3.33,augment,,,CNC(=O)[NH2+]CC=O
CNC(=S)Nc1ccc(S(=O)(=O)Nc2ccc(Cl)cc2)cc1,-4.75,anchor,analog,NCT-503,CNC(=S)Nc1ccc(S(=O)(=O)Nc2ccc(Cl)cc2)cc1
CNC(C)C1C=CN(C1(C)O)C=C(C2)N2,-3.77,augment,,,CNC(C)C1C=CN(C=C2CN2)C1(C)O
CNC(C)CCC(CCNNN)(C)C=CC=O,-2.86,augment,,,CNC(C)CCC(C)(C=CC=O)CCNNN
CNC(C)CCC=CC=CC=CC=CS(C)=CC=O,-3.84,augment,,,CNC(C)CCC=CC=CC=CC=CS(C)=CC=O
CNC(C)CNC(=O)NC(=O)CC[C@@H1](C=CC1=CC1)C=CC=CCOCF,-3.88,augment,,,CNC(C)CNC(=O)NC(=O)CC[C@H](C=CC=CCOCF)C=CC1=CC1
C1C=CC=C(C)[C@H1]1CC(O)C(NC)C2=CCCCCO2,-3.85,augment,,,CNC(C1=CCCCCO1)C(O)C[C@H]1CC=CC=C1C
CNC(CCCCC(C)C=CC1=CC=CC=CC1C)CC2=CC=CC=C2N,-4.2,augment,,,CNC(CCCCC(C)C=CC1=CC=CC=CC1C)Cc1ccccc1N
CNC(O)CNC(=O)C=O,-3.17,augment,,,CNC(O)CNC(=O)C=O
C1SCCC(CCC=C(N)C12NC)CC2=O,-3.73,augment,,,CNC12CSCCC(CCC=C1N)CC2=O
C12=CCC=CC=C1C=C(NC)CC=CN2C#N,-4.52,augment,,,CNC1=CC2=CC=CCC=C2N(C#N)C=CC1
CC(C)CC[NH1+1](CCCC1NC)CC2C1S2,-3.66,augment,,,CNC1CCC[NH+](CCC(C)C)CC2SC12
CNC(CSCC=CC1=CCC(C)C)C1CF,-3.95,augment,,,CNC1CSCC=CC(=CCC(C)C)C1CF
CNC=C1CC1(NCCC(C2)CC=CC2C)C,-4.52,augment,,,CNC=C1CC1(C)NCCC1CC=CC(C)C1
CNC=C(CCC=C(O)CCC=CC=N1)N=C1,-4.04,augment,,,CNC=C1CCC=C(O)CCC=CC=NC=N1
CNC=CC(C)NC=O,-2.96,augment,,,CNC=CC(C)NC=O
C[NH2+1]CCC=CC(C=CNC)F,-2.71,augment,,,CNC=CC(F)C=CCC[NH2+]C
CNC=CC(N(O1)N2CCCC=[C@H1]NC(C)C1=CC3=C2)C3=O,-4.52,augment,,,CNC=CC1C(=O)c2cc3on1n(c2)CCCC=CNC3C
CNC=CC(C1=CCC(=O)CC=CN)CC1O,-4.56,augment,,,CNC=CC1CC(O)C1=CCC(=O)CC=CN
CNC=CC=CC(C)=CC=CCCC1C(C)C=NN1,-3.92,augment,,,CNC=CC=CC(C)=CC=CCCC1NN=CC1C
CNC=CC=CC(COC(C)C(=O)[O-1])C=CN,-2.96,augment,,,CNC=CC=CC(C=CN)COC(C)C(=O)[O-]
CNC=CC=CCC=CC=CC(C)C#CCC1=CC=CCC1,-4.17,augment,,,CNC=CC=CCC=CC=CC(C)C#CCC1=CC=CCC1
CNC=CC=O,-2.48,augment,,,CNC=CC=O
CNC=CCC(SC1C)C(F)[C@@H1](CCCC=C(C)C)CC1,-4.25,augment,,,CNC=CCC1SC(C)CC[C@H](CCCC=C(C)C)C1F
CNC=CCC=CN=CNC(C=O)C1CC=CC=C1C=O,-3.81,augment,,,CNC=CCC=CN=CNC(C=O)C1CC=CC=C1C=O
CNC=CCOC=CC1CNCSC=CCNC=C2C=C12,-4.41,augment,,,CNC=CCOC=CC1CNCSC=CCNC=C2C=C21
CNC=CCOC=CCCONCCNC=NC=CC=CC=[NH1+1]Br,-2.4,augment,,,CNC=CCOC=CCCONCCNC=NC=CC=CC=[NH+]Br
CNC=CN(O[NH2+1])CCC=O,-2.79,augment,,,CNC=CN(CCC=O)O[NH2+]
C1C=CC(C)C1NSCN(C=CNC)CC2=CCCNCCCC=C2,-5.05,augment,,,CNC=CN(CSNC1CC=CC1C)CC1=CCCNCCCC=C1
C[C@H1]1CCCC=C1C2CCC=C2OC=NC=CNC,-4.17,augment,,,CNC=CN=COC1=CCCC1C1=CCCC[C@@H]1C
CNC=CN=CPSC=CNC=CC=CC=C(CC=O)CC=CC=N,-3.54,augment,,,CNC=CN=CPSC=CNC=CC=CC=C(CC=O)CC=CC=N
CNC=[C@@H1]N=NC=O,-3.22,augment,,,CNC=CN=NC=O
CNC=CSCCNC=O,-2.63,augment,,,CNC=CSCCNC=O
CNC=CC=1C(C)=CSC=1C=O,-3.6,augment,,,CNC=Cc1c(C)csc1C=O
CC(C)CCCCNCCC=CCC=C(CNC)O,-3.26,augment,,,CNCC(O)=CCC=CCCNCCCCC(C)C
CNCC1CC1(N[NH2+1]CCCC=CCl)C,-3.31,augment,,,CNCC1CC1(C)N[NH2+]CCCC=CCl
C1[NH1+1](C)C(=O)NC(CNC)C(C)(C)NC1,-3.92,augment,,,CNCC1NC(=O)[NH+](C)CCNC1(C)C
CNCC=CCCC(=O)CC(=O)CCCOCCCC(F)C,-2.24,augment,,,CNCC=CCCC(=O)CC(=O)CCCOCCCC(C)F
C=1OC=CC=C(CC=CC(CCNC)=O)N=1,-3.68,augment,,,CNCCC(=O)C=CCC1=CC=COC=N1
CNCCC(C)=CC(N)CC=CC(=O)C=O,-3.4,augment,,,CNCCC(C)=CC(N)CC=CC(=O)C=O
CC(CCNC)=O,-2.88,augment,,,CNCCC(C)=O
CNCCC(C1)C=C1OC2NC=CC2CCC3=NN(O[NH1+1])C4CCCC4CCC=C3,-3.27,augment,,,CNCCC1C=C(OC2NC=CC2CCC2=NN(O[NH+])C3CCCC3CCC=C2)C1
C[NH1+1]CCN=C(C=NNC(=O)C=CC=CCCNC)CC=CCC=CC=CN=CCCCF,-3.16,augment,,,CNCCC=CC=CC(=O)NN=CC(CC=CCC=CC=CN=CCCCF)=NCC[NH+]C
C1C2OC=C1C=C2C=CCC=CCCNC,-3.71,augment,,,CNCCC=CCC=CC1=CC2=COC1C2
CNCCC=CNCCNC=O,-2.94,augment,,,CNCCC=CNCCNC=O
O=C(N)NC(CCCNC)=CC=O,-3.42,augment,,,CNCCCC(=CC=O)NC(N)=O
COC=CSCCN(C1CCC=C1CCCNC)CC2CC=C[NH1]2,-2.39,augment,,,CNCCCC1=CCCC1N(CCSC=COC)CC1CC=CN1
C1C(C)CN1CC[NH1]C,-2.94,augment,,,CNCCN1CC(C)C1
CNCCNCCCC(C)CCCCCC1CCSCC1C=O,-1.87,augment,,,CNCCNCCCC(C)CCCCCC1CCSCC1C=O
C[C@@H1](CCNC)CCC12CC=CN1C3CCC4=C3CC24,-4.2,augment,,,CNCC[C@H](C)CCC12CC=CN1C1CCC3=C1CC32
CNCN(N1CCCC1)OCC=2[C@@H1](C)CCC=2C=O,-2.77,augment,,,CNCN(OCC1=C(C=O)CC[C@@H]1C)N1CCCC1
C1[C@H1](OC=C1CNC=CC(N)CCN=NCNC)CC=CCC2=CC2,-3.22,augment,,,CNCN=NCCC(N)C=CNCC1=CO[C@H](CC=CCC2=CC2)C1
C1C=NC=C(C(C)NCNC)N(CC=CC=CC=CC=C1)C,-4.75,augment,,,CNCNC(C)C1=CN=CCC=CC=CC=CC=CCN1C
CNCNC(C)CC=O,-2.82,augment,,,CNCNC(C)CC=O
CNCNC=O,-2.3,augment,,,CNCNC=O
CNCOCCCC=CC(CCC1CCNC=N1)SC=O,-3.55,augment,,,CNCOCCCC=CC(CCC1CCNC=N1)SC=O
CNCOCCSC[NH1+1](C)C=O,-0.92,augment,,,CNCOCCSC[NH+](C)C=O
CNCS#CCC=NC=CC1=CSCCC=C1C=CC2=CC2,-4.34,augment,,,CNCS#CCC=NC=CC1=CSCCC=C1C=CC1=CC1
C1=C(CN(NC)C(C)C2=CC2)OCCC=CC=CC=C1,-4.7,augment,,,CNN(CC1=CC=CC=CC=CCCO1)C(C)C1=CC1
CC1(C(C)C2=CC2)CCCN(NC)N=C1C=CC3=C[NH1]3,-4.5,augment,,,CNN1CCCC(C)(C(C)C2=CC2)C(C=CC2=CN2)=N1
C1CCC=C(CNCC=CC=NN2NC)SC=CC=CC=C(C)C=CC21,-5.05,augment,,,CNN1N=CC=CCNCC2=CCCCC1C=CC(C)=CC=CC=CS2
CN(C)SC=NNC,-2.85,augment,,,CNN=CSN(C)C
C1CC2CNC(C(=O)C1NNC)=CCCCC=CC=CC=N2,-4.81,augment,,,CNNC1CCC2CNC(=CCCCC=CC=CC=N2)C1=O
CNSNC#N,-2.87,augment,,,CNSNC#N
CN[C@@H1](C)C(C)C=CCCCCF,-2.48,augment,,,CN[C@@H](C)C(C)C=CCCCCF
C1OC=CC=C(CCCC=C[C@@H1](C)NC)CCC1,-3.9,augment,,,CN[C@H](C)C=CCCCC1=CC=COCCCC1
COC=CC=C[C@H1](NC)C=O,-2.48,augment,,,CN[C@H](C=O)C=CC=COC
O=C(CCCC=C[N+1](=O)NC)F,-3.55,augment,,,CN[N+](=O)C=CCCCC(=O)F
C[C@@H1](CCS(=O)CCNC=CN=C1C=NOC[NH1+1]NC)C=C1ONCCC[NH1+1]C2C#C2,-2.83,augment,,,CN[NH+]CON=CC1=NC=CNCCS(=O)CC[C@H](C)C=C1ONCCC[NH+]C1C#C1
CNC1=CC=C/C=C1C=CC(C=CC=CC(N)C)C2CN=C2,-4.59,augment,,,CNc1ccccc1C=CC(C=CC=CC(C)N)C1C=NC1
COC#CC#CNC=CNC(C)(C)N=O,-3.19,augment,,,COC#CC#CNC=CNC(C)(C)N=O
COC(=O)C(C)NCCCNC(N)[C@@H1](C)CC1CC=CC=N1,-1.79,augment,,,COC(=O)C(C)NCCCNC(N)[C@@H](C)CC1CC=CC=N1
COC(=O)C=CC=CCC[C@@H1](C)C(CC=CN1)=N1,-4.07,augment,,,COC(=O)C=CC=CCC[C@@H](C)C1=NNC=CC1
COC(=O)C=O,-2.5,augment,,,COC(=O)C=O
COC(=O)CC(=O)CCC=CC=CC=C=O,-4.0,augment,,,COC(=O)CC(=O)CCC=CC=CC=C=O
COC(=O)CC=CC=CN(O)C=O,-3.64,augment,,,COC(=O)CC=CC=CN(O)C=O
COC(=O)CC=O,-2.88,augment,,,COC(=O)CC=O
COC(=O)CCNNCCCC(C)OC=O,-0.98,augment,,,COC(=O)CCNNCCCC(C)OC=O
COC(=O)CNC(C)ON=CCOCCCC1OC=CC1C,-1.7,augment,,,COC(=O)CNC(C)ON=CCOCCCC1OC=CC1C
COC(=O)CNC=CCS(=O)NC=NN(C=CCCSN(O)N)C1OC=CC=C1,-2.52,augment,,,COC(=O)CNC=CCS(=O)NC=NN(C=CCCSN(N)O)C1C=CC=CO1
COC(=O)CNCNCSCC(=O)C=CC=CC=NN=O,-3.72,augment,,,COC(=O)CNCNCSCC(=O)C=CC=CC=NN=O
COC(=O)CSNC=C1C=C1N=C=O,-3.32,augment,,,COC(=O)CSNC=C1C=C1N=C=O
COC(=O)C[C@@H1](C)C=CSC(C)C1=C[NH1]1,-3.08,augment,,,COC(=O)C[C@@H](C)C=CSC(C)C1=CN1
COC(=O)N=CCCCNC(=O)CCCCCC=CC=CC=C1C=CC=C1CF,-2.53,augment,,,COC(=O)N=CCCCNC(=O)CCCCCC=CC=CC=C1C=CC=C1CF
COC(=O)NC(C)C=O,-2.77,augment,,,COC(=O)NC(C)C=O
COC(=O)NCOCCC=CC=O,-3.09,augment,,,COC(=O)NCOCCC=CC=O
COC(=O)NNC(=O)CC=CC=COCNC=O,-3.03,augment,,,COC(=O)NNC(=O)CC=CC=COCNC=O
COC(=O)[C@H1](C)N(C(C)C=CC1)CC1(O)C,-3.25,augment,,,COC(=O)[C@H](C)N1CC(C)(O)CC=CC1C
COC(=O)[C@H1](N=CCCNC=CC1=C=CC2C[NH1]2)CCCC1,-5.02,augment,,,COC(=O)[C@H]1CCCCC(=C=CC2CN2)C=CNCCC=N1
COC(=O)N1NC2=N/C=NNCCC=CC=C(C)C=C21,-3.75,augment,,,COC(=O)n1[nH]c2c1=CC(C)=CC=CCCNN=CN=2
COC(C#N)=CC=CC=CC=C(C)CC=O,-3.67,augment,,,COC(C#N)=CC=CC=CC=C(C)CC=O
COC(C)([NH3+1])C,-2.68,augment,,,COC(C)(C)[NH3+]
COC(C)C1=CCCCN1C=O,-3.43,augment,,,COC(C)C1=CCCCN1C=O
COC(C)C=CN=C(CCF)C=O,-2.98,augment,,,COC(C)C=CN=C(C=O)CCF
COC(C)C=[C@@H1]NC=CC1C=CCC1=N,-3.57,augment,,,COC(C)C=CNC=CC1C=CCC1=N
COC(C)CC=O,-2.6,augment,,,COC(C)CC=O
COC(C)CNC(O)CN[C@@H1](C1)CC=CC(C)=C1N,-3.25,augment,,,COC(C)CNC(O)CN[C@@H]1CC=CC(C)=C(N)C1
COC(C)CNC(S)C(N)CCN=CC=CC=CBr,-2.41,augment,,,COC(C)CNC(S)C(N)CCN=CC=CC=CBr
COC(C)COC=CC(=O)NCCCN=CSCOC=CC#N,-2.0,augment,,,COC(C)COC=CC(=O)NCCCN=CSCOC=CC#N
COC(C)OC=O,-2.24,augment,,,COC(C)OC=O
COC(C)[C@@H1](N(C)CCC1=CC=CC=C1)C=O,-2.76,augment,,,COC(C)[C@H](C=O)N(C)CCc1ccccc1
CC(C)CCC=CC(OC)[NH2+1]CC=CC=CCSNC(C)C,-3.45,augment,,,COC(C=CCCC(C)C)[NH2+]CC=CC=CCSNC(C)C
C1C=NC=CC1C=CC=CC=C(OC)C=O,-4.02,augment,,,COC(C=O)=CC=CC=CC1C=CN=CC1
C1[NH1+1]CCCNC([NH1+1])NC[C@H1]1CC(=O)CC(OC)CC=O,-2.26,augment,,,COC(CC=O)CC(=O)C[C@@H]1CNC([NH+])NCCC[NH+]C1
COC(COC=O)CCC(OC)CC(C#CBr)=O,-2.55,augment,,,COC(CCC(CC(=O)C#CBr)OC)COC=O
C1OCCC=C1ONC(OC)(O)C=CC=C2OC2,-3.5,augment,,,COC(O)(C=CC=C1CO1)NOC1=CCCOC1
CC(C)=CC=CC(C)C=CC(OC)(O)C=O,-2.98,augment,,,COC(O)(C=O)C=CC(C)C=CC=C(C)C
COC(O)C=CCCCC(=O)CC=[C@@H1]CC=CNCC(C)NN=NC(C)C,-1.3,augment,,,COC(O)C=CCCCC(=O)CC=CCC=CNCC(C)NN=NC(C)C
C1C(CC=C1/C(OC)ON)C\[NH1]/N2CCC=C=C2[NH1],-2.47,augment,,,COC(ON)C1=CCC(CNN2CCC=C=C2[NH])C1
CC(N)CC[NH1]C(O/C)([O-1])C=C=C=C(C#C[O-1])C=CC=N,-3.36,augment,,,COC([O-])(C=C=C=C(C#C[O-])C=CC=N)NCCC(C)N
CC1=CC1(C(=O)N2C=CCCCC2CC(=O)C(C)CCF)OC,-3.7,augment,,,COC1(C(=O)N2C=CCCCC2CC(=O)C(C)CCF)C=C1C
C1OC(=O)NC=[C@@H1]CN(C)CC=CC=CC(C=CC=CCC=C1)(C)OC,-4.85,augment,,,COC1(C)C=CC=CCC=CCOC(=O)NC=CCN(C)CC=CC=C1
CC(CCCN1)(OC)CC=CC=CC2C=CC1=N2,-4.31,augment,,,COC1(C)CC=CC=CC2C=CC(=N2)NCCC1
COC12C=C1C(=O)N3C(C)C=CC=CN=C2CC4C3=CCC=C4,-4.81,augment,,,COC12C=C1C(=O)N1C3=CCC=CC3CC2=NC=CC=CC1C
COC1(C=NNC[C@@H1]1C=CC=C[NH1]C2)CC2=O,-3.77,augment,,,COC12C=NNC[C@@H]1C=CC=CNCC(=O)C2
C1CC2C=C[C@@H1](NCCC(=O)C=O)C(C)[C@@H1](C)C21OC,-3.97,augment,,,COC12CCC1C=C[C@@H](NCCC(=O)C=O)C(C)[C@H]2C
COC1=C2CCN1C3=CC4(C)C=CC(C)C4CNC3=NN2,-4.34,augment,,,COC1=C2CCN1C1=CC3(C)C=CC(C)C3CNC1=NN2
C1[C@H1](O)CC=2N1CC(=O)C(C)C(O)(C)NC=2OC,-3.46,augment,,,COC1=C2C[C@@H](O)CN2CC(=O)C(C)C(C)(O)N1
COC1=CC#C1,-2.6,augment,,,COC1=CC#C1
C1C(C)(C=CC=C[NH1])C(N)C(=O)NN1C(C)C2C=C2OC,-3.48,augment,,,COC1=CC1C(C)N1CC(C)(C=CC=C[NH])C(N)C(=O)N1
C12=C(NCC=CN=O)CC=CC=C1C=C2OC,-4.41,augment,,,COC1=CC2=CC=CCC(NCC=CN=O)=C21
COC1=CC=C(C=CNC(C)SC1)COC(C)C,-4.13,augment,,,COC1=CC=C(COC(C)C)C=CNC(C)SC1
COC1=CC=C(N)NCC(=O)C=CC1=NNC=O,-3.75,augment,,,COC1=CC=C(N)NCC(=O)C=CC1=NNC=O
COC1=CC=CC1CC(=O)[C@H1](C)C2C=CC=CCC2=O,-4.49,augment,,,COC1=CC=CC1CC(=O)[C@H](C)C1C=CC=CCC1=O
COC1=CC=CNN/CC=NC1=O,-3.58,augment,,,COC1=CC=CNNCC=NC1=O
COC1=[C@@H1]CN=C1NC2=CC=C(CC=C2)CCC(C)C=CC=CS,-4.22,augment,,,COC1=CCN=C1NC1=CC=C(CCC(C)C=CC=CS)CC=C1
C1C=CC=NC=CNC=C1OC,-3.81,augment,,,COC1=CNC=CN=CC=CC1
C=1OC=1C2(C)NC=CC=NN=C(OC)CC=C2F,-3.53,augment,,,COC1=NN=CC=CNC(C)(C2=CO2)C(F)=CC1
C12C=CC3=C4C=C=C1C=C=NCC(=O)[C@H1]4C(OC)C3=CC2,-4.65,augment,,,COC1C2=CCC3C=CC2=C2C=C=C3C=C=NCC(=O)[C@H]21
CC(C)CC1C(O)CNC=CC(OC)COC=CC2=C1C2,-4.21,augment,,,COC1C=CNCC(O)C(CC(C)C)C2=C(C=COC1)C2
COC1CC(C=O)(NC1N2CCCC3C(C4)=CC=C3)C2C4,-4.53,augment,,,COC1CC2(C=O)NC1N1CCCC3C=CC=C3CCC12
COC1CCCCC=CC=CC(C)C2=CC2OC1=O,-4.01,augment,,,COC1CCCCC=CC=CC(C)C2=CC2OC1=O
COC1CCCN1CC=CC=O,-3.53,augment,,,COC1CCCN1CC=CC=O
COC=C(CN)/C=CC=CC=C1[NH1]C(CCC1)CCl,-3.8,augment,,,COC=C(C=CC=CC=C1CCCC(CCl)N1)CN
COC=C1C(CC2C(C[C@@H1](C)NCCN3)C)C=NC=C3C=C1CC2,-4.69,augment,,,COC=C1C2=CC3=CN=CC1CC(CC2)C(C)C[C@@H](C)NCCN3
COC=C1C=C1CCC(=O)CCCCC2=CC2NCC[C@@H1](C)C,-2.69,augment,,,COC=C1C=C1CCC(=O)CCCCC1=CC1NCCC(C)C
COC=C1C=C/C(NC(C)C=CCNCC2C1(C)C)C=C2,-4.67,augment,,,COC=C1C=CC2C=CC(CNCC=CC(C)N2)C1(C)C
COC=C1CCC=C1CN(C2=CC=CN=C(C)C2SSC3)O3,-4.25,augment,,,COC=C1CCC=C1CN1OCSSC2C1=CC=CN=C2C
COC=C=CC=C(CCC=CNCC1=CC=C(C)NN12)C=C2OCCOC,-3.22,augment,,,COC=C=CC=C1C=C(OCCOC)N2NC(C)=CC=C2CNC=CCC1
COC=CC#CCC=CC=O,-2.98,augment,,,COC=CC#CCC=CC=O
COC=CC#CCNC(=O)CC[C@@H1]1C=NC=C1CC(C2)(N)C2,-3.93,augment,,,COC=CC#CCNC(=O)CC[C@@H]1C=NC=C1CC1(N)CC1
COC=CC(=O)NNC(S)(F)CCC(=O)NN=CCC(C)Br,-3.39,augment,,,COC=CC(=O)NNC(F)(S)CCC(=O)NN=CCC(C)Br
COC=CC(Br)=C(S)CCSC=CC(=O)[O-1],-4.02,augment,,,COC=CC(Br)=C(S)CCSC=CC(=O)[O-]
C/C(=NN)C(C(C)C=COC)=CC=O,-3.4,augment,,,COC=CC(C)C(=CC=O)C(C)=NN
COC=CC(C=CC=CC=CS)(O)NC=O,-3.04,augment,,,COC=CC(O)(C=CC=CC=CS)NC=O
CC(C)(C)CCC(=O)C=C(C)C(O)C=COC,-3.51,augment,,,COC=CC(O)C(C)=CC(=O)CCC(C)(C)C
COC=CC(C(=O)CCC(C)CCCCNN1CC1C)OC,-1.98,augment,,,COC=CC(OC)C(=O)CCC(C)CCCCNN1CC1C
COC=CC1(C)C(C=CCCCC12CNC=O)N=C2,-3.96,augment,,,COC=CC1(C)C2C=CCCCC1(CNC=O)C=N2
COC=CC1(O)C=CC=C2C=C12,-3.49,augment,,,COC=CC1(O)C=CC=C2C=C21
COC=CC(/C=C/C=CC=CN=N/C1CC2Cl)C2S1,-4.51,augment,,,COC=CC1/C=C/C=CC=CN=NC2CC(Cl)C1S2
COC=CC1=C(N1C=O)CCF,-2.74,augment,,,COC=CC1=C(CCF)N1C=O
COC=CC1=CC(=O)[C@@H1]1O,-3.44,augment,,,COC=CC1=CC(=O)[C@@H]1O
COC=CC1=CN1OCOC=CCCCC(N)CSCSC=S,-2.77,augment,,,COC=CC1=CN1OCOC=CCCCC(N)CSCSC=S
COC=CC1C#C1,-2.3,augment,,,COC=CC1C#C1
COC=CC(SCCC1=NN1CC=CC(C)/C2=CC=C3)C=C23,-4.27,augment,,,COC=CC1C=C2C=CC=C2C(C)C=CCN2N=C2CCS1
COC=CC(/C=CCCNC=CC(C)CCN1)CC1=O,-3.89,augment,,,COC=CC1C=CCCNC=CC(C)CCNC(=O)C1
COC=CC1CC(C)(NCCCC(C)(C)C=O)C1S#N,-3.45,augment,,,COC=CC1CC(C)(NCCCC(C)(C)C=O)C1S#N
COC=CC1CC12OC(=N)C(=O)C=CC=C=COC2C=CC=O,-3.82,augment,,,COC=CC1CC12OC(=N)C(=O)C=CC=C=COC2C=CC=O
COC=CC1NC=CNC(C2)N[C@@H1]2C[C@@H1](C)CC1S,-3.99,augment,,,COC=CC1NC=CNC2C[C@@H](C[C@@H](C)CC1S)N2
COC=CC=C(C#CNCC=O)N1C=CC=NN(C)C=CC=C1,-3.83,augment,,,COC=CC=C(C#CNCC=O)N1C=CC=CN(C)N=CC=C1
COC=CC=C(C)NC(C[NH1+1])CN1NCC(O)C=CC1O,-2.08,augment,,,COC=CC=C(C)NC(C[NH+])CN1NCC(O)C=CC1O
COC=CC=C(C)O,-2.72,augment,,,COC=CC=C(C)O
COC=CC=C(C=O)CC1C=C(F)C1=NC=O,-3.57,augment,,,COC=CC=C(C=O)CC1C=C(F)C1=NC=O
COC=CC=C(NC(=O)C=O)C=O,-3.49,augment,,,COC=CC=C(C=O)NC(=O)C=O
COC=CC=C(CNCCCC=CC=C(O1)CC1C)COC,-3.62,augment,,,COC=CC=C(CNCCCC=CC=C1CC(C)O1)COC
COC=CC=C(O)CC([N+1]=O)C=CC=O,-3.38,augment,,,COC=CC=C(O)CC(C=CC=O)[N+]=O
COC=CC=C(CCCS[C@@H1](C)C(C)C=C(O)C1=CC=CC2=C1OC=CC=C2)O,-3.55,augment,,,COC=CC=C(O)CCCS[C@@H](C)C(C)C=C(O)c1cccc2c1OC=CC=C2
COC=CC=C1C#C1,-2.57,augment,,,COC=CC=C1C#C1
COC=CC=C1C=C1SCC[NH1+1](C)C=CCCCC=CCOC(S)=NC=O,-1.79,augment,,,COC=CC=C1C=C1SCC[NH+](C)C=CCCCC=CCOC(S)=NC=O
COC=CC=C(CNC=NCC#CCCCC1NN=O)C=C1,-5.32,augment,,,COC=CC=C1C=CC(NN=O)CCCC#CCN=CNC1
COC=CC=C1C=CC=CN1CSC=NN=C(C=CSCC=O)C2CC#CC=C2,-4.06,augment,,,COC=CC=C1C=CC=CN1CSC=NN=C(C=CSCC=O)C1C=CC#CC1
COC=CC=C(CCCCC(=O)CC(S)NC1)CC1(C)O,-4.16,augment,,,COC=CC=C1CCCCC(=O)CC(S)NCC(C)(O)C1
COC=CC=C1CNSC[C@@H1]1NCCC=O,-2.79,augment,,,COC=CC=C1CNSC[C@@H]1NCCC=O
COC=CC=C1CSCNNCCCC=CCCC(=O)N1,-4.13,augment,,,COC=CC=C1CSCNNCCCC=CCCC(=O)N1
COC=CC=C(C[NH2+1]CCNC=CC=C/C1=CC2=CN=C1OC3=C2)C3O,-4.76,augment,,,COC=CC=C1C[NH2+]CCNC=CC=Cc2cc3cnc2OC(=C3)C1O
COC=CC=C1NC/C2NC=CC3=CC=C(SC=C3)C=C2NCC1OC,-4.39,augment,,,COC=CC=C1NCC2NC=CC3=CC=C(C=C2NCC1OC)SC=C3
COC=CC=CC(=O)C=C(C=O)C1C=CC#C1,-3.87,augment,,,COC=CC=CC(=O)C=C(C=O)C1C#CC=C1
COC=CC=CC(=O)CCC(=O)C1=CC=CC=C1CSN=O,-4.57,augment,,,COC=CC=CC(=O)CCC(=O)c1ccccc1CSN=O
COC=CC=CC(=O)NCSCCC=O,-3.55,augment,,,COC=CC=CC(=O)NCSCCC=O
COC=CC=CC(C#N)=C[O-1],-3.08,augment,,,COC=CC=CC(C#N)=C[O-]
COC=CC=CC(C=C1CC=CC=C1N)(C)N=CSCSC2CN2C,-3.18,augment,,,COC=CC=CC(C)(C=C1CC=CC=C1N)N=CSCSC1CN1C
COC=CC=C[C@](OC1)(C)O1,-2.71,augment,,,COC=CC=CC1(C)OCO1
COC=CC=CC1CCCCC=CC=CCCC1,-4.29,augment,,,COC=CC=CC1CCCC=CC=CCCCC1
COC=CC=CC=C1NCCN1SC2CC=CCC2C,-3.93,augment,,,COC=CC=CC=C1NCCN1SC1CC=CCC1C
COC=CC=CC=C=CC#CNC=CN1N(C2)[C@H1]2C[C@H1](C)C1SC,-4.19,augment,,,COC=CC=CC=C=CC#CNC=CN1C(SC)[C@@H](C)C[C@H]2CN21
COC=CC=CC=C=CC(=O)C=O,-3.52,augment,,,COC=CC=CC=C=CC(=O)C=O
COC=CC=CC=C=O,-3.52,augment,,,COC=CC=CC=C=O
COC=CC=CC=CC=O,-3.32,augment,,,COC=CC=CC=CC=O
COC=CC=CC=CNCNC=NC=C1C=CCCC1,-3.85,augment,,,COC=CC=CC=CNCNC=NC=C1C=CCCC1
COC=CC=CC=O,-2.89,augment,,,COC=CC=CC=O
COC=CC=CCC1(C)C=CC[C@H1]1CCOC=O,-3.55,augment,,,COC=CC=CCC1(C)C=CC[C@H]1CCOC=O
COC=CC=CCC(CNC(C)C(C1)O)N=CO1,-3.29,augment,,,COC=CC=CCC1CNC(C)C(O)COC=N1
COC=CC=CCC=CCC1C=CCN1C,-3.84,augment,,,COC=CC=CCC=CCC1C=CCN1C
COC=CC=CCC=CCCC(=O)C=O,-3.22,augment,,,COC=CC=CCC=CCCC(=O)C=O
COC=CC=CCCC(=O)C=CCCCC1=CC=C=CC1,-3.82,augment,,,COC=CC=CCCC(=O)C=CCCCC1=CC=C=CC1
COC=CC=CCCC=CCN(O)C(C=CC=C1N=CCC1O)NO,-3.74,augment,,,COC=CC=CCCC=CCN(O)C(C=CC=C1N=CCC1O)NO
COC=CC=CCCC/C(C)CCC(OC)CC=C[O-1],-3.01,augment,,,COC=CC=CCCCC(C)CCC(CC=C[O-])OC
COC=CC=CCCCC[NH2+1]C[NH1+1](C)CC(N)CCC(C)(O)C,-2.21,augment,,,COC=CC=CCCCC[NH2+]C[NH+](C)CC(N)CCC(C)(C)O
COC=CC=CCCF,-2.08,augment,,,COC=CC=CCCF
FC([O-1])CCCC1C=CCCN1C=NC#CNCCC=CC=COC,-3.89,augment,,,COC=CC=CCCNC#CN=CN1CCC=CC1CCCC([O-])F
COC=CC=CCSC=NNC[C@@H1](C)N=NC(C1=O)CC=CC=C1CCOC=O,-2.83,augment,,,COC=CC=CCSC=NNC[C@@H](C)N=NC1CC=CC=C(CCOC=O)C1=O
COC=CC=CC[C@@H1](O)NCOC(=O)C=CC=CF,-2.98,augment,,,COC=CC=CC[C@@H](O)NCOC(=O)C=CC=CF
COC=CC=CC[C@H1](C=C=CCl)C(=O)CCCCOF,-3.07,augment,,,COC=CC=CC[C@H](C=C=CCl)C(=O)CCCCOF
COC=CC=CN1C=C(C=C=C1)N2N=C2,-3.34,augment,,,COC=CC=CN1C=C=CC(N2C=N2)=C1
COC=CC=CNC(=O)C=O,-3.21,augment,,,COC=CC=CNC(=O)C=O
COC=CC=CNNCOC=O,-2.51,augment,,,COC=CC=CNNCOC=O
COC=CC=N,-2.5,augment,,,COC=CC=N
COC=CC=O,-2.4,augment,,,COC=CC=O
COC=CC=[NH1+1]C1CC(C)CC[NH1]C=CNCCC1,-3.43,augment,,,COC=CC=[NH+]C1CCCNC=CNCCC(C)C1
COC=CCC(=O)CCCOCCCC(C)(O)[O-1],-1.74,augment,,,COC=CCC(=O)CCCOCCCC(C)([O-])O
COC=CCC(COCC=O)C1=CCCNC1C,-3.13,augment,,,COC=CCC(COCC=O)C1=CCCNC1C
COC=CCC1C=CC=C1CNC(=O)C2CC=CC=C2CC=O,-3.64,augment,,,COC=CCC1C=CC=C1CNC(=O)C1CC=CC=C1CC=O
COC=CCC=CC#CSC=CC=O,-2.95,augment,,,COC=CCC=CC#CSC=CC=O
COC=CCCC(C1)C=CNC[C@@H1]1C=O,-3.8,augment,,,COC=CCCC1C=CNC[C@H](C=O)C1
COC=[C@@H1]CCCCCCCC=NC=CSCOC,-2.25,augment,,,COC=CCCCCCCCC=NC=CSCOC
COC=CCCCCCCN(C=CC1)CC1N,-1.99,augment,,,COC=CCCCCCCN1C=CCC(N)C1
COC=CCCCCCN(O)CC(N1)(N)NC(C)C1(C)C(N)C,-2.09,augment,,,COC=CCCCCCN(O)CC1(N)NC(C)C(C)(C(C)N)N1
COC=CCCCNC(=O)NC1(C)C=CCC1C=O,-3.74,augment,,,COC=CCCCNC(=O)NC1(C)C=CCC1C=O
COC=CCCCNC(C)[NH2+1]CCCC1C=C[NH1]C1,-2.35,augment,,,COC=CCCCNC(C)[NH2+]CCCC1C=CNC1
COC=CCCCNC=CC=CC=C(N)C=O,-3.03,augment,,,COC=CCCCNC=CC=CC=C(N)C=O
COC=CCCNC=CC(C)[C@H1](C)C=O,-3.4,augment,,,COC=CCCNC=CC(C)[C@H](C)C=O
COC=CCC[NH1+1](NC(=O)C1=CCC=CC=CC2C#CCC=C12)C,-4.2,augment,,,COC=CCC[NH+](C)NC(=O)C1=CCC=CC=CC2C#CCC=C12
COC=CC[C@H1](C)[NH1+1]CCCC1C(=O)CCC1C(Cl)C,-3.89,augment,,,COC=CC[C@H](C)[NH+]CCCC1C(=O)CCC1C(C)Cl
COC=CC[NH1+1]CC[NH2+1]C=CC=CC1=CC(=O)C=C1C,-4.31,augment,,,COC=CC[NH+]CC[NH2+]C=CC=CC1=CC(=O)C=C1C
COC=CN=C1CC2C=C1NSC=CC=CC=CC=CC(C)N2,-4.54,augment,,,COC=CN=C1CC2C=C1NSC=CC=CC=CC=CC(C)N2
COC=CN=C(CCNCC12P=O)CCN1C=C2C3C=CC3O,-3.95,augment,,,COC=CN=C1CCNCC2(P=O)C(C3C=CC3O)=CN2CC1
COC=CN=C=CI,-3.1,augment,,,COC=CN=C=CI
COC=CN=CC=CC=CCCl,-2.79,augment,,,COC=CN=CC=CC=CCCl
COC=CN=CC=O,-2.6,augment,,,COC=CN=CC=O
COC=CNC(NC(C1=O)=CCCO1)=CC=CC=C[NH1]CN2N=C2,-3.74,augment,,,COC=CNC(=CC=CC=CNCN1C=N1)NC1=CCCOC1=O
COC=CNC(C)C=O,-2.91,augment,,,COC=CNC(C)C=O
COC=CNC(SC)CC(C)C=O,-2.65,augment,,,COC=CNC(CC(C)C=O)SC
COC=CNCCCC=O,-2.6,augment,,,COC=CNCCCC=O
COC=CSC[NH1+1]C=NC1CC=NC1(C)CC=CF,-3.32,augment,,,COC=CSC[NH+]C=NC1CC=NC1(C)CC=CF
COC=CC1=C(C=CC=C1C=CNCS)CCCC=O,-4.17,augment,,,COC=Cc1c(C=CNCS)cccc1CCCC=O
COC=CC1=CC#CN1,-3.12,augment,,,COC=Cc1cc#c[nH]1
COC=NC(CCNC=O)CC1CC=C=C1C2CC=CC2F,-4.11,augment,,,COC=NC(CCNC=O)CC1CC=C=C1C1CC=CC1F
COC=NC(S)C(C(=O)CC1CC2(C3C1C)CCC3C)ON=N2,-4.39,augment,,,COC=NC(S)C1ON=NC23CCC(C)C2C(C)C(CC1=O)C3
COC=NC1(C#N)CCCC=CC(C2)C1C2=NC(C)S,-3.2,augment,,,COC=NC1(C#N)CCCC=CC2CC(=NC(C)S)C21
COC=NC=C(CCCCCCN(C)C=C(N)CC=O)CC=N,-1.48,augment,,,COC=NC=C(CC=N)CCCCCCN(C)C=C(N)CC=O
COC=NC=C(C1N(C)NCN2CCO[C@H1](C)CC13C2)CCO3,-4.55,augment,,,COC=NC=C1CCOC23C[C@@H](C)OCCN(CNN(C)C12)C3
COC=NC=C[C@@H1](C=O)NCCNCNC1(NCCCS12COC)NCC2C,-1.75,augment,,,COC=NC=C[C@@H](C=O)NCCNCNC12NCCCS1(COC)C(C)CN2
CC(=O)CN=[C@H1]OC,-2.5,augment,,,COC=NCC(C)=O
CC(C)C=CC/C=NNCOCC1C2=C=C2C=C1ONN=COC,-2.66,augment,,,COC=NNOC1=CC2=C=C2C1COCNN=CCC=CC(C)C
COC=O,-2.06,augment,,,COC=O
C1CCCC=NC2=C1C(C)C2NCC=CC(C)(C)COC,-4.39,augment,,,COCC(C)(C)C=CCNC1C2=C(CCCCC=N2)C1C
COCC(CO)C(CCNC=C1)C(O)C=N1,-2.65,augment,,,COCC(CO)C1CCNC=CN=CC1O
C1OC=CCC(N[C@H1](N)C(=O)NC2CC=CNC2(C)C)=C1COC,-4.11,augment,,,COCC1=C(N[C@H](N)C(=O)NC2CC=CNC2(C)C)CC=COC1
C1C=C1CC=CCNC=CC=C2C=C(CC=C2)COC,-4.07,augment,,,COCC1=CC(=CC=CNCC=CCC2=CC2)C=CC1
C1=CC=CC2=C/C=C1C3C(COC)C=CC2C(C)C4CC4=C3,-4.84,augment,,,COCC1C=CC2C3=CC=C(C=CC=C3)C1C=C1CC1C2C
C1C(C)CC2=C1C(CC=O)C(C)(C)CC2COC,-4.12,augment,,,COCC1CC(C)(C)C(CC=O)C2=C1CC(C)C2
COCC1CCCSNC=N1,-3.38,augment,,,COCC1CCCSNC=N1
C1C=CCCCC=CC(C2C)=CC=CC=CCCC1OC2COC,-5.07,augment,,,COCC1OC2CC=CCCCC=CC(=CC=CC=CCC2)C1C
COCC=C(CCSCC=O)C,-2.88,augment,,,COCC=C(C)CCSCC=O
CC(C)NCCCC(=O)C(C)C1CCCC(C1CF)=CCOC,-3.54,augment,,,COCC=C1CCCC(C(C)C(=O)CCCNC(C)C)C1CF
COCC=CCCOC1CC=CC#C1,-3.04,augment,,,COCC=CCCOC1C#CC=CC1
COC[C@@H1]=NC[NH3+1],-2.62,augment,,,COCC=NC[NH3+]
COCCC(=O)C1NC(C)=C1CC(C=O)CP,-2.54,augment,,,COCCC(=O)C1NC(C)=C1CC(C=O)CP
COCCC(C=C/C(=O)ON)C=C\C=NC=C=CCCC=O,-3.68,augment,,,COCCC(C=CC=NC=C=CCCC=O)C=CC(=O)ON
COCCC(NC=CCC=NC=CCF)C1CC1=O,-2.74,augment,,,COCCC(NC=CCC=NC=CCF)C1CC1=O
COCCC1(C=O)CC(C1(C)C(=O)C)CC2=CC2=NC(=O)[O-1],-4.09,augment,,,COCCC1(C=O)CC(Cc2cc2=NC(=O)[O-])C1(C)C(C)=O
COCCC1=CNC(C)C1N=O,-3.73,augment,,,COCCC1=CNC(C)C1N=O
COCCC=1C(C)CCN=1,-3.12,augment,,,COCCC1=NCCC1C
C1=CCCCNCCSC(C)C=C1C2CCNCCNNC=CC2CCOC,-4.83,augment,,,COCCC1C=CNNCCNCCC1C1=CC(C)SCCNCCCC=C1
COCCC=C(C(=O)C=O)OC,-2.95,augment,,,COCCC=C(OC)C(=O)C=O
COCCC=C(C1N)CC(=O)C1C=O,-3.29,augment,,,COCCC=C1CC(=O)C(C=O)C1N
COCCC=CCCN[C@H1](C)C=O,-3.06,augment,,,COCCC=CCCN[C@H](C)C=O
COCCC=CN1SC=C/C(=N)C=NC2=C(C)C=C12,-3.79,augment,,,COCCC=Cn1sccc(=N)cnc2c1=CC=2C
COCCC=O,-2.29,augment,,,COCCC=O
COCCCC(=O)CC=O,-2.88,augment,,,COCCCC(=O)CC=O
COCCCC(C)C=O,-2.65,augment,,,COCCCC(C)C=O
COCCCC(C)CC=CC(Cl)CCl,-2.72,augment,,,COCCCC(C)CC=CC(Cl)CCl
COCCCC(C=O)N,-2.33,augment,,,COCCCC(N)C=O
COCCCC=O,-2.41,augment,,,COCCCC=O
COCCCCC1=CS1=O,-3.36,augment,,,COCCCCC1=CS1=O
COCCCCC1=CSCCCN2C(C3)OCCNC3CC1CO2,-3.89,augment,,,COCCCCC1=CSCCCN2OCC1CC1CC2OCCN1
COCCCCC(C=CN=CCCSCCCON=C1)C=C1SC=O,-4.4,augment,,,COCCCCC1C=CN=CCCSCCCON=CC(SC=O)=C1
COCCCCC=CN(C1)C1=O,-3.33,augment,,,COCCCCC=CN1CC1=O
COCCCCCONC=CC=C(S)CC#N,-2.86,augment,,,COCCCCCONC=CC=C(S)CC#N
COCCCNC(=O)CCCCCCC=O,-3.34,augment,,,COCCCNC(=O)CCCCCCC=O
COCCCNC(NC=CCCNCCC(C)=NC=O)C=CC=C(O)C,-2.09,augment,,,COCCCNC(C=CC=C(C)O)NC=CCCNCCC(C)=NC=O
COCCCOC=CNC=NC=CC=CNC1=CC=CC=C1C=O,-3.49,augment,,,COCCCOC=CNC=NC=CC=CNc1ccccc1C=O
CC(C)C(C)(C)C(=O)CCCNC=NCCOC,-3.56,augment,,,COCCN=CNCCCC(=O)C(C)(C)C(C)C
COCCNC(=O)[O-1],-2.96,augment,,,COCCNC(=O)[O-]
COCCNC(C)NC=O,-2.62,augment,,,COCCNC(C)NC=O
COCCNC=CC=CC=C1C=N1,-2.85,augment,,,COCCNC=CC=CC=C1C=N1
COCCNCF,-1.68,augment,,,COCCNCF
COCCNC[NH1+1]CCCNC(C1)NCCC2=C1C=NN2SCl,-2.41,augment,,,COCCNC[NH+]CCCNC1Cc2cnn(SCl)c2CCN1
OC(C1)(COC=C1)OOCC2=CC=CC=C2CCOC,-2.93,augment,,,COCCc1ccccc1COOC1(O)CC=COC1
COCNC(=O)CCC=CC=O,-3.67,augment,,,COCNC(=O)CCC=CC=O
C1#CCCC=C1NONC=NC=C(CCC=O)CCCCCNNCOC,-1.85,augment,,,COCNNCCCCCC(=CN=CNONC1=CCCC#C1)CCC=O
COC[C@@H1](O)C=O,-2.62,augment,,,COC[C@@H](O)C=O
COC[NH2+1]NC1CCC2=CC=CNCCC1C=CC2=S,-3.87,augment,,,COC[NH2+]NC1CCC2=CC=CNCCC1C=CC2=S
CC(C)C[C@@H1]1CCCC[C@@H1]1CN=CCCN(C)OC,-3.59,augment,,,CON(C)CCC=NC[C@H]1CCCC[C@H]1CC(C)C
NC[NH1+1]C=NCCOC=CN=C=CC=CC=CN(OC)C1CC1,-3.46,augment,,,CON(C=CC=CC=C=NC=COCCN=C[NH+]CN)C1CC1
C1C(C)C(C)=C=C1NC=NN(OC)CN2CCCC=N2,-4.26,augment,,,CON(CN1CCCC=N1)N=CNC1=C=C(C)C(C)C1
CN(C[NH1+1][C@@H1](C)CCCCC(C)COC=NOC)C=C1C(C)C1,-1.93,augment,,,CON=COCC(C)CCCC[C@H](C)[NH+]CN(C)C=C1CC1C
CONC[NH1+1]=CC#N,-2.81,augment,,,CONC[NH+]=CC#N
O1CNC(=N)CC(C)=C(C)C(Cl)=C1C(C)CSNOC,-3.01,augment,,,CONSCC(C)C1=C(Cl)C(C)=C(C)CC(=N)NCO1
O=CCOC=CNC1(C=CC=C1OOC)CC=CC2CC2CCl,-3.22,augment,,,COOC1=CC=CC1(CC=CC1CC1CCl)NC=COCC=O
C[C@H1](C)[C@@H1](OC)CCCCN=CCC=CC=C=CCCl,-2.86,augment,,,CO[C@@H](CCCCN=CCC=CC=C=CCCl)C(C)C
CC(C(=O)C=CCC(C)CCCC[C@@H1](C)OC)=O,-3.1,augment,,,CO[C@H](C)CCCCC(C)CC=CC(=O)C(C)=O
C1CNC(C)N1OCNC=CC(C)OCCCC2O[NH1+1]2OC,-2.55,augment,,,CO[NH+]1OC1CCCOC(C)C=CNCON1CCNC1C
COc1ccc(NS(=O)(=O)c2cccc(C(=O)NCC3CCCO3)c2)cc1,-4.4,anchor,analog,BI-4924,COc1ccc(NS(=O)(=O)c2cccc(C(=O)NCC3CCCO3)c2)cc1
COc1ccc(S(=O)(=O)Nc2ccc(NC(C)=O)cc2)cc1,-4.49,anchor,analog,NCT-503,COc1ccc(S(=O)(=O)Nc2ccc(NC(C)=O)cc2)cc1
COC1=CC=CC=C1C=O,-3.21,augment,,,COc1ccccc1C=O
COC1=CC=CC=C1CCC=CC=CC2=C(C=CN2C3=O)CC(C)C=C3C,-5.38,augment,,,COc1ccccc1CCC=CC=Cc1c2ccn1C(=O)C(C)=CC(C)C2
COC1=CC=CC=C1OCC(=O)C=O,-2.84,augment,,,COc1ccccc1OCC(=O)C=O
CS(=O)(=O)Nc1ccc(C(=O)NCC2CCCO2)cc1,-4.63,anchor,analog,BI-4924,CS(=O)(=O)Nc1ccc(C(=O)NCC2CCCO2)cc1
CS(=O)(=O)Nc1ccc(S(=O)(=O)Nc2ccc(Cl)cc2)cc1,-5.6,anchor,analog,NCT-503,CS(=O)(=O)Nc1ccc(S(=O)(=O)Nc2ccc(Cl)cc2)cc1
O=C(O)C=C=CC=C1S(C)(C)C2CC2C=CCCCC1,-4.95,augment,,,CS1(C)C(=CC=C=CC(=O)O)CCCCC=CC2CC21
C1S(C)(C)C=C1F,-2.31,augment,,,CS1(C)C=C(F)C1
[NH3+1]OC=CC=CCSC=CCCC(=N)C1S(C)(F)CC=C1,-2.67,augment,,,CS1(F)CC=CC1C(=N)CCC=CSCC=CC=CO[NH3+]
C1CNNCNC2=CCCOC=CC=CC=CS21(=N)C,-4.5,augment,,,CS12(=N)C=CC=CC=COCCC=C1NCNNCC2
C1C=CC=C1NC=C(N)C=CC=C2C=CS(C)=C2C=CC=O,-4.14,augment,,,CS1=C(C=CC=O)C(=CC=CC(N)=CNC2=CC=CC2)C=C1
C[NH1+1](C)CC(SC)C(C)Cl,-2.53,augment,,,CSC(C[NH+](C)C)C(C)Cl
C[C@@H1](C)COC=CC(SC)(O)CCl,-2.28,augment,,,CSC(O)(C=COCC(C)C)CCl
CSC1=CNCNC=CC(C2=CC=CC=C12)F,-3.59,augment,,,CSC1=CNCNC=CC(F)c2ccccc21
N#CCC=NCC=CC(C)NN[C@@H1](C)CNNC(C1)=NC1SC,-3.97,augment,,,CSC1CC(NNC[C@H](C)NNC(C)C=CCN=CCC#N)=N1
C1CCCCCC=C1N2C=NC(SC)CC=CC=CC2(C)C,-4.9,augment,,,CSC1CC=CC=CC(C)(C)N(C2=CCCCCCC2)C=N1
CSC1CNNCCCN(C)N1CCCC=O,-3.44,augment,,,CSC1CNNCCCN(C)N1CCCC=O
CC(CCC(C)CCCOCC=C=CSC)SC1SC=CC#C1,-2.82,augment,,,CSC=C=CCOCCCC(C)CCC(C)SC1C#CC=CS1
CC(C)(CO1)C=CN=C1CNC(=O)C=CC=CSC,-4.1,augment,,,CSC=CC=CC(=O)NCC1=NC=CC(C)(C)CO1
CSC=CC=CC=O,-3.21,augment,,,CSC=CC=CC=O
CN1C=CC=C2N1CC(=O)N2COCC[NH1+1](C)CC=C(C=CC=CF)CSC,-2.92,augment,,,CSCC(C=CC=CF)=CC[NH+](C)CCOCN1C(=O)CN2C1=CC=CN2C
C1CCCN(C)C1(CSC)O,-3.04,augment,,,CSCC1(O)CCCCN1C
C[C@@H1](NCCC1CCC(C)C=C1Cl)C=C=CCSC,-4.29,augment,,,CSCC=C=C[C@@H](C)NCCC1CCC(C)C=C1Cl
CSCC=NCCNNNC(C(=O)NC=CC=CC=C1C)=C1N,-2.48,augment,,,CSCC=NCCNNNc1c(N)c(C)ccccc[nH]c1=O
C1OC=CC=CC=C1N2C3=CCCC2C3NCCCSC,-3.74,augment,,,CSCCCNC1C2=CCCC1N2C1=CC=CC=COC1
CSCCCNC[NH1+1]1OC=CC=CC=C2C=C2CC=C1,-4.13,augment,,,CSCCCNC[NH+]1C=CCC2=CC2=CC=CC=CO1
CSCCC[C@@H1](C)NC=CC=CC=C=CC=CC=CC=C[O-1],-3.79,augment,,,CSCCC[C@@H](C)NC=CC=CC=C=CC=CC=CC=C[O-]
CSCCN(C)C=O,-2.67,augment,,,CSCCN(C)C=O
CSCCOCCNCC=1NCCCCC=CC=C=1,-2.99,augment,,,CSCCOCCNCC1=C=CC=CCCCCN1
C1CC2C1C=NNCS(=O)C=CC=C(Cl)CC(=O)N2SC,-4.7,augment,,,CSN1C(=O)CC(Cl)=CC=CS(=O)CNN=CC2CCC21
CC(C)CNC=CCC=NCCC=CC=NSC,-2.43,augment,,,CSN=CC=CCCN=CCC=CNCC(C)C
CC(C)[NH1+1](SC)C=O,-2.87,augment,,,CS[NH+](C=O)C(C)C
CSC1=NC=CC=C1COC(C)NN=C(C2)C3CC=C2COC=C3C=NN,-4.08,augment,,,CSc1ncccc1COC(C)NN=C1CC2=CCC1C(C=NN)=COC2
CN(C)[C@@H1](C)C(=O)NC=O,-3.15,augment,,,C[C@@H](C(=O)NC=O)N(C)C
C[C@@H1](C=CC(OCCC1)=CCC=C1)CNCCCCCCF,-4.23,augment,,,C[C@@H](C=CC1=CCC=CCCCO1)CNCCCCCCF
C1CNSC=C1C=NCC([C@@H1](C)C=O)CC#N,-3.6,augment,,,C[C@@H](C=O)C(CC#N)CN=CC1=CSNCC1
OC(N1)C(C=C=C1)SCC[C@@H1](C)C=O,-4.12,augment,,,C[C@@H](C=O)CCSC1C=C=CNC1O
C1C=CC=C1NC[C@@H1](C)CBr,-3.09,augment,,,C[C@@H](CBr)CNC1=CC=CC1
C[NH1+1](C)OCC[C@@H1](C)CCC=CC=O,-3.21,augment,,,C[C@@H](CCC=CC=O)CCO[NH+](C)C
C1CCCSC=C1[C@@H1](C)CCCC2C(=O)C#C2,-4.04,augment,,,C[C@@H](CCCC1C#CC1=O)C1=CSCCCC1
C[C@@H1](Cl)CCC1C=NCC=N1,-3.07,augment,,,C[C@@H](Cl)CCC1C=NCC=N1
C[C@@H1](O)CC1CC=C2C13NC(=O)C2C3,-4.3,augment,,,C[C@@H](O)CC1CC=C2C3CC21NC3=O
C[C@@H1](O)CCCC=CC(CS)C(=O)CC=CC1(C)SCCN1OOC=O,-1.48,augment,,,C[C@@H](O)CCCC=CC(CS)C(=O)CC=CC1(C)SCCN1OOC=O
C[C@@H1](O)NCCCCCC1CCCCN1C=O,-3.29,augment,,,C[C@@H](O)NCCCCCC1CCCCN1C=O
C1COC(CCC=C1[C@@H1](C)C2CC3=CC4=C2)C=C43,-4.6,augment,,,C[C@@H]1C2=CCCC(C=C3C4=CC1CC3=C4)OCC2
C[C@H1](C1)[C@@H1](CC2)N2C1C=O,-3.68,augment,,,C[C@@H]1CC(C=O)N2CC[C@H]12
C1[C@H1](C)CC=C1COC(=O)NC=O,-4.04,augment,,,C[C@@H]1CC=C(COC(=O)NC=O)C1
C[C@H1]1[C@@H1](C)CC1,-2.55,augment,,,C[C@@H]1CC[C@@H]1C
C1[C@@H1](C)C(CC[C@@H1]1C[C@@H1](C#N)C2Cl)C=CC=N2,-4.17,augment,,,C[C@@H]1C[C@@H]2CCC1C=CC=NC(Cl)[C@H](C#N)C2
O1[C@@H1](N/C(N)C=C1NC(=O)C=CO)C,-4.09,augment,,,C[C@@H]1NC(N)C=C(NC(=O)C=CO)O1
C1CCCCNC(=O)CCN[C@@H1](C)[NH1+1](C)CCCCC2=CC21,-4.9,augment,,,C[C@@H]1NCCC(=O)NCCCCCC2C=C2CCCC[NH+]1C
C[C@H1](C=O)CC(=O)NCCCOCBr,-1.79,augment,,,C[C@H](C=O)CC(=O)NCCCOCBr
C[C@@H1](CN)C=O,-2.37,augment,,,C[C@H](C=O)CN
C[C@@H1](CNCCC1C=C1)C=O,-3.28,augment,,,C[C@H](C=O)CNCCC1C=C1
C[C@@H1](O)N[C@@H1](C=CC=CC=CCl)O[C@H1](C)C=O,-2.59,augment,,,C[C@H](C=O)O[C@H](C=CC=CC=CCl)N[C@@H](C)O
CC1(C)CNC=CC=C(N2C1N[C@H1](C)CC#N)O2,-3.75,augment,,,C[C@H](CC#N)NC1N2OC2=CC=CNCC1(C)C
CN(C)[NH1+1]=C=[C@@H1]CNC=CC[C@@H1](C)[NH1+1]OCOC=CCF,-1.11,augment,,,C[C@H](CC=CNCC=C=[NH+]N(C)C)[NH+]OCOC=CCF
C1NC=C2C=C1CCC=C2C=CC=CCOC=CCC[C@@H1](C)C3C=CC=CC=C3,-4.51,augment,,,C[C@H](CCC=COCC=CC=CC1=CCCC2=CC1=CNC2)C1C=CC=CC=C1
O=CCCC[C@@H1](C)NC=O,-3.42,augment,,,C[C@H](CCCC=O)NC=O
C[C@@H1](O[NH2+1]CCCC=O)F,-2.2,augment,,,C[C@H](F)O[NH2+]CCCC=O
C[C@@H1]([NH2+1]CC=CCONC=O)NC1=CNC=NC1N=O,-2.82,augment,,,C[C@H](NC1=CNC=NC1N=O)[NH2+]CC=CCONC=O
O=C=CC=CCC=CC=CS[C@H1](C)NC=O,-4.1,augment,,,C[C@H](NC=O)SC=CC=CCC=CC=C=O
C1C2=NC(C[NH1+1](O)[C@@H1](C)C3CC3OC2)NS1,-4.21,augment,,,C[C@H]1C2CC2OCC2=NC(C[NH+]1O)NSC2
O1[C@@H1](C)C=CC=C=C1N=COC=O,-3.29,augment,,,C[C@H]1C=CC=C=C(N=COC=O)O1
C1N[C@@H1](C)CC1(C)S,-3.47,augment,,,C[C@H]1CC(C)(S)CN1
C1[C@@H1](C)CC=C1CCCCCN=CC=CC=CCCCSC=O,-3.96,augment,,,C[C@H]1CC=C(CCCCCN=CC=CC=CCCCSC=O)C1
C1COC=CC=NC2[C@@H1](C)CC=CC(Cl)C=C2C=CCC1,-4.93,augment,,,C[C@H]1CC=CC(Cl)C=C2C=CCCCCOC=CC=NC21
C[C@@H1](CC[NH1+1]CC[C@@H1](C)CCCC1(C)C)CC1CC=O,-4.21,augment,,,C[C@H]1CCCC(C)(C)C(CC=O)C[C@@H](C)CC[NH+]CC1
C1C[C@H1](C)NC(=O)SCCN1,-3.63,augment,,,C[C@H]1CCNCCSC(=O)N1
O[C@@H1]([C@@H1](O)C=C1CCOCC[C@@H1]1C)C2CC2N,-3.71,augment,,,C[C@H]1CCOCCC1=C[C@H](O)[C@H](O)C1CC1N
OCOC1=CCN/C=N[C@H1](C)C(C2(C=C21)CC=C=O)CCF,-3.6,augment,,,C[C@H]1N=CNCC=C(OCO)C2=CC2(CC=C=O)C1CCF
O=CC=CC=CN1CONC=N[C@H1](C)N2C=C3C1C4CC3CCC=C4C=C2,-5.26,augment,,,C[C@H]1N=CNOCN(C=CC=CC=O)C2C3=CN1C=CC1=CCCC3CC12
C1CC=NC=C1C=CC=CCNCC2CN[C@H1](C)C2(C)CCC=C3C=C3,-4.36,augment,,,C[C@H]1NCC(CNCC=CC=CC2=CN=CCC2)C1(C)CCC=C1C=C1
C[NH1+1](C)CCOC=CC=NC=CC(=O)NCC[NH1],-2.64,augment,,,C[NH+](C)CCOC=CC=NC=CC(=O)NCC[NH]
C[NH1+1](C)NC=O,-2.64,augment,,,C[NH+](C)NC=O
C[NH1+1](CC1CC=CC=C1)CC(=O)N(S)NNC(=O)CCC=O,-2.93,augment,,,C[NH+](CC(=O)N(S)NNC(=O)CCC=O)CC1C=CC=CC1
C[NH1+1]([O-1])C(C1=CC=CC=C1NCC2)CC=NC=N2,-3.71,augment,,,C[NH+]([O-])C1CC=NC=NCCNc2ccccc21
C[NH1+1]1C(CCC2=C1)C2,-3.31,augment,,,C[NH+]1C=C2CCC1C2
C=1[NH1+1](C)C=C=1,-2.73,augment,,,C[NH+]1C=C=C1
C12OCC=C1C[NH1+1](C)C=CC=C2,-3.78,augment,,,C[NH+]1C=CC=CC2OCC=C2C1
C[NH1+1](C1)C=CCCO1,-2.95,augment,,,C[NH+]1C=CCCOC1
C[NH1+1](O1)CC=CC#C1,-3.63,augment,,,C[NH+]1CC=CC#CO1
C1[NH1+1](C)CCCCCC=CC1,-3.74,augment,,,C[NH+]1CCC=CCCCCC1
CC(N)(CCl)C(CCCC1N)CCC[NH1+1](C)CCCC=C1,-4.02,augment,,,C[NH+]1CCCC=CC(N)CCCC(C(C)(N)CCl)CCC1
C1[NH1+1](C)[C@@H1]1CCCC=C2CC(=O)CNCC3C=CC2=CC3F,-3.91,augment,,,C[NH+]1C[C@H]1CCCC=C1CC(=O)CNCC2C=CC1=CC2F
C[NH1+1](C1)C[NH1+1]1CCC=[C@@H1]NN2CC3C4CC=CC=C3OC=CC=C24,-3.52,augment,,,C[NH+]1C[NH+](CCC=CNN2CC3C4=CC=CCC3C2=CC=CO4)C1
C[NH1+1]C=CNOC(O)C=O,-2.72,augment,,,C[NH+]C=CNOC(O)C=O
C[NH1+1]C=NC[C@@H1](C)N=C(CCC=CC1=CCCC1O)CO,-1.58,augment,,,C[NH+]C=NC[C@@H](C)N=C(CO)CCC=CC1=CCCC1O
CC1=CC=CN1NCCC(CC[NH1+1]C)CC(=O)C=CN=O,-2.14,augment,,,C[NH+]CCC(CCNn1cccc1C)CC(=O)C=CN=O
O=C(OC=C(C)C=NC[NH1+1]C)CNCCNC1=NCCC=C1C,-3.06,augment,,,C[NH+]CN=CC(C)=COC(=O)CNCCNC1=NCCC=C1C
OC=CC1=CC=C(C)C2=CC2CCCN([C@H1]1N(C)C=O)N[NH1+1]C,-4.15,augment,,,C[NH+]NN1CCCC2C=C2C(C)=CC=C(C=CO)[C@@H]1N(C)C=O
C[NH1+1]OC1=NCC2CCC=C2C=CC3C=C31,-4.72,augment,,,C[NH+]OC1=NCC2CCC=C2C=CC2C=C12
C[NH2+1]C=CC=C1CC1(C)C=O,-3.44,augment,,,C[NH2+]C=CC=C1CC1(C)C=O
C[NH2+1]C=CC=CC[C@@H1](C)C1CC(C)CC1C=O,-3.95,augment,,,C[NH2+]C=CC=CC[C@@H](C)C1CC(C)CC1C=O
C[NH2+1]C[C@@H1](O)C=C1C2=NCCC2C=CC=CC1C=CBr,-4.01,augment,,,C[NH2+]C[C@@H](O)C=C1C2=NCCC2C=CC=CC1C=CBr
COCCC[C@H1]([NH2+1]C)[NH1+1]NC[NH3+1],-0.26,augment,,,C[NH2+][C@@H](CCCOC)[NH+]NC[NH3+]
CC1=C2C=CC=C1N2C=O,-3.51,augment,,,Cc1c2cccc1N2C=O
Cc1cc(C)c(Nc2nc(N)nc3[nH]ncc23)cc1C,-4.53,anchor,parent,PKUMDL-WQ-2101,Cc1cc(C)c(Nc2nc(N)nc3[nH]ncc23)cc1C
Cc1cc(C)c(Nc2nc(NC3CCCC3)nc3[nH]ncc23)cc1C,-4.87,anchor,parent,PKUMDL-WQ-2247,Cc1cc(C)c(Nc2nc(NC3CCCC3)nc3[nH]ncc23)cc1C
C1=C(C)OC=C1CNCCCCCN2CC(O)C=C2,-3.46,augment,,,Cc1cc(CNCCCCCN2C=CC(O)C2)co1
C1=CN=CNC(=O)CC2=CC=C1C=C2C,-4.24,augment,,,Cc1cc2ccc1CC(=O)NC=NC=C2
Cc1ccc(NC(=S)Nc2ccc(S(=O)(=O)Nc3ccc(Cl)cc3)cc2)cc1,-5.59,anchor,analog,NCT-503,Cc1ccc(NC(=S)Nc2ccc(S(=O)(=O)Nc3ccc(Cl)cc3)cc2)cc1
Cc1ccc(NS(=O)(=O)c2ccc(C(=O)NCC3CCCO3)cc2)cc1,-4.93,anchor,analog,BI-4924,Cc1ccc(NS(=O)(=O)c2ccc(C(=O)NCC3CCCO3)cc2)cc1
Cc1ccc(NS(=O)(=O)c2ccc(C(=O)OCC(=O)NCC3CCCO3)cc2)cc1,-4.17,anchor,analog,BI-4924,Cc1ccc(NS(=O)(=O)c2ccc(C(=O)OCC(=O)NCC3CCCO3)cc2)cc1
Cc1ccc(NS(=O)(=O)c2ccc(NC(=S)Nc3ccc(Cl)cc3)cc2)cc1,-5.68,anchor,analog,NCT-503,Cc1ccc(NS(=O)(=O)c2ccc(NC(=S)Nc3ccc(Cl)cc3)cc2)cc1
Cc1ccc(NS(=O)(=O)c2ccc(OCC(=O)NCC3CCCO3)cc2)cc1,-5.09,anchor,analog,BI-4924,Cc1ccc(NS(=O)(=O)c2ccc(OCC(=O)NCC3CCCO3)cc2)cc1
Cc1ccc(NS(=O)(=O)c2cccc(C(=O)NCC3CCCO3)c2)cc1,-4.98,anchor,analog,BI-4924,Cc1ccc(NS(=O)(=O)c2cccc(C(=O)NCC3CCCO3)c2)cc1
Cc1ccc(S(=O)(=O)N(C)c2ccc(C(=O)NCC3CCCO3)cc2)cc1,-4.92,anchor,analog,BI-4924,Cc1ccc(S(=O)(=O)N(C)c2ccc(C(=O)NCC3CCCO3)cc2)cc1
Cc1ccc(S(=O)(=O)Nc2ccc(C(=O)NCC3CCCO3)cc2)cc1,-4.85,anchor,parent,BI-4924,Cc1ccc(S(=O)(=O)Nc2ccc(C(=O)NCC3CCCO3)cc2)cc1
Cc1ccc(S(=O)(=O)Nc2ccc(Cl)cc2)cc1,-4.26,anchor,analog,NCT-503,Cc1ccc(S(=O)(=O)Nc2ccc(Cl)cc2)cc1
Cc1ccc(S(=O)(=O)Nc2cccc(C(=O)NCC3CCCO3)c2)cc1F,-5.08,anchor,analog,BI-4924,Cc1ccc(S(=O)(=O)Nc2cccc(C(=O)NCC3CCCO3)c2)cc1F
Cc1ccc(S(=O)(=O)Nc2ccccc2C(=O)NCC2CCCO2)cc1,-4.65,anchor,analog,BI-4924,Cc1ccc(S(=O)(=O)Nc2ccccc2C(=O)NCC2CCCO2)cc1
Cc1ccc([N+](=O)[O-])cc1S(=O)(=O)Nc1ccc(C(=O)NCC2CCCO2)cc1,-5.52,anchor,analog,BI-4924,Cc1ccc([N+](=O)[O-])cc1S(=O)(=O)Nc1ccc(C(=O)NCC2CCCO2)cc1
CC1=CC=CC(C=O)=C1O,-3.67,augment,,,Cc1cccc(C=O)c1O
Cc1cccc(NS(=O)(=O)c2ccc(C(=O)NCC3CCCO3)cc2)c1C,-5.1,anchor,analog,BI-4924,Cc1cccc(NS(=O)(=O)c2ccc(C(=O)NCC3CCCO3)cc2)c1C
CC1=CC=CC=C1C=CC=CCSCCNNC(=N)C2=C3CC=C2C=C3,-3.96,augment,,,Cc1ccccc1C=CC=CCSCCNNC(=N)C1=C2C=CC1=CC2
Cc1ccccc1NS(=O)(=O)c1ccc(C(=O)NCC2CCCO2)cc1,-4.95,anchor,analog,BI-4924,Cc1ccccc1NS(=O)(=O)c1ccc(C(=O)NCC2CCCO2)cc1
O=C(N1CC1=O)C(C)OC2=CC=CC=C2C,-3.48,augment,,,Cc1ccccc1OC(C)C(=O)N1CC1=O
CC(C)CCC=CC=CNC(=O)C1CC=CN1N2C=CC=CC(C)=CC=C2,-4.76,augment,,,Cc1ccccn(N2C=CCC2C(=O)NC=CC=CCCC(C)C)ccc1
CC1=CC=CC=N1,-2.94,augment,,,Cc1ccccn1
CC1=CC=CN=C1OC(=O)C(C2)C=CCCC=C2C3=CC=CC3,-4.88,augment,,,Cc1cccnc1OC(=O)C1C=CCCC=C(C2=CC=CC2)C1
CC(C)CNC=CCCN1C(N)=C(C)C(C)=C1,-2.9,augment,,,Cc1cn(CCC=CNCC(C)C)c(N)c1C
CC1=CN=CC=N1,-2.73,augment,,,Cc1cnccn1
CC(C)C#CNC[NH1]CCCC1=C(C)OC=CNC=N1,-2.53,augment,,,Cc1occ[nH]cnc1CCCNCNC#CC(C)C
C1=C(CC=CCN1)CCl,-3.31,augment,,,ClCC1=CNCC=CC1
FC=CC1=CCC=C[NH1]1,-3.28,augment,,,FC=CC1=CCC=CN1
C1=CN=CNN(C=C2C=CF)C2CCC1F,-4.03,augment,,,FC=CC1=CN2NC=NC=CC(F)CCC12
C1C=N[C@@H1]1CC(C2)CCCSN2NCC=CC=CC=CC=CF,-4.55,augment,,,FC=CC=CC=CC=CCNN1CC(C[C@@H]2CC=N2)CCCS1
C1[C@H1](C2CCC1)C2(F)CF,-2.75,augment,,,FCC1(F)C2CCCC[C@H]21
C12CN=CN=C2CSCCO[C@H1]1C3=C=NNNC3CF,-4.15,augment,,,FCC1NNN=C=C1[C@@H]1OCCSCC2=NC=NCC21
C1OCCOC=COC[C@H1](C2)C(CCC=C21)CCF,-3.74,augment,,,FCCC1CCC=C2COCCOC=COC[C@@H]1C2
C1C[NH1+1]1NNC=NCC=NN=C(C=CCCCCF)S,-3.83,augment,,,FCCCCC=CC(S)=NN=CCN=CNN[NH+]1CC1
C1CCC=C(OC=C(C#N)CC=CC=NC=O)N1,-3.84,augment,,,N#CC(=COC1=CCCCN1)CC=CC=NC=O
C1CCOC=C(C#N)C=CCC=C1,-3.78,augment,,,N#CC1=COCCCC=CCC=C1
N#CC=C(COCC#CNC=NC1)CC=CC=C1C(=O)C2C=CC2,-5.09,augment,,,N#CC=C1CC=CC=C(C(=O)C2C=CC2)CN=CNC#CCOC1
N#CC=CCC(O)CCOCCN(C=CN=CN)CCl,-2.39,augment,,,N#CC=CCC(O)CCOCCN(C=CN=CN)CCl
C1C=CC=CC(NCCN(N)CCC=CC#N)C2C=C2N=N1,-5.3,augment,,,N#CC=CCCN(N)CCNC1C=CC=CCN=NC2=CC21
N#CC=CN=NOCOO,-3.38,augment,,,N#CC=CN=NOCOO
N#CCCOC1CC=NC=C1C=O,-3.48,augment,,,N#CCCOC1CC=NC=C1C=O
N#CCON=C(C=CC=CC=O)CC[NH1],-2.85,augment,,,N#CCON=C(C=CC=CC=O)CC[NH]
N#CCC1=CC=CC=C1C=CC=C(Cl)C=CO,-3.73,augment,,,N#CCc1ccccc1C=CC=C(Cl)C=CO
O=C(CN)C(=S)N1CC=NC=C1C2=CC=CC=C2C#N,-3.98,augment,,,N#Cc1ccccc1C1=CN=CCN1C(=S)C(=O)CN
N#CC1=CC=CN1CCl,-2.5,augment,,,N#Cc1cccn1CCl
O=C(CNCOCOC=O)C(=N)C1=CC=CC=C1CNO,-0.93,augment,,,N=C(C(=O)CNCOCOC=O)c1ccccc1CNO
OCOC(=N)C=CC=CN=C/NC/C=CC=CC=NCN=CNC=CF,-3.32,augment,,,N=C(C=CC=CN=CNCC=CC=CC=NCN=CNC=CF)OCO
C1CCCC=C(NCC=NC(=N)C=CC=CSN(C2)S2)C1,-4.33,augment,,,N=C(C=CC=CSN1CS1)N=CCNC1=CCCCCC1
O=CC=CC=NC=CC(=N)N(C12F)C1OS2,-3.86,augment,,,N=C(C=CN=CC=CC=O)N1C2OSC21F
OCCCCCNNNCCCCC(Cl)=N,-0.95,augment,,,N=C(Cl)CCCCNNNCCCCCO
OC(=N)NC=CC=CC=C1C=C1NC=O,-3.98,augment,,,N=C(O)NC=CC=CC=C1C=C1NC=O
C1OC(=N)C=C1C(N)(C2)CC2NNCCCC=C3C4=CCC=C43,-4.77,augment,,,N=C1C=C(C2(N)CC(NNCCCC=C3C4=CCC=C43)C2)CO1
C1CN(C1C=CC=CNC=O)CN2C(=N)C=CCC=CCNCCC2,-4.9,augment,,,N=C1C=CCC=CCNCCCN1CN1CCC1C=CC=CNC=O
C1NN=C(CCCOC=O)C1=[NH1],-2.87,augment,,,N=C1CNN=C1CCCOC=O
N=C=NN=CC1C(C(C2)=C1C=CCCN)CCN3C=C4C(CCC3)C24,-5.43,augment,,,N=C=NN=CC1C(C=CCCN)=C2CC3C4=CN(CCCC43)CCC21
N=C=O,-2.43,augment,,,N=C=O
C1CCC2CC2(SCNC(=O)CCC=CC=CC3=CC=N)C=C13,-5.14,augment,,,N=CC=C1C=CC=CCCC(=O)NCSC23C=C1CCCC2C3
O1[C@@H1](C[C@@H1]1C=O)C2=CC=CC=C2C=N,-2.97,augment,,,N=Cc1ccccc1[C@@H]1C[C@H](C=O)O1
C1OC=CC[C@@H1]1NCNCCCCC=CCCCCC=C(F)C=CN=N,-2.36,augment,,,N=NC=CC(F)=CCCCCC=CCCCCNCN[C@H]1CC=COC1
C1CNCC2(N=NC=C12)C(=O)C3=CSC=C3C=CSN=CN=N,-4.52,augment,,,N=NC=NSC=Cc1cscc1C(=O)C12CNCCC1=CN=N2
O=C([O-1])C=CCC#CN,-3.72,augment,,,NC#CCC=CC(=O)[O-]
C1CCC=CC=C1C=C(N)[C@@H1](O)CC2CC2=O,-3.27,augment,,,NC(=CC1=CC=CCCC1)[C@@H](O)CC1CC1=O
O1C[C@@H1]1C=C(N)CC2OCC=C2,-3.65,augment,,,NC(=C[C@H]1CO1)CC1C=CCO1
NC(=O)C=O,-2.34,augment,,,NC(=O)C=O
NC(=O)NC=CSNC=NC=O,-3.61,augment,,,NC(=O)NC=CSNC=NC=O
O=C(N)[C@@H1](O)CCC(CNCCCC=CSS)CF,-1.06,augment,,,NC(=O)[C@@H](O)CCC(CF)CNCCCC=CSS
C1OCCC=C1C(N)=C(S2)CC=CC=C2,-4.47,augment,,,NC(C1=CCCOC1)=C1CC=CC=CS1
C1CCC1CCC(N)C=CC=O,-3.6,augment,,,NC(C=CC=O)CCC1CCC1
C1C=CC=C1CCCNCCC(N)C=CC=O,-4.04,augment,,,NC(C=CC=O)CCNCCCC1=CC=CC1
O=C([O-1])CC=CC=CCCOC(N)C=NC=O,-3.48,augment,,,NC(C=NC=O)OCCC=CC=CCC(=O)[O-]
O=CC(N)COCC[NH1]C=CC(=O)N=O,-3.42,augment,,,NC(C=O)COCCNC=CC(=O)N=O
O=CNCNC(N)C=O,-2.73,augment,,,NC(C=O)NCNC=O
NC(N)C=CNC=CC=CC1=NNC/C(C2=C/C=C/C=C2)CCOC1(F)F,-4.62,augment,,,NC(N)C=CNC=CC=CC1=NNCC(c2ccccc2)CCOC1(F)F
NC(O)C=CC1=NC=C1F,-3.3,augment,,,NC(O)C=CC1=NC=C1F
NC(O)OCC=NCC=CC=CCl,-2.93,augment,,,NC(O)OCC=NCC=CC=CCl
N1C=CC1(N)CN2NC(O)C=C2ON=CC=CC=COSO,-4.61,augment,,,NC1(CN2NC(O)C=C2ON=CC=CC=COSO)C=CN1
O1C2(N)C3C4CC=C[NH1]C#CC3C42C1CF,-4.27,augment,,,NC12OC(CF)C13C1C#CNC=CCC3C12
C1[C@H1](C[C@H1]1OCC=CCSC2=CC#CCC=C2CCCCCCC=3)CC=3N,-5.14,augment,,,NC1=CCCCCCCC2=CCC#CC=C2SCC=CCO[C@H]2C[C@@H](C1)C2
C12[C@@H1](NC=CC=O)NCN1C(N)C2C3CC3,-4.65,augment,,,NC1C(C2CC2)C2[C@@H](NC=CC=O)NCN12
O=C(NCCC=C=CC(F)=CC1C2C1N)C3=CCC=CC32,-5.35,augment,,,NC1C2C=C(F)C=C=CCCNC(=O)C3=CCC=CC3C12
[NH3+1]/C1(O)/C(N)C=C1CC=CC=NC=C=C2CC2,-3.56,augment,,,NC1C=C(CC=CC=NC=C=C2CC2)C1([NH3+])O
NC(O1)C=C=C=CC=C=NCC=COCS1,-4.75,augment,,,NC1C=C=C=CC=C=NCC=COCSO1
C1CCNCCNC(=O)NC=CC=CC=C=CC(N)NCC=NN1,-4.51,augment,,,NC1C=C=CC=CC=CNC(=O)NCCNCCCNN=CCN1
C1CN=CC=C/C(N)N(C2=CC(O)C=C2)CS1,-4.01,augment,,,NC1C=CC=NCCSCN1C1=CC(O)C=C1
C1CCC=CC1N,-3.61,augment,,,NC1C=CCCC1
C1[C@H1]2C(=O)N=C/C(N)C=C1CO2,-4.35,augment,,,NC1C=NC(=O)[C@@H]2CC(=C1)CO2
C1CC2CC1([C@H1](C=O)C(N)CC2(S)C=O)NC=CC3=CC3,-3.31,augment,,,NC1CC(S)(C=O)C2CCC(NC=CC3=CC3)(C2)[C@@H]1C=O
O=C(C=CNCOC=C[NH1]C1N)NCC[NH1+1](O)C=CC=COC=CC1,-3.94,augment,,,NC1CC=COC=CC=C[NH+](O)CCNC(=O)C=CNCOC=CN1
C1CCCC(N)C1=O,-3.46,augment,,,NC1CCCCC1=O
C1OC1N,-2.65,augment,,,NC1CO1
NC=CC1=CC=CCC1C=O,-3.45,augment,,,NC=CC1=CC=CCC1C=O
C1OC=CC1(CC=CN)CCC2NCC(O)C2C=O,-3.81,augment,,,NC=CCC1(CCC2NCC(O)C2C=O)C=COC1
NC=NC1(O)C=C/C=C\CNC(=O)C2=CC=CC=C12,-4.25,augment,,,NC=NC1(O)C=C/C=C\CNC(=O)c2ccccc21
C1C=CC=CC(CC(=O)C(N2)C3=CCCCNN=CN)=C2C=CC=C31,-4.46,augment,,,NC=NNCCCC=C1C2=CC=CC3=C(C=CC=CC2)CC(=O)C1N3
O=C(CN)C(=O)NCCNCCNCCC=CC=C1CC=CN=N1,-1.08,augment,,,NCC(=O)C(=O)NCCNCCNCCC=CC=C1CC=CN=N1
C1C=NCCN=C1CCCN2CCCC=C2CN,-2.94,augment,,,NCC1=CCCCN1CCCC1=NCCN=CC1
O=C(OC1=CC=CC=C1NC=CCN)CCC(Cl)=CCF,-3.47,augment,,,NCC=CNc1ccccc1OC(=O)CCC(Cl)=CCF
NCC=NCNCC=CC=O,-3.03,augment,,,NCC=NCNCC=CC=O
NCCC=CCCN(C1)CCC=CN1CC=O,-3.05,augment,,,NCCC=CCCN1CCC=CN(CC=O)C1
NCCC=NCCCC=CNCC(=O)NCC1C=C1F,-2.4,augment,,,NCCC=NCCCC=CNCC(=O)NCC1C=C1F
NCCCNC(CCCCCCl)=O,-2.62,augment,,,NCCCNC(=O)CCCCCCl
C1CN1CN,-2.63,augment,,,NCN1CC1
NCNN(N1)C(=O)CC=CC#CC1=O,-4.49,augment,,,NCNN1NC(=O)C#CC=CCC1=O
NCOC=NC=O,-2.32,augment,,,NCOC=NC=O
NC[NH2+1]C[C@@H1](C1)CC=CC=CCC=CC=C1N2CCCCC2,-5.3,augment,,,NC[NH2+]C[C@@H]1CC=CC=CCC=CC=C(N2CCCCC2)C1
O=C(CCCNC(CCCC1)C2C1=NN)CC2Br,-4.63,augment,,,NN=C1CCCCC2NCCCC(=O)CC(Br)C12
C1=CC[C@H1]1C=CC=NN,-3.32,augment,,,NN=CC=C[C@H]1C=CC1
C1CCC=CN1C=CCCCC(=O)NC=CCCSC=NN,-3.55,augment,,,NN=CSCCC=CNC(=O)CCCC=CN1C=CCCC1
C1OC=NCC(NN)=NC=C(C=CC=O)C1,-4.52,augment,,,NNC1=NC=C(C=CC=O)CCOC=NC1
C12OC=CC=CC=C1C=CC2ON,-4.61,augment,,,NOC1C=CC2=CC=CC=COC21
NOC=NNCC1C=CCNCC=CC=CCC=C1,-5.05,augment,,,NOC=NNCC1C=CCC=CC=CCNCC=C1
C1CC[C@@H1]1C[C@H1](ON)CCCCC=C2N=N2,-2.54,augment,,,NO[C@H](CCCCC=C1N=N1)CC1CCC1
C1[C@H1](N)CN2C1[C@H1](N3)[C@@H1](C=CNC=CC4=CCC2)C4CCC=C3C5CC5,-5.38,augment,,,N[C@H]1CC2[C@@H]3NC(C4CC4)=CCCC4C(=CCCN2C1)C=CNC=C[C@@H]43
O=C(C[C@@H1](N)CC=CC1CC2=CC=CC=C2)O1,-4.32,augment,,,N[C@H]1CC=CC(Cc2ccccc2)OC(=O)C1
C1C[C@H1](N)N(O)C1=O,-3.69,augment,,,N[C@H]1CCC(=O)N1O
C1[NH1+1]CC=C[NH1+1]1N,-3.35,augment,,,N[NH+]1C=CC[NH+]C1
O=C(CC1=CC=CC1)SN2CCOCC=C(O)CCO2,-3.64,augment,,,O=C(CC1=CC=CC1)SN1CCOCC=C(O)CCO1
C1OC=NC=C1CC(=O)NNCSSC2CNN=N2,-2.17,augment,,,O=C(CC1=CN=COC1)NNCSSC1CNN=N1
O=C(CCCC(O1)OCC=N1)CCCC(CF)CCF,-2.09,augment,,,O=C(CCCC(CF)CCF)CCCC1OCC=NO1
O=C(N1C=CCNC(=O)CF)C=NC=C[NH1]1,-3.71,augment,,,O=C(CF)NCC=CN1NC=CN=CC1=O
C1OC=CC=CCN1CC(=O)NSCF,-2.86,augment,,,O=C(CN1CC=CC=COC1)NSCF
OC(CNC(=O)N[NH1+1]CCCC=CF)CCCF,-2.61,augment,,,O=C(NCC(O)CCCF)N[NH+]CCCC=CF
O=C(NCC1CCCO1)c1ccc(C(=O)NCC2CCCO2)cc1,-4.0,anchor,analog,BI-4924,O=C(NCC1CCCO1)c1ccc(C(=O)NCC2CCCO2)cc1
O=C(NCC1CCCO1)c1ccc(NS(=O)(=O)c2ccc(F)cc2)cc1,-4.77,anchor,analog,BI-4924,O=C(NCC1CCCO1)c1ccc(NS(=O)(=O)c2ccc(F)cc2)cc1
O=C(NCC1CCCO1)c1ccc(NS(=O)(=O)c2cccc([N+](=O)[O-])c2)cc1,-5.16,anchor,analog,BI-4924,O=C(NCC1CCCO1)c1ccc(NS(=O)(=O)c2cccc([N+](=O)[O-])c2)cc1
O=C(NCC1CCCO1)c1ccc(NS(=O)(=O)c2ccccc2)cc1,-4.61,anchor,analog,BI-4924,O=C(NCC1CCCO1)c1ccc(NS(=O)(=O)c2ccccc2)cc1
O=C(NCC1CCCO1)c1ccc(NS(=O)(=O)c2cccs2)cc1,-4.71,anchor,analog,BI-4924,O=C(NCC1CCCO1)c1ccc(NS(=O)(=O)c2cccs2)cc1
O=C(NCC1CCCO1)c1cccc(NS(=O)(=O)c2ccc(Br)cc2)c1,-4.98,anchor,analog,BI-4924,O=C(NCC1CCCO1)c1cccc(NS(=O)(=O)c2ccc(Br)cc2)c1
O=C(NCC1CCCO1)c1cccc(NS(=O)(=O)c2ccccc2)c1,-4.4,anchor,analog,BI-4924,O=C(NCC1CCCO1)c1cccc(NS(=O)(=O)c2ccccc2)c1
O=C(NCC1CCCO1)c1cccc(S(=O)(=O)Nc2ccc(F)cc2)c1,-4.65,anchor,analog,BI-4924,O=C(NCC1CCCO1)c1cccc(S(=O)(=O)Nc2ccc(F)cc2)c1
C1CC[C@H1]1NC(=O)NCCC2C=C2Br,-4.3,augment,,,O=C(NCCC1C=C1Br)NC1CCC1
OC(=O)NCC=CC=C1CCOC(C2)C=C12,-4.73,augment,,,O=C(O)NCC=CC=C1CCOC2C=C1C2
O=C(O)c1ccc(NS(=O)(=O)c2ccc(Cl)cc2)cc1,-4.71,anchor,analog,NCT-503,O=C(O)c1ccc(NS(=O)(=O)c2ccc(Cl)cc2)cc1
O=C(O)c1ccc(S(=O)(=O)Nc2ccc(Cl)cc2)cc1,-5.09,anchor,analog,NCT-503,O=C(O)c1ccc(S(=O)(=O)Nc2ccc(Cl)cc2)cc1
C1=CC12CCNC=C2C(=O)[O-1],-3.8,augment,,,O=C([O-])C1=CNCCC12C=C2
O=C([O-1])C=C=CC1NCCCCC=CC#C1,-4.6,augment,,,O=C([O-])C=C=CC1C#CC=CCCCCN1
O=C([O-1])CC=CC1=CC=C2C=C12,-4.38,augment,,,O=C([O-])CC=Cc1ccc2cc1-2
O=C([O-1])[C@@H1](O)C=CN1OOC=C1,-3.78,augment,,,O=C([O-])[C@@H](O)C=CN1C=COO1
C1OC(=O)C#C1,-3.11,augment,,,O=C1C#CCO1
O=C(C=CCCOC=C1CF)C#CN1,-3.61,augment,,,O=C1C#CNC(CF)=COCCC=C1
C1CC=C(C2=O)C=CC3=C2C=CN=C13,-4.03,augment,,,O=C1C2=CCCc3nccc1c3C=C2
O=C(C1C=C2C=CC1C=C3C=CC4=CC=CC=C2)C34,-5.56,augment,,,O=C1C2C3=CC=CC=CC4=CC1C(C=C4)C=C2C=C3
C1C=NC=CCOC=C(O)NC=C2CC=CC=C2C(C3=O)N3CC=C1,-5.54,augment,,,O=C1C2C3=CC=CCC3=CNC(O)=COCC=CN=CCC=CCN12
C12OCC3CC[C@H1](C3=O)NCC1C=N2,-4.16,augment,,,O=C1C2CC[C@H]1NCC1C=NC1OC2
O=C1CCC=C=C1,-3.29,augment,,,O=C1C=C=CCC1
C1CCOC2=C1C=CC2=O,-3.99,augment,,,O=C1C=CC2=C1OCCC2
O=C(C=CC1=CC(CC12CF)SCC2C3=O)C3,-4.54,augment,,,O=C1C=CC2=CC3CC2(CF)C(CS3)C(=O)C1
C1C2CCCC=C2C=CC(=O)NC1=O,-4.56,augment,,,O=C1C=CC2=CCCCC2CC(=O)N1
OC(=O)N1NC2=CC3=C1C=CC(C4)C=C4CC(=O)C=CC3C=C2,-5.31,augment,,,O=C1C=CC2C=CC3=CC2=C(C=CC2C=C(C1)C2)N(C(=O)O)N3
C1OC(=C2)N2NC(O)N=CC3OC(C=CC3CSC1)=O,-4.28,augment,,,O=C1C=CC2CSCCOC3=CN3NC(O)N=CC2O1
C1OC(=O)C=CC=C=CC2CC21,-3.73,augment,,,O=C1C=CC=C=CC2CC2CO1
C12CC(=O)N1C(=O)C=CC=CC3=CC3CC#C2,-4.54,augment,,,O=C1C=CC=CC2=CC2CC#CC2CC(=O)N12
C12CS3=C=C[C@@H1]1NC=NC=C=CC=CC=CC(=O)CCOC2OC3,-5.38,augment,,,O=C1C=CC=CC=C=CN=CN[C@H]2C=C=S3COC(OCC1)C2C3
C=1COC(=O)[C@@H1]=CC=CCC(O2)CCCCC2C(O)C=C=1,-4.65,augment,,,O=C1C=CC=CCC2CCCCC(O2)C(O)C=C=CCO1
C1CC2C=CC(NC(=O)CCNC=CC=CC(=O)C[NH1]2)CC1,-4.39,augment,,,O=C1C=CC=CNCCC(=O)NC2C=CC(CCCC2)NC1
C1OC=NC=CC(=O)CCN=CC(CF)C1=O,-3.47,augment,,,O=C1C=CN=COCC(=O)C(CF)C=NCC1
C1SC=CC1=O,-3.08,augment,,,O=C1C=CSC1
C1SCCCSN2C(COC=C2C3CC3=O)=CCC=C1,-4.66,augment,,,O=C1CC1C1=COCC2=CCC=CCSCCCSN21
C1C=NC=COC=CC1CC2C(=O)CC3CC3OCC=CC=CC=CCC=C2,-6.08,augment,,,O=C1CC2CC2OCC=CC=CC=CCC=CC1CC1C=COC=CN=CC1
C1C(C2)[C@@H1]2OC(=O)CC3CN3CCCC4CSCCC[C@H1]4C1,-4.85,augment,,,O=C1CC2CN2CCCC2CSCCC[C@H]2CCC2C[C@H]2O1
C1=C(O)OC=CC=CCC(=O)NC=CC=C(F)C=CC=CC=C1,-4.77,augment,,,O=C1CC=CC=COC(O)=CC=CC=CC=CC(F)=CC=CN1
C1NC(O)NCCCCOC(=O)CC=COCC=CC=C1,-4.71,augment,,,O=C1CC=COCC=CC=CCNC(O)NCCCCO1
C1CCC=CC=NC=CC=C(NC1=O)[O-1],-4.37,augment,,,O=C1CCCC=CC=NC=CC=C([O-])N1
C1CCNC1=O,-3.29,augment,,,O=C1CCCN1
C1C(=O)CCCOC=C1NCCCOC[NH1+1][NH1+1]2CCCCC2,-2.76,augment,,,O=C1CCCOC=C(NCCCOC[NH+][NH+]2CCCCC2)C1
O=C1CCN(CF)C=CC2=C3N=CC=CC=CC=C3N21,-4.2,augment,,,O=C1CCN(CF)C=CC2=C3N=CC=CC=CC=C3N12
O=C1CCNC=C[NH1]CCCC=CNC2=NC=CNC2CC1,-4.54,augment,,,O=C1CCNC=CNCCCC=CNC2=NC=CNC2CC1
C1COC1=O,-2.99,augment,,,O=C1CCO1
C1NC1=O,-2.84,augment,,,O=C1CN1
C1NCNC1=O,-3.05,augment,,,O=C1CNCN1
C1OC1=O,-2.49,augment,,,O=C1CO1
O=C(COC=NC1=NC2=CC=CC=C1CCCCC23)C3,-4.89,augment,,,O=C1COC=NC2=NC3=CC=CC=C2CCCCC3C1
O=C(C[NH1+1](F)N=C=N1)NC1NC=NC=CC=CC2=CC=CC=C2,-4.97,augment,,,O=C1C[NH+](F)N=C=NC(NC=NC=CC=Cc2ccccc2)N1
C1[NH1+1]C=NC(C=C2C=CNC1=O)C2=C3CC3,-4.0,augment,,,O=C1C[NH+]C=NC2C=C(C=CN1)C2=C1CC1
C1C=NC=CC=CC=C1C2NC2=O,-4.73,augment,,,O=C1NC1C1=CC=CC=CN=CC1
C1C=CC=CC=NNC(=O)NC=C1C=C2C=CCN=C3NCCCC3O2,-5.2,augment,,,O=C1NC=C(C=C2C=CCN=C3NCCCC3O2)CC=CC=CC=NN1
C1C=CN=C1/C=CC=CCC=CCC2C[NH1]C(=O)NC=CNC23CCCSO3,-5.43,augment,,,O=C1NC=CNC2(CCCSO2)C(CC=CCC=CC=CC2=NC=CC2)CN1
C1CCNC(=O)C2OC=CC=C3C1C(O)C=C32,-4.21,augment,,,O=C1NCCCC2C3=CC=COC1C3=CC2O
C12[C@@H1]=C[C@@H1](NNC3=O)CCCC=C1N=C3NC4C=C42,-4.66,augment,,,O=C1NN[C@@H]2C=CC3C(=CCCC2)N=C1NC1C=C13
C1OC=C2C=C3C=C2CCC=CC=CC=C1[C@H1]3C4OC4=O,-5.28,augment,,,O=C1OC1[C@H]1C2=CC3=COCC1=CC=CC=CCCC3=C2
C12OC(=O)C1CC[NH1]2,-3.6,augment,,,O=C1OC2NCCC12
O=C(ON1)C2=C3NC=CC=C3CNN(C=CC=C2C=CO)S1,-5.0,augment,,,O=C1ONSN2C=CC=C(C=CO)C1=C1NC=CC=C1CN2
C12NSCCCCC=C1C3C(=O)C4=CC5=NNC=C4N=C5CCCCC=C=C3C2,-5.49,augment,,,O=C1c2cc3c(nc2=CNN=3)CCCCC=C=C2CC3NSCCCCC=C3C12
C1C=CCCS12C(=O)N=C(C2)C=C=O,-5.06,augment,,,O=C=CC1=NC(=O)S2(CC=CCC2)C1
O=C=NC=NO[C@H1]=C=NNC=[C@H1]C=O,-3.9,augment,,,O=C=NC=NOC=C=NNC=CC=O
O=C=O,-2.12,augment,,,O=C=O
C1=CCC(O2)C=C=C1C=CC=C3C(=O)CCCC2SS3=C=O,-4.87,augment,,,O=C=S1SC2CCCC(=O)C1=CC=CC1=C=CC(CC=C1)O2
C1CNN=C(C(=O)C=O)CCCC1,-3.82,augment,,,O=CC(=O)C1=NNCCCCCC1
O=C(CNCNC=NC=CC=CC=CF)C=O,-2.89,augment,,,O=CC(=O)CNCNC=NC=CC=CC=CF
C1OC=CCC=C1C=CNC(=O)C=O,-4.06,augment,,,O=CC(=O)NC=CC1=CCC=COC1
C1CC=NC=C(CCNC(=O)C=O)OC1,-3.86,augment,,,O=CC(=O)NCCC1=CN=CCCCO1
C1C=CC=CC(=O)CCN1CNC(=O)C=O,-3.91,augment,,,O=CC(=O)NCN1CC=CC=CC(=O)CC1
C1COCCC=CC=C1NNC(=O)C=O,-3.92,augment,,,O=CC(=O)NNC1=CC=CCCOCC1
C1COCCCNN(CCC(=O)C=C(F)C=O)C1,-3.33,augment,,,O=CC(F)=CC(=O)CCN1CCCOCCCN1
C1OC=CC=C[C@@H1]1CC(O)C=O,-3.56,augment,,,O=CC(O)C[C@H]1C=CC=COC1
C1C=CC(F)=C(C=O)C1,-3.47,augment,,,O=CC1=C(F)C=CCC1
C1CC=C=C1C=O,-3.23,augment,,,O=CC1=C=CCC1
C1OC(O)C=C1C=O,-3.39,augment,,,O=CC1=CC(O)OC1
C1C=C1C=O,-2.67,augment,,,O=CC1=CC1
C1=CC=C1C=O,-3.07,augment,,,O=CC1=CC=C1
C1C=CC=C=CC=C(C=O)N1,-3.95,augment,,,O=CC1=CC=C=CC=CCN1
C1CC=CC=C1C=O,-3.68,augment,,,O=CC1=CC=CCC1
C1NC=CC=C1C=O,-3.41,augment,,,O=CC1=CC=CNC1
C1OC=CNC=CC=C(C=O)C=C2C1=N2,-4.01,augment,,,O=CC1=CC=CNC=COCC2=NC2=C1
C1CN1NN[C@@H1](C=C2C=O)C=N2,-4.24,augment,,,O=CC1=C[C@H](NNN2CC2)C=N1
O=CC=1CC=CN=1,-3.11,augment,,,O=CC1=NC=CC1
C12CN=C(C=O)CCC(CC=C1)C=C2C3CC=CC=C3,-4.52,augment,,,O=CC1=NCC2C=CCC(C=C2C2C=CC=CC2)CC1
O=CC1=NCCOOC1C=CC2CCCC(F)CC2=O,-4.18,augment,,,O=CC1=NCCOOC1C=CC1CCCC(F)CC1=O
FC=CC1=CC1C=O,-3.08,augment,,,O=CC1C=C1C=CF
C1OCC(=O)C=C2C=C1C=CC2C=O,-4.14,augment,,,O=CC1C=CC2=CC1=CC(=O)COC2
C1C=CC=CC(C=O)CC1,-3.71,augment,,,O=CC1C=CC=CCCC1
C1OC=CC=CC1C=O,-3.28,augment,,,O=CC1C=CC=COC1
C1COC(=O)CC1(C=O)[C@@H1](O2)CCCCC2C=O,-4.19,augment,,,O=CC1CCCC[C@@H](C2(C=O)CCOC(=O)C2)O1
C1COC1C=O,-2.7,augment,,,O=CC1CCO1
C1CC2CNCCN1CC(=O)NCC2C=O,-4.02,augment,,,O=CC1CNC(=O)CN2CCNCC1CC2
O=CC=C1C2CC3CCCCCC=C(F)C=CC3=C12,-5.36,augment,,,O=CC=C1C2=C3C=CC(F)=CCCCCCC3CC12
O=C([O-1])[C@@H1]1NC1=CC=O,-3.3,augment,,,O=CC=C1N[C@H]1C(=O)[O-]
O=CC=C=NC1(C=CC=CC=C1Cl)SCO,-3.79,augment,,,O=CC=C=NC1(SCO)C=CC=CC=C1Cl
C1NC(=O)SCCC(=O)C=C1C=CC=O,-4.54,augment,,,O=CC=CC1=CC(=O)CCSC(=O)NC1
C1C(C(Cl)C=C1)C=CC=O,-3.97,augment,,,O=CC=CC1CC=CC1Cl
C1COC(C=CC=O)CCCNCC(C2)NC2CCC1=NS,-3.87,augment,,,O=CC=CC1CCCNCC2CC(CCC(=NS)CCO1)N2
O=CC=CC=CC=CCC=NC=CF,-3.64,augment,,,O=CC=CC=CC=CCC=NC=CF
C1C[C@H1]1CNC=CC=CC=CC=O,-3.7,augment,,,O=CC=CC=CC=CNCC1CC1
FC=CC=CC=O,-2.87,augment,,,O=CC=CC=CF
O=CC=CC=CNN=CC=CCN=O,-4.53,augment,,,O=CC=CC=CNN=CC=CCN=O
C1[C@@H1](CC=CC=O)CCC1,-3.71,augment,,,O=CC=CCC1CCCC1
C1CN(CCC=CC=O)CC=CC=CNCC2C=NC=C1C2,-4.57,augment,,,O=CC=CCCN1CC=CC=CNCC2C=NC=C(CC1)C2
C1OC=C[C@@H1]1CCC=CC=O,-3.62,augment,,,O=CC=CCC[C@H]1C=COC1
C1CC=NN1CC=CC=O,-3.36,augment,,,O=CC=CCN1CCC=N1
O=CC=CCN/C=CC1=NC=C(C=CPC23OCOC2C=CC4)C4=C3C=C1OO,-5.21,augment,,,O=CC=CCNC=CC1=NC=C2C=CPC34OCOC3C=CCC2=C4C=C1OO
FC=CC=O,-2.28,augment,,,O=CC=CF
C1COC=CC=CCC=CC=CN1C=CC=O,-4.49,augment,,,O=CC=CN1C=CC=CCC=CC=COCC1
C1COC=CN1C=CC=O,-3.41,augment,,,O=CC=CN1C=COCC1
O=CC=CNC=CC=CC=CF,-3.32,augment,,,O=CC=CNC=CC=CC=CF
O=CNC=CC=O,-2.78,augment,,,O=CC=CNC=O
O=CC=CNCC=CCF,-2.8,augment,,,O=CC=CNCC=CCF
C1OCCCC=C1NCCNC=CC=O,-3.42,augment,,,O=CC=CNCCNC1=CCCCOC1
OCNC=CC=O,-2.82,augment,,,O=CC=CNCO
O=CC=CNNC=CC=CC=C[NH1]CCl,-3.37,augment,,,O=CC=CNNC=CC=CC=CNCCl
C1C=CC=C1OC=CC=O,-3.33,augment,,,O=CC=COC1=CC=CC1
C1C=CC=C1C(=O)COC=CC=O,-3.65,augment,,,O=CC=COCC(=O)C1=CC=CC1
O=C(CNN=CC=O)CC12CCCC1N2,-3.42,augment,,,O=CC=NNCC(=O)CC12CCCC1N2
O=CC=O,-2.19,augment,,,O=CC=O
C1CC=CC=C(OC#CCNC2C(O)CC=O)C23C=C31,-3.42,augment,,,O=CCC(O)C1NCC#COC2=CC=CCCC3=CC321
C1CC=C1CSC(=O)C(O)C2C(=O)C=CC2CC=O,-3.02,augment,,,O=CCC1C=CC(=O)C1C(O)C(=O)SCC1=CCC1
O=CCC(N=CC=CC1=C2C(CCCC2)C=O)C=COC=C1,-4.73,augment,,,O=CCC1C=COC=CC(=C2CCCCC2C=O)C=CC=N1
O=CCC=CC(NC=O)C=O,-3.31,augment,,,O=CCC=CC(C=O)NC=O
C1=CC=CNCC1C=CC=CC=CC=CCC=O,-4.66,augment,,,O=CCC=CC=CC=CC=CC1C=CC=CNC1
O=CCC=CC=CCCF,-3.15,augment,,,O=CCC=CC=CCCF
O=CCC=CCCCNC=CC#CC1C2=C=C=C2C13C=N3,-4.17,augment,,,O=CCC=CCCCNC=CC#CC1C2=C=C=C2C12C=N2
O=CCC=CN=C=CC=CC=CC=CC=NNC(C(=O)CC=NC1)C1,-4.37,augment,,,O=CCC=CN=C=CC=CC=CC=CC=NNC1CCN=CCC1=O
OC(=O)CCN=CCC=O,-2.47,augment,,,O=CCC=NCCC(=O)O
O=CCC=O,-2.37,augment,,,O=CCC=O
C1CCCC=COCNCC(CCC=O)CCO1,-3.21,augment,,,O=CCCC1CCOCCCCC=COCNC1
C1OC=CCC1(C(C2)CCCC=C2)CCCC=O,-3.89,augment,,,O=CCCCC1(C2CC=CCCC2)CC=COC1
C1CCCC[C@H1]1CCCC=O,-3.8,augment,,,O=CCCCC1CCCCC1
ClCC=C=C=CC=NCCCCCC=O,-3.38,augment,,,O=CCCCCCN=CC=C=C=CCCl
O=CCCNC=O,-2.66,augment,,,O=CCCNC=O
O=CCCOC=O,-2.37,augment,,,O=CCCOC=O
C1CN1CC=O,-2.47,augment,,,O=CCN1CC1
O=C/CN/C=CC=CNC(=O)CC=NCC=CC=CC=C1N=C1,-4.33,augment,,,O=CCNC=CC=CNC(=O)CC=NCC=CC=CC=C1C=N1
OCC=O,-2.09,augment,,,O=CCO
C1C=CC=C1C=CC=CNSS(=O)CCCCC=CCCOCC=O,-2.56,augment,,,O=CCOCCC=CCCCCS(=O)SNC=CC=CC1=CC=CC1
O=CCPCC(C#CS)=CC=CCl,-3.15,augment,,,O=CCPCC(C#CS)=CC=CCl
C1C=NC[C@@H1]1CC=O,-3.1,augment,,,O=CC[C@@H]1CC=NC1
O=CC[NH1+1]CF,-2.3,augment,,,O=CC[NH+]CF
O=C(C[NH2+1]CC=O)CF,-2.84,augment,,,O=CC[NH2+]CC(=O)CF
C12CCN1N2C=O,-3.23,augment,,,O=CN1C2CCN21
C1CN2CN(C=O)C=C2C=C1,-3.74,augment,,,O=CN1C=C2C=CCCN2C1
C1C=CC=CN1C=O,-3.17,augment,,,O=CN1C=CC=CC1
C1C=CN(C=O)N1CCC23CC=NC2CN3,-4.51,augment,,,O=CN1C=CCN1CCC12CC=NC1CN2
O=C(C1O)C#CCN1C=O,-3.34,augment,,,O=CN1CC#CC(=O)C1O
C1CN1C=O,-2.57,augment,,,O=CN1CC1
O=C(C1)NC=CCN1C=O,-3.26,augment,,,O=CN1CC=CNC(=O)C1
C1CNN(C=O)CCC=C1,-3.68,augment,,,O=CN1CCC=CCCN1
O=CN1CC[NH1+1](F)C1F,-2.72,augment,,,O=CN1CC[NH+](F)C1F
C1OC(=O)CN1C=O,-3.07,augment,,,O=CN1COC(=O)C1
C1[C@H1]2OC=C1NN2C=O,-3.26,augment,,,O=CN1NC2=CO[C@@H]1C2
O=C([O-1])CCN1C=NCNN1C=O,-4.2,augment,,,O=CN1NCN=CN1CCC(=O)[O-]
O=CN=C1N(NC(=O)CF)CN=CNC1,-2.87,augment,,,O=CN=C1CNC=NCN1NC(=O)CF
C1CCC(=O)C1C2(CCCNCSNC3=NC=O)C3C=CC2,-4.94,augment,,,O=CN=C1NSCNCCCC2(C3CCCC3=O)CC=CC12
O=CN=C=C=C/C=CC(=O)C#CC=NC=CC=CC=C(F)C=O,-4.2,augment,,,O=CN=C=C=CC=CC(=O)C#CC=NC=CC=CC=C(F)C=O
C1C(C2)C=CC=C=CC(C(=O)C=NC=O)OCC2C1,-4.54,augment,,,O=CN=CC(=O)C1C=C=CC=CC2CCC(CO1)C2
C1CSC=CC=CC=C1C=CCCC(=O)C=NC=O,-4.4,augment,,,O=CN=CC(=O)CCC=CC1=CC=CC=CSCC1
C12CNC=C(C=NC=O)CC=C1C#C2,-4.9,augment,,,O=CN=CC1=CNCC2C#CC2=CC1
C1CN(CCSCCC=CC=CC=CCC=NC=O)S1,-3.45,augment,,,O=CN=CCC=CC=CC=CCCSCCN1CCS1
C1=CCCCN(C=NC=O)C=C1,-4.47,augment,,,O=CN=CN1C=CC=CCCC1
C1CC=C2C=C1C=CN2NC=NC=O,-3.97,augment,,,O=CN=CNN1C=CC2=CC1=CCC2
C=1CCC(C(=O)NC=O)CONNN=1,-4.49,augment,,,O=CNC(=O)C1CCC=NNNOC1
O=CNC(=O)C=CC=CC=CC=CC=CF,-3.63,augment,,,O=CNC(=O)C=CC=CC=CC=CC=CF
C1[C@H1](CCC=CC2=CC=C1C=C2)CCCNC(=O)NC=O,-4.82,augment,,,O=CNC(=O)NCCC[C@H]1CCC=Cc2ccc(cc2)C1
C1C=NC=C(NCNC(=O)NC=O)CCSC1,-4.3,augment,,,O=CNC(=O)NCNC1=CN=CCCSCC1
O=C[NH1]C=C1C#C1,-3.05,augment,,,O=CNC=C1C#C1
O=C[NH1]C=CC=C(N=O)CCC=CS,-3.76,augment,,,O=CNC=CC=C(CCC=CS)N=O
O=CNC=O,-2.72,augment,,,O=CNC=O
C1CN=CSC(C=C(CNC=O)N=O)COO1,-4.54,augment,,,O=CNCC(=CC1COOCCN=CS1)N=O
C12CCNC=CC1(CNC=O)S2,-4.02,augment,,,O=CNCC12C=CNCCC1S2
C1COC=C2C(CNC=O)C=CC3=C1C3=NC=C2,-4.52,augment,,,O=CNCC1C=CC2=C3CCOC=C1C=CN=C23
O=CNCCC1=NN(Br)N=CC(O)N=CN1C=C(CCCCF)F,-2.54,augment,,,O=CNCCC1=NN(Br)N=CC(O)N=CN1C=C(F)CCCCF
C1CCC=C1NC=NC(O2)CC(CCNC=O)COCCS2,-4.11,augment,,,O=CNCCC1COCCSOC(N=CNC2=CCCC2)C1
O=CNCCCSCCN=NCC(C1)CN(F)C=C1,-2.39,augment,,,O=CNCCCSCCN=NCC1CC=CN(F)C1
C1C=CC=CCN1CNC=O,-3.73,augment,,,O=CNCN1CC=CC=CC1
O=CNCN=CNCCF,-2.97,augment,,,O=CNCN=CNCCF
C1[C@@H1](CNC=O)C=C1Cl,-3.45,augment,,,O=CNC[C@H]1C=C(Cl)C1
C1[C@@H1]2OC=CC=C1C=C[C@@H1]2CNC=O,-4.21,augment,,,O=CNC[C@H]1C=CC2=CC=CO[C@H]1C2
O=CNN=CCC=C=CSCC(C1=C(C=CC=NC2)C=CC3NC3CC1)N2,-5.15,augment,,,O=CNN=CCC=C=CSCC1NCN=CC=CC2=C1CCC1NC1C=C2
O=CO,-2.18,augment,,,O=CO
OC(=O)OC=O,-2.29,augment,,,O=COC(=O)O
O=COC1(C(=O)CC=C1)C=CC=CF,-3.29,augment,,,O=COC1(C=CC=CF)C=CCC1=O
OC=CCSCCC=CC=CC1=CCCCOC=C1COC=O,-3.51,augment,,,O=COCC1=COCCCC=C1C=CC=CCCSCC=CO
C1C2C(PCOC=O)ON=CC=C2CCCC1,-3.69,augment,,,O=COCPC1ON=CC=C2CCCCCC21
C12CC3=S(C=O)C=C1CCCCC3C=C2,-4.62,augment,,,O=CS1=C2CC3C=CC2CCCCC3=C1
C1=CCC2=NC=C1C=C2C=O,-3.85,augment,,,O=Cc1cc2cnc1CC=C2
C1CCOC2=C1C=CC=C2C=O,-3.59,augment,,,O=Cc1cccc2c1OCCC2
C1CCC=CC(O)[C@@H1]1N2CCCC2CCC(C=NCCC34CC3N=O)=NC4,-4.6,augment,,,O=NC1CC12CCN=CC(CCC1CCCN1[C@@H]1CCCC=CC1O)=NC2
C1CC2C=NC3(N=C12)CCC3N=O,-4.9,augment,,,O=NC1CCC12N=CC1CCC1=N2
C1COC(CCl)C=CC=CCCN1NCCCN=O,-3.39,augment,,,O=NCCCNN1CCC=CC=CC(CCl)OCC1
C1=C2C=C3C=C=C(OC=NN=O)NC2C3C1,-4.94,augment,,,O=NN=COC1=C=CC2=CC3=CCC2C3N1
N1C(=O)N=C1N=CCCNN=O,-4.48,augment,,,O=NNCCC=NC1=NC(=O)N1
C1N=C1CN2CCC=C2COC=C3C=C4C=C4N3N=O,-3.78,augment,,,O=Nn1c(=COCC2=CCCN2CC2=NC2)cc2c1=C2
O=S(=O)(Nc1ccc(Cl)cc1)c1ccc(Cl)cc1,-4.29,anchor,analog,NCT-503,O=S(=O)(Nc1ccc(Cl)cc1)c1ccc(Cl)cc1
O=S(=O)(Nc1ccc(NS(=O)(=O)c2ccc(Cl)cc2)cc1)c1ccc(Cl)cc1,-5.8,anchor,analog,NCT-503,O=S(=O)(Nc1ccc(NS(=O)(=O)c2ccc(Cl)cc2)cc1)c1ccc(Cl)cc1
O=S(=O)(Nc1ccc(O)cc1)c1ccc(Cl)cc1,-4.31,anchor,analog,NCT-503,O=S(=O)(Nc1ccc(O)cc1)c1ccc(Cl)cc1
C1CN(O)C=C1C2C=C2S(=O)CCCCCCF,-3.25,augment,,,O=S(CCCCCCF)C1=CC1C1=CN(O)CC1
C1C=CC=NC=C1N(C2)S2=O,-3.95,augment,,,O=S1CN1C1=CN=CC=CC1
O=[S@@]=[C@H1]CNC=CC=NN[NH2+1]CCOC=C(F)C1=NN1,-3.25,augment,,,O=S=CCNC=CC=NN[NH2+]CCOC=C(F)C1=NN1
O=C(N=C1NC=CC=CC=CCF)C=C[NH1]1,-3.62,augment,,,O=c1cc[nH]c(NC=CC=CC=CCF)n1
C1CCC=C1C=CC=CC(O)NC=C2CCNC=N2,-4.11,augment,,,OC(C=CC=CC1=CCCC1)NC=C1CCNC=N1
C1=CN1COC=CSC2=NN=C3C=C(C=CCC3)C2O,-4.02,augment,,,OC1C2=CC(=NN=C1SC=COCN1C=C1)CCC=C2
C1C=NOC1CC=CC2CC3CCC=CC=CC(O)C=C32,-5.33,augment,,,OC1C=CC=CCCC2CC(C=CCC3CC=NO3)C2=C1
C1=CCCNC1O,-3.49,augment,,,OC1C=CCCN1
C1CC=CN=C1CNC2=CC=NC=CC(O)N3CCC=C32,-4.23,augment,,,OC1C=CN=CC=C(NCC2=NC=CCC2)C2=CCCN21
C1OCC2CC(O)CC=CC=C(Cl)CC2=C1,-4.13,augment,,,OC1CC=CC=C(Cl)CC2=CCOCC2C1
C12CCN1COCCC(O)C(C3)CC4C=C3CCC42Cl,-4.44,augment,,,OC1CCOCN2CCC2C2(Cl)CCC3=CC2CC1C3
C123CN1NC=C2NC3O,-3.74,augment,,,OC1NC2=CNN3CC213
C1#CC=C1CCC=CO,-3.49,augment,,,OC=CCCC1=CC#C1
C1COCNC[C@@H1](CCCCNC=CC2=CC=CC=C21)O,-4.66,augment,,,O[C@@H]1CCCCNC=Cc2ccccc2CCOCNC1
C1CC=CCCCN1C=NCC[C@H1](C2)[NH1+1](O)C=CC2,-4.16,augment,,,O[NH+]1C=CCC[C@H]1CCN=CN1CCC=CCCC1
C1=2C=CC=C1C=2O,-3.56,augment,,,Oc1c2cccc1-2
C1COC=CCCCSNC=CCC2SC=NC=CCC21P,-4.57,augment,,,PC12CC=CN=CSC1CC=CNSCCCC=COCC2
C1C2N=C(S)SCC=NC=CC=CC=C2C=CC=C1,-4.81,augment,,,SC1=NC2CC=CC=CC2=CC=CC=CN=CCS1
C1C=CC=C2C=CN1C=CC(Cl)[NH1]C=CC=NN=CC2S,-4.48,augment,,,SC1C=NN=CC=CNC(Cl)C=CN2C=CC1=CC=CC2
O=CC=CC=CN=C[NH1+1],-3.42,augment,,,[NH+]C=NC=CC=CC=O
O=CCS12NC=CN1C3CC3C[NH1+1]([NH1+1])CCCCCCC=C2,-4.12,augment,,,[NH+][NH+]1CCCCCCC=CS2(CC=O)NC=CN2C2CC2C1
C=1C=CC=CC=1C(O)CC[NH1+1]([NH2+1])CCOC=O,-1.41,augment,,,[NH2+][NH+](CCOC=O)CCC(O)c1ccccc1
O=C(CNC=CC1=CC=CCC2C=C2CCNC=C1)N=CC[NH3+1],-4.93,augment,,,[NH3+]CC=NC(=O)CNC=CC1=CC=CCC2C=C2CCNC=C1
N1C([O-1])CCCO1,-3.72,augment,,,[O-]C1CCCON1
C1C=NC=CCC=C=C(C=C/C=CC=CNCNNC=CC=CC=C[O-1])N1Br,-5.42,augment,,,[O-]C=CC=CC=CNNCNC=CC=CC=CC1=C=CCC=CN=CCN1Br
C1NCCNC23CNC=C1CC=S2CC4CC4(C=NC=C[O-1])N3,-4.17,augment,,,[O-]C=CN=CC12CC1CS1=CCC3=CNCC1(NCCNC3)N2
C1CC1C=CN(CC=CC=CC=CF)C[O-1],-3.06,augment,,,[O-]CN(C=CC1CC1)CC=CC=CC=CF
C1C=CC=CC=C1C=CNC[O-1],-4.3,augment,,,[O-]CNC=CC1=CC=CC=CC1
OCOC[O-1],-1.94,augment,,,[O-]COCO
C1/CC[C@H1]([O-1])CCONC=C1C=CC=CC=CS,-3.98,augment,,,[O-][C@H]1CCCC(C=CC=CC=CS)=CNOCC1
C1CC2=CC=CC=C12,-3.04,augment,,,c1ccc2c(c1)CC2
O1C2=CC=CC=C12,-2.98,augment,,,c1ccc2c(c1)O2
C1CC2=NC=CC=C12,-3.17,augment,,,c1cnc2c(c1)CC2
