idx,smiles,delta_g_kcal_mol,source
0,CC(C)C=C,-2.16,augment
1,CCOC([NH1+1])CNC=C1C=C1C(=O)C=CC=CC2(Cl)CC=C2CCC,-3.54,augment
2,CCCCC=C(C1C)[C@H1]1C[C@H1]CCCC=CC=CC=CC=O,-4.24,augment
3,C[C@H1]OC(C(=O)C(C)C=N)NC1CNC=C(COCC1CC2)CC=C2,-4.87,augment
4,O=C(CN1CC)C=C1SC(O)C(=C)C(OCC2)CCO2,-3.58,augment
5,COC=CCCCCC(S=CCC(C)[C@@H1][C@H1])N[C@@H1]=O,-3.16,augment
6,CCCC1N(CC)CCC2C(C)CC1N2C=O,-3.69,augment
7,CC(=N)C=CC(=O)C(=O)N1C=NC(C=CC=CCC=C12)C(C)=CC2,-5.33,augment
8,CC(C)[C@H1]OC1OCCC[C@@H1]1CC=CCCNCCOC=CCF,0.0,augment
9,CCCCC=NC(=O)NCCC(C)=CC=O,-4.2,augment
10,O1C(=O)OCCNC=CN(CC=O)NC1C,-3.08,augment
11,CCNN(CON)CCN1C(=O)NCCC(F)C=C1OC=CC(CC)(C)C=CC#C,-2.64,augment
12,CC=CCCN[C@H1](O)C=C1C[C@H1](C)C(C)CCC1C,0.0,augment
13,CC[C@@H1](NC)CCF,-2.23,augment
14,CC(O)C=CCCN(CC)COC1(C)CNCC1C=O,-2.62,augment
15,CC1=NC=C(ON)C=C(CC)C2C=C[C@H1](C)C=C(C2=C)SSC=C1Cl,0.0,augment
16,CCN=CC(C=CCCC1C[C@@H1]CCCCCNC=C2C)=CCC=C12,-5.29,augment
17,C[C@H1]C[C@@H1](C)NC=C(C)C=C=NF,-3.23,augment
18,CCN=CCCOC=O,-2.37,augment
19,C[C@@H1](C)NCC=CC=C(C=O)CC[C@@H1]CCCC=NNCC=C=CC=CCCO,-3.73,augment
20,C[C@H1]C(=O)CNC(=C)CCONCCCC1CC1N=O,-0.89,augment
21,C[C@@H1]CCSCC1=CCOC=C1C=O,-3.21,augment
22,O1[C@@H1](N/C(N)C=C1NC(=O)C=CO)C,-4.09,augment
23,CC=C1NCCC(=O)C(C)=CC2=CCCCC(=O)C=C1CCC2,-5.34,augment
24,CC[NH1+1]CC=CNNCCC[NH1+1]C1CCCCC(C=NC=C)(CC1CO)C=CCC,-2.9,augment
25,C#CNN1NC(=O)NCC=CCCC2CC2NC1=O,-4.3,augment
26,C1C(C)OC=C=CC=CC=C1,-3.72,augment
27,C1C[C@H1]C(N)[C@H1](C)CCC=C1N=CC=CC=CC=CCF,0.0,augment
28,CC(=O)NCCCCCCC=O,-3.38,augment
29,CCCC=C=C,-2.23,augment
30,COCCCCC(=O)C[C@@H1]C=C=CC=CCCC(F)CF,-2.42,augment
31,CCC=CC=CC1NCC(C2)C=CC=CN(C)CC=C12,-4.61,augment
32,C1CN=CC[C@H1](N)C(=O)C=CCC=C1,0.0,augment
33,C1C=CC=C(C(=O)CCC[C@H1](C)C=CCF)C=C1,0.0,augment
34,N1C([O-1])CCCO1,-3.72,augment
35,CC=N[C@@H1](Cl)C=CN(N)CCCC[C@H1]CC[C@H1](CC)C,-3.07,augment
36,CC1NC(C)NC=CC2CC(=O)C2C1C=O,-4.18,augment
37,COC=CCCCN=C[C@@H1]CC1C=CC=N1,-2.98,augment
38,CC(C1(C)OC=O)CN1CC2OC[C@@H1](O)C2C=CC,-3.41,augment
39,CC=NCN=CCCC=O,-2.86,augment
40,CC=CS1C=CCCC(=O)C=CC=CC1CC2CCC=C=C2,-5.32,augment
41,CCC=CCC1CCC=C1NC=CCCNNC(=O)OC=CCCC=O,-2.9,augment
42,O=S(CCC=C=C=CCCC1COC[C@H1]2CCC=CC23)C31C,-5.03,augment
43,CCCCC[C@@H1]CCNN=C1CCCCC1OOC=O,-3.69,augment
44,CCCCCCCNC=C1NCC[NH1+1]1O,-3.39,augment
45,O[C@@H1]C(=C)C=CC(=C)CCF,-3.29,augment
46,C1COC=C(C=CN2CCCCC(O)C3C)C=CC3C=COCCC12,-4.32,augment
47,CCOC=NC1C=CC=C=C1C=C(N)C=CNNCCC(C)CN=C=O,-3.92,augment
48,O=C(OC[NH1+1]NC=NC=CC=CNF)NOCC,-2.91,augment
49,C=CC(=O)NC(CCC)(C=C)COC(ONC)[NH1]COCCCO,0.0,augment
50,COC=CC=C(C1C)NC=NC1C=CC=C,-3.76,augment
51,C1C(C2)(C3NC31CC=N)C=C(N)C2(Cl)C=C=C,-4.17,augment
52,C1OC=CC=C(C)N(C2C=C1C(C)=C2C)CCC=O,-3.68,augment
53,C1CC=CS=CC2(N(S)CC=O)CC=CC(=C)C=C2S1=NC,-3.64,augment
54,CC[NH2+1]CC1=C(C)CC=C1CCCCCN,-4.05,augment
55,C1C=NC=CC=C1,-2.88,augment
56,CC(CC[C@H1]C=O)OC#CCC=CC=C(C(=O)COC1=CS1)OC,-2.53,augment
57,COCCCC(C=O)N,-2.33,augment
58,CCC(O)C=CN(C=NC=CC)O[C@@H1](C1)[C@H1]1CC#CC,-3.72,augment
59,C[C@H1]C1(C=C1NCCC[NH1+1]CCC=C)C=CC=CC#CCC#CC=C,-2.89,augment
60,O=C(NC[C@@H1](C)C=1C=C2C=C2C=1C=CN=CC)CC=CC=CF,-4.31,augment
61,CC(C)COC1[NH1+1]CCOC[C@H1]2OCCC(N)C=C1C=C2C,0.0,augment
62,CCCCCCCSC[C@@H1](C=CC=O)C1C[NH1+1](C)CCC=NC1=N,-3.62,augment
63,CCOC(=O)C=CC=C1C(C1N)C=CC=O,-3.63,augment
64,CC(N)(C)OCCNC(Cl)C=O,-1.88,augment
65,CC=CC=CCSCC=CC1(O)C2COC=NC=CN=C(O)C=CC=CN=C21,-4.64,augment
66,CCC=CC=C(C)C(=O)CCCN(O)C,-3.61,augment
67,C1[C@H1](CCC=CC2=CC=C1C=C2)CCCNC(=O)NC=O,-4.82,augment
68,C=CCNC=CC=CCOCC(=O)NC(O)C1=CC=CCC1(C=CC#C)C,-3.22,augment
69,C#CCC(C=O)CNCCNC(C)(C=O)CC=CF,-1.44,augment
70,CC=NC=CC[C@@H1]COC=CC(O)[C@@H1]C=C,-2.32,augment
71,O1[NH1+1](C)[C@H1](C2NC(C)=C2CCl)COCC(C)CS1C,-4.02,augment
72,C[C@@H1](CC=CCCCCC)NCNC=CC=CC=CC=CCF,-2.72,augment
73,CC=CC=CC(=O)NO[C@@H1](N)[C@H1]NCSC=CC=CS(CCC)=CF,-3.75,augment
74,CCN(S)C=CC(=O)/C=CC=CN(S)S1(O)=C=CC=C1CCC=CC,-4.09,augment
75,CC=CCCC(N1C=CC(=O)N1)C(C=O)=CC=CC,-3.74,augment
76,CCC1NCC=CC=CC=C1N(C)O[C@H1]2CC2CCC,-3.58,augment
77,CCSC(N/C(=O)CCC=CC=CCC1OC=O)(C)C1Cl,-4.12,augment
78,C12NC=C3C1(C=O)CC(C)CCCCC=C32,-4.13,augment
79,CCCCOC(C)(O)C(CCC1C)C=C2C=C21,-3.24,augment
80,O=C(CCC=CC=CSCCCCN)C1=C(NCCC)C(C)C(O)C2=C1S2,-2.81,augment
81,CC=NN=C(C1=C/C(=O)[C@@H1]COC=SCC1CNC)N=C,-3.24,augment
82,CC(=O)CCCC=CC(=O)N1CCSC=C1C=O,-3.81,augment
83,[NH3+1]CC=NN(C=C)S=CCN1NCCNCCCCSC=N1,-4.01,augment
84,CC(C)C(O)CC=CC(C)(C)C1N(C2)CC2=N1,-3.74,augment
85,COC1=C2CCN1C3=CC4(C)C=CC(C)C4CNC3=NN2,-4.34,augment
86,CCOCCC(S)C=O,-2.56,augment
87,C[C@@H1]CC(C)NC(CC(=O)C=NC=NN=CC=CCCC)C1CC2CC2=C1,-4.13,augment
88,CCS1CC[C@@H1]=CN1C=O,-3.53,augment
89,C[C@H1]CNC(C)[NH1+1]CCCC(NNCCCCC)(C)C=CCCCSOS#C,0.0,augment
90,C1C(C)(N)C1=NC2C=CCC=C2C(C)C=C=C,-3.98,augment
91,CN(NC(C1)NC(N)C(C)=CC=C)C1N,-3.01,augment
92,CCOC=CC1=[NH1+1]SC=C1N(C)C=CCBr,-3.25,augment
93,COC(C(=O)N(C)N(CC=CC)CC=C)NCF,-2.32,augment
94,C=CCC1[C@@H1](C2)C3C(=O)C[NH1+1](C)[NH1+1]C=CC(C)CC1C=CS2CC3,0.0,augment
95,CCC1[C@H1]([C@@H1])NCCC=C1C=2NC3=CN3C=2C=O,-4.08,augment
96,O=C(CC=CC(C)=CC=C1CC1CC=NCNN)NC[C@H1][C@H1]CCC,-3.63,augment
97,N#CCCCNC(C)[C@@H1]C1COC(CCCC1)OC=CC=C=S,-3.1,augment
98,CCC=CC=C=NN(CN)CC=CC=CC=NC(CC=COSNC[NH1+1]C)CCCC,-3.36,augment
99,C[NH1+1](C1)CC=CCC(CC[C@@H1])(C)C=C1F,-3.51,augment
100,N1C(=O)CN(C=C1C2OCCN3C)NCC=C3C2C,-4.23,augment
101,CCOC=CC=CC1=C/C=C/C1CSCC=O,-3.59,augment
102,C1COC=CN1NCC(C)C=CCC=NC=NN[C@H1]C=CC(=C)C(C2)(O)C2C,-3.07,augment
103,CC[NH2+1]CN(C(C)=C1C=C1CC)OCC,-2.92,augment
104,C1C[NH1+1]C=CN(CCC=NC(N)C=CC=C1)C=C,-4.43,augment
105,CC=NCC(CC)(OC1CC(O)C)NCCCC=CCO1,-4.21,augment
106,CCC=CC=C=CO[C@@H1](C1C)C2=[C@@H1]CCCCC(C)C2CC1=O,-5.1,augment
107,C[C@@H1](C)NCC=CC(C(C)C=CC=CC=CC=CC1=C)C=CC=C1,-5.61,augment
108,CC[C@@H1]C(C)C=O,-2.84,augment
109,CC(C)CNC=CN=CC=NCC(C)=C=CC,-3.31,augment
110,CC=C=C(CCO)C(CNC=CC(C(=O)N)C=NC)=NN=CCC,-3.05,augment
111,CC=CCC=O,-2.82,augment
112,C1COC=CCCNCCN(C2=O)[C@H1](S)CN2CC=NC=CC=C1C,0.0,augment
113,C1CC2CNC(C(=O)C1NNC)=CCCCC=CC=CC=N2,-4.81,augment
114,CCC[NH1]C#C,-2.2,augment
115,C1CCCCONCCCCNC(=O)CCCC1(CC)C(C)=C,-4.32,augment
116,C1CSCC[C@@H1]CCNC=CC(C)CC(C)CS1=O,-4.52,augment
117,CC[C@@H1]C(C[NH2+1]CCC)CC1OCC=C1OC2=CC=CC2CC3=CC3,-3.36,augment
118,O=C([O-1])C=CCC#CN,-3.72,augment
119,CC=C(O)C(C=C1[C@@H1]CCC=C1C)C=O,-4.06,augment
120,CCC=C1C=C=CNC2=CC=CCS1C=C2C=CC=C[NH1]C,-4.46,augment
121,C1[NH1+1]C=NC(C=C2C=CNC1=O)C2=C3CC3,-4.0,augment
122,CC=C1C(O)NC2CC=CC=CS=CC3=C1C=CC=C23,-4.62,augment
123,O=CCCNC[C@@H1][C@@H1](C=CC(=C1)C=O)CCC1(N)C(C)C=CCO,-1.44,augment
124,C1=C(NC(C)N(C)C1F)CC=O,-3.36,augment
125,COC1=CC=C(N)NCC(=O)C=CC1=NNC=O,-3.75,augment
126,CC(CCN(C)CC1=O)NCC2CCCC=C2C1N,-4.58,augment
127,C[C@H1]C=CC=CC[NH1+1](N)C1=CCSNCC[NH1+1]CCCC=C1C(C)NC,-4.07,augment
128,CCNC=NN1N(CSC(O)C2=CC=CC)CC2C1C(N)C=CO,-3.25,augment
129,CCN(C)NCCCSCCN(C1)[C@H1]C(N)(C)C=CC(C)C2=CC2C=C1C,-2.22,augment
130,C[C@H1]CCN1C(=O)CCC=C(C)CN=C(C)C=C1OF,-3.51,augment
131,COC=C=CCC1[C@H1]NC=NCNN1CC=C=O,-3.88,augment
132,CC=CC1=CC[C@H1](N)NC([C@@H1])CC[C@@H1]CCOCC(F)C1,-4.51,augment
133,CC1=CC1C(=O)N=O,-4.11,augment
134,C1CC=CC=CONCCOC(C)CCNC=C[NH1]C=C1C=C,-4.87,augment
135,O=CCC=CCCCNC=CC#CC1C2=C=C=C2C13C=N3,-4.17,augment
136,C[C@@H1](OCCCC=C=SC)CC=CCNSCCC=NC=O,-1.18,augment
137,C[C@@](C[C@H1])[C@@H1]1C(C)C=CC1=O,-3.33,augment
138,C=1[C@@H1]CCC=C=1,-2.51,augment
139,C=C(CC)CC=CCCSN(CC)OC=CNCC,-2.9,augment
140,O=C(N)[C@@H1]C=CC(=O)NC(N)C=CC=CC(=C)CCC(C)C(C)F,-4.2,augment
141,CCCCSOCNCCCNC1CC(O)C=C1C=CC=O,-3.37,augment
142,CC=C[C@H1]CCOCC[C@H1]CCCC1CCCC1CS,-2.51,augment
143,CC=C=C(N)C(C)C(=O)NCCC[C@@H1](C)CCCN(C)CCCF,-2.19,augment
144,CCO[C@@H1](C)C=O,-2.59,augment
145,CCC1CC[C@H1](C)CC1CC2C=CC=CC2C=O,-4.41,augment
146,O=C(COC=CC1=CC(Cl)C1C2)CC=CN2CN=NC,-3.89,augment
147,CCCCNC(CC)CCCCCCCCCCCF,-1.67,augment
148,C1OCC[NH1+1](CN=C2O)C(C)=C2N(C)C1N[C@@H1]CCC=CC#C,-2.9,augment
149,C1CC=CC=C1C=O,-3.68,augment
150,C1OC=CC=C1,-2.67,augment
151,CCC1(CNC(O)C(C)=COCCCC=C1C2=NN=O)C(C)=C2,-4.79,augment
152,CCC=NC=C[C@@H1][NH1+1]CCNC(O)NCC[C@@H1]CCC=CC(C)C=CC=CCC,-3.52,augment
153,C=1=COC=CN(C#CCCCC)C=CC=1,-3.83,augment
154,CCNSNC(NCC=O)=O,-3.1,augment
155,COC=C1C=C(F)CN(CCCC)C1C2=CCOC2O,-2.96,augment
156,C1COC=CCC[C@@H1]CCC2NC21,-3.89,augment
157,CC=NC(C=C)C=CC=SNC=CC=C(Cl)[C@H1]ONCCO[C@H1]CCC,-3.62,augment
158,COCCC=1C(C)CCN=1,-3.12,augment
159,C1C=CC(CN(C)C(C)CCCCCC=CCCC2=CC)(C)CC=C21,-5.49,augment
160,C1=CC12CCNC=C2C(=O)[O-1],-3.8,augment
161,CCC[C@@H1]C(C)=[C@H1]NNC(=O)N(O)[C@@H1]C=CC1CCCC1=C,-4.08,augment
162,CCCC=CC(SC)C=CNC=[NH1+1]C[C@@H1]CCCCN(CC=CC)C,-2.73,augment
163,C=CC=CC1CC=CC=NC=CC(O)CCC=C1COC,-3.92,augment
164,O=C(C1=CC=C2N=C1)OCCC=CC=NC=C(CC)C3NC2C=CC=CCC=CC=CC=CC(OC)C3,-5.86,augment
165,CNC(=C)C=CCCCCC=NC(Cl)C#C,-2.62,augment
166,CC=CC=C(NCCC=O)CCC=C,-2.45,augment
167,CCOCCOC(=O)C[C@@H1]1NC(=C)C=C(F)C=C1,-2.26,augment
168,CCOCCC(=O)NC=CCC1NN=CC1CCC=CCC=NC=O,-2.62,augment
169,CCNCNC[NH1+1]CCC1NCCC[C@@H1]1C2CCCC2CC=C,-3.15,augment
170,CC=CC[C@@H1](C)C(CN)CCCCSCC,-2.74,augment
171,CC[C@H1](CCC=C(C)CNCCC=CC=C)COC=C,0.0,augment
172,CC=NC=O,-2.57,augment
173,CCN(C=C)N=CCC=CC,-3.04,augment
174,CC=CC=CN1C[C@H1](CCC=O)ON=C1NC=O,-3.79,augment
175,C=C1CC2C(C)NN2NC=CCCC=C1Cl,-4.46,augment
176,C1C(C)[C@@H1](CC2=C1)NC=NC2=C,-3.76,augment
177,C#CCCNCS=CC=O,-2.98,augment
178,CCC[C@H1](ON)C=CC=C(C)N(O)C=CC=CC1=CC1=N,0.0,augment
179,CC[C@@H1](N)C(=O)CCC(C)C1=CCCN2C=C21,-3.69,augment
180,CCCN=NC1(NC(NC)C=N)C=CNC2CNCCC2CC1C,-3.47,augment
181,CCOCC1=CC(=O)C=C1C=O,-3.38,augment
182,CC=CC=C[NH1+1]CCC(=O)CCN(N)NC=CNCCCCN(C)N=C1CC1,-2.41,augment
183,C1[C@@H1]C(CCSC1)NC=CC2CC=CC=C2C=O,-4.26,augment
184,CC[NH1+1]CC(S)C=O,-2.4,augment
185,C1COC(C=CC=O)CCCNCC(C2)NC2CCC1=NS,-3.87,augment
186,COC=CC#CCC=CC=O,-2.98,augment
187,O=CCC=CC(NC=O)C=O,-3.31,augment
188,CC(C=O)C=NN=C=C,-3.51,augment
189,CC[C@@H1]C(CCCC=CC/C=CCCNC=CC1=C2CCCC1N2)CC3=NS3CCC,-3.05,augment
190,C1C=C1C=C2CC2(C)C,-3.28,augment
191,O=C(CN)C=CC=CC(=O)CC(CC=C)NC(Cl)=C=C,-3.39,augment
192,CC=CC=CC=CC=CC=CCC(N)CCCOC=CN,-3.12,augment
193,C1CCCOCCSC=CNC(CCN)C(F)C=CN1OCC=CN(C)CC=CC=C,-3.04,augment
194,COC=CC=CC=C=O,-3.52,augment
195,C[C@@H1](O)N[C@@H1](C=CC=CC=CCl)O[C@H1](C)C=O,-2.59,augment
196,C1C(CCCN)C=C/C(=C)/C(=O)CC=CC2=CC=CC=C2C=N1,-5.27,augment
197,C[C@H1]C[C@@H1]CSCCCCC[O-1],-2.73,augment
198,CC(C)C=NC=C(C=O)CC=CN=NC=CC=CCC1=NC1,-4.03,augment
199,CC(C)N[C@@H1](C)NC=NCCC1[NH1]C1C=NC=O,-2.85,augment
200,CC=CC(CC=NC)(O)C=CCC=CNNCCSCCC(O)CC#C,-1.96,augment
201,C[C@H1](NC=CC=CCC=O)NCCCC=CC=CC=CC=O,0.0,augment
202,C12CC(C=C[C@@H1]1C=N)=CC3(N)C(C)C=C=S32,-4.84,augment
203,CCCON(CC)C(=O)N=CCCC1=SS1,-3.11,augment
204,C=1OC=CC=C=1,-2.6,augment
205,COC[C@@H1](O)C=O,-2.62,augment
206,CC(CCCS1C=CCCO)C=CC=C(CC2)C=C12,-4.5,augment
207,CCCC(CCCNCC1C[NH1+1]=O)=C1CC=CCCCO,-3.86,augment
208,CCOCC[C@@H1]OCN[C@@H1](OC)[C@@H1]C(=N)CC=C1C=C1NC,-1.42,augment
209,C1C2CC=CCC(C)C=C(CC=C(OCCC)CC)CS21,-4.14,augment
210,C1CC=CCC#C1,-2.65,augment
211,C[C@H1]CN1CN1C[C@H1](CCC(=O)CCCCC=CCC2C)C#C2,-4.78,augment
212,CCC=CC1=CCOC=C1C[NH2+1]C[C@H1]CCC=CN=CN2CCCCC2CC,-3.64,augment
213,CC(C)=CC(C=CC[C@@H1]1C(C)(C)C=CC(NC1)=CCNO)C,-5.37,augment
214,C1[NH1+1](CNNCNCC=NC=C(N)C=C2CON)CC=C2CC1C,-4.73,augment
215,C1C(C)NC(N)C(=O)CC=NN1C(C)=CC=CC=CC=C,-3.92,augment
216,C[NH1+1]OC1C(C(=N2)N(S=CCC=C=C(Cl)C23Cl)C1=CCC3)C=O,-4.3,augment
217,C=[C@@H1]OCCNNCC(CCC)=CC=CNC[O-1],-3.57,augment
218,COC12C=C1C(=O)N3C(C)C=CC=CN=C2CC4C3=CCC=C4,-4.81,augment
219,CC=CC=CNN=CC=CC1(NC)C=C1CC2C(C=CNN2)ONCCCCl,-3.45,augment
220,C=CC[C@H1](C)OC=O,-2.58,augment
221,C=1OC=1C2(C)NC=CC=NN=C(OC)CC=C2F,-3.53,augment
222,CCC=NC=C=CC=CC=CC(=O)CCC=CC(COC=COC=C1C=CON)CC=C1,-5.03,augment
223,CC=CC(CCNC=O)C=O,-3.09,augment
224,CCC=CC=CCCOC(=O)N=CCNCC,-2.88,augment
225,CN=CNC(CCC=O)C(C=CC=CC1NC(C)C1)C,-4.14,augment
226,C1COC=CC=NC2[C@@H1](C)CC=CC(Cl)C=C2C=CCC1,-4.93,augment
227,CCCCC(C=NC=O)CC=CCC,-2.99,augment
228,CCC1C(SCC1CNC2C=CC=CC(=C)C=C2)[C@@H1]CCCC=O,-5.49,augment
229,COC=CC=C1C#C1,-2.57,augment
230,CCC[C@@H1](NCCC=CC=CC(=O)NC=CC1OC=CC1)C2C[NH1]2,-3.97,augment
231,CCCOCOC=CC(C)NC=CCS1CC=CN=C1C=CC=CCl,-2.96,augment
232,C=COC=CC=C/C=CC=C(CCC12C=C1OO2)C=CCCC=O,-4.21,augment
233,C=C(CC1CC[NH1+1]C=CCCCC(=O)N)C=C1C2=CC#CC=C2,-3.67,augment
234,CCCNC=CCCOC1CC[NH1+1](C)CC=CC(C[NH1+1]CCCC(=C)CC)C=C1,-4.13,augment
235,C=C(N(C)CCCC)C=O,-2.95,augment
236,CC(C)=CC1C=CC#CCN2CCCCC=C2C=CC=CS1,-5.27,augment
237,CCN(CC=CC)C(N1)CCC[NH1+1](C1)C(=O)C=O,-3.69,augment
238,CCN(CC)CCCNC(C)CC(O)CC1(C)C=C(F)N=C1,-1.77,augment
239,C1[C@@H1]C1CCCCCCCCCC=CC(=NN)C=O,-3.25,augment
240,CCCCC(O)CCCC=CCC12CC3NN1CCNC4CC42C=CC3,-3.02,augment
241,C1CN(C1C=CC=CNC=O)CN2C(=N)C=CCC=CCNCCC2,-4.9,augment
242,CC=NC=O,-2.57,augment
243,C1[C@H1]C=CC=C1C=C(CN)NCC(C)=NCCCCC=C,-3.31,augment
244,C=1[C@@H1]CC=CC=C=1,-2.79,augment
245,CS([C@@H1])[C@@H1]C=O,-2.84,augment
246,CCC=C(C)NOC(=O)C1C2C=CCC1C2CCCCC,-3.9,augment
247,CC[NH2+1]CC(C)(C(=O)[C@H1]C(=O)O)C[C@@H1]CCC(=O)C#C,-2.84,augment
248,C1CNC=C1C[C@H1](CC)CC=C,-2.97,augment
249,COCCC=O,-2.29,augment
250,CC=NCN(COCCCC=CC=CC=C(F)C=C)F,-3.41,augment
251,C1NCCNC1(C=CCC[NH1+1]C[C@H1][C@@H1]CCC(=O)C2CC2CC)C=C,-2.31,augment
252,C[C@H1]CSCCCCN(C)C=1CC=1NCSC=C=CC,-2.73,augment
253,CC[C@@H1](CSCCC)CCC1OC1C=O,-2.97,augment
254,CCOC=CNC(C1=NNS#CN2C3=CC=C1N2)CC3C,-3.96,augment
255,CC=CC=CC(CCN1CCC=CS12(C)CC3O2)C3C,-4.33,augment
256,CC=CC=CC=CC1=CC=CS2C=NCN2CS=CCC1=CC,-5.01,augment
257,C1=CCCCC2(C13O)CCS2CCC[NH1+1]3C4=CC=CC=C4C=O,-4.41,augment
258,C1CCCCNCC[C@@H1](C=O)CC(CCF)C=C1O,0.0,augment
259,C=CC[C@@H1](C1)[NH1+1]1CC[NH2+1]C2(C)[C@H1](F)C=C2,-3.34,augment
260,CCC=CC=C(N1CCCN1CCCC2CN=C)[NH1+1]2S=C=NC,-3.57,augment
261,C1CN1CCC(=O)CCCCCC,-2.75,augment
262,C=C(C=O)CN(C)NCC(=O)N=NNNNNCC(C)COC,-1.24,augment
263,COC1CC(C=O)(NC1N2CCCC3C(C4)=CC=C3)C2C4,-4.53,augment
264,CCC=C1NC#COC[C@H1]1CCC[C@H1](C(=C)CCl)CN,-3.52,augment
265,CNC(CCC(=O)C1C[NH1+1]C(N2)=C1C2=O)=O,-4.32,augment
266,C1=CCCNC1O,-3.49,augment
267,O=C(N)[C@@H1](O)C(C)(C(C)OC=CC1=CC=CCC1CN)C=C,-3.47,augment
268,CCOC=O,-2.11,augment
269,CC=CC1=CC[NH1+1](O)C[C@H1]NCNC(C2)[C@@H1]C=CCC2=C1,-4.66,augment
270,CCCCCS1=NCC(O)CCCSCCNSC1=C,-3.67,augment
271,CC1=CC=CCN1C([C@@H1])[C@@H1](C)OC([NH1])C=CC=C,-3.46,augment
272,CC(C)=C=CC=CC=CC(=O)NC=C[NH1]C=NC=NC=O,-4.13,augment
273,CCC=CCC([C@H1]C)N=C(O)CCC(O)[O-1],-3.24,augment
274,C[NH1+1](CC(C)C=CNC(C)[C@@H1]C1CS12N)C(=O)C=C2[C@@H1]CP,-4.69,augment
275,COC[C@@H1]CCC=COCC(C)CCC(C)(C)C=C,-2.52,augment
276,CC=CC=CCCC=CCCN[NH1+1]CCN[C@@H1][C@H1]C=NOCC=N,-0.94,augment
277,C1=NC[C@@H1](NN[C@@H1][NH1+1]1C[C@@H1]C=C=O)N=C=C,-4.69,augment
278,C1[NH1+1]C2C[C@H1][C@H1]=CCC=NC(C)C(C3)C2C31,-4.47,augment
279,C1COC=CC=C1CC=CC2CNN=C2CCC=CN3C=NC=C3C=CC,-4.74,augment
280,CC=NN=C=C(C=O)CCCC=O,-3.68,augment
281,C=CCC[C@H1]COC[NH1+1](C)C=O,-2.83,augment
282,CC=CC(C)=CC#CCC[C@H1](C(=O)CCC(F)C)CCF,-2.79,augment
283,COC=CC=C([C@H1]SC=O)CCCC=CCC=CN=C,-3.18,augment
284,CCCNC(=O)CCCCC=CC=CN1[C@H1](CC(O)[C@H1]1)CCCC=CC,-3.65,augment
285,CCOC=NCNCCCC=CC1=CCNNC1C2CCCC=C2,-4.35,augment
286,CCCCCC(C1)=CC=CC=C1OCN2OC=CC=C2C,-3.86,augment
287,CC[C@@H1]C(C)CC=CCC[C@@H1]C=O,-3.05,augment
288,CCOC(C)=CC(NC1[NH1+1]C=O)C=C1,-3.58,augment
289,CC(C)CC1C=C1CSC(CCCC(=O)C=C)C=C,-2.9,augment
290,CC=C(CN)C1N2C=NC=C[C@@](C(O)CC=CC=C2C)(OC)OCCC1Cl,0.0,augment
291,C1CCNC(=O)C2OC=CC=C3C1C(O)C=C32,-4.21,augment
292,COC=CC=O,-2.4,augment
293,CCN=CCC(CN)CC=C,-3.07,augment
294,COC=CC=C1C=C1SCC[NH1+1](C)C=CCCCC=CCOC(S)=NC=O,-1.79,augment
295,C[C@@H1]N[C@@H1][C@@H1](C)CC=C(F)C(NC)CCCS,-3.19,augment
296,C[C@@H1]CC=C(N1[C@@H1]C2CCCC2N(CN=C(C=CC=C)C)C)CC=N1,-3.38,augment
297,CC1C=CC=CC(=O)C(C(=O)[NH1+1]CC=CC(C)OC1C=C=O)CC,-5.13,augment
298,C=C1OC=NCC(C)(CCCC)CC=C1,-3.52,augment
299,COC1=CC=C(C2[C@H1]1CNC=O)C(C)CCCC=CC=NNS=N2,-4.54,augment
300,COC=CN=C=CI,-3.1,augment
301,CC=CC=C(CS)CCOC=CC(O)CCC(C)=CCCC,-2.68,augment
302,CCCNC=C=CCN[C@H1],-3.02,augment
303,C[C@@H1]C[C@@H1]CNC=CCN=C(O)[C@@H1](C)NN(C)C=C,-2.6,augment
304,O=S(=C)C=CC=CNC1=NC1N2CCCC=C2C,-4.48,augment
305,CNC(=O)C=C(C[C@@H1]C(S)C1C=O)CC=C1C,-3.71,augment
306,COC(=O)N=CCCCNC(=O)CCCCCC=CC=CC=C1C=CC=C1CF,-2.53,augment
307,CNCSC=CCCOC=CC1(C=C=C(N1CCC)C=O)C2C=CNC2C3=CC3,-2.9,augment
308,CCC=C=NCCNCCCCC1CC1F,-3.07,augment
309,COCC[C@H1]CCCC[NH2+1]CCCC=C=CC=C=CCBr,-2.11,augment
310,CCCNCNC1=CC=CC=C1CCCC2(CC)C=C2C=C,-3.71,augment
311,C1C2C(PCOC=O)ON=CC=C2CCCC1,-3.69,augment
312,COC=CC1=C(C(C)C=O)C=CN=CS1CCCCC,-3.94,augment
313,C=C1C(N2)C3=C1CCN32,-3.75,augment
314,CCCC=C(NC1[C@@H1]CCC[NH2+1]CCCC)CNC(C)CCS1,-3.75,augment
315,COC(C)[C@H1](N)C(=O)CSCCC(O1)C1CCC,-2.02,augment
316,CCC1CCC=C1CC=C(C=CC=C2C=C2NC=NC=N)CSSCl,-4.84,augment
317,CC[C@H1]C[NH1+1]C1CNC=CC(C)C2=CC=CC=C21,-4.12,augment
318,C1=CC=CNCC1C=CC=CC=CC=CCC=O,-4.66,augment
319,C[C@H1]C1=NC(C)NCC=CCCCS1[C@H1](C)C=CC=CC=C=CNC,0.0,augment
320,CCC[C@@H1](C)C=C=C1SC(C)C2=C1C=CC=C2C(C)=O,-4.96,augment
321,CCC1(C=2)C=C/S3C=2CCC=CC(C=NC[C@@H1]34)COCCC14C,-4.8,augment
322,CCCCC(C)CCC(=O)NC(C=N)C=CC=O,-3.37,augment
323,O=CC1C(C)=CC=C1/C(=C)CF,-3.32,augment
324,CC(CCC=C)=NCC=CC=O,-3.21,augment
325,COC=CCC1C=CC=C1CNC(=O)C2CC=CC=C2CC=O,-3.64,augment
326,CC(C)(C)C(=O)CCCCCS(C)#N,-2.41,augment
327,C[C@H1]([O-1])C(N)SCCN=NC(C)C(=O)C1CCCCC=C1,0.0,augment
328,C1CCC2CCS1[C@@H1][C@@H1]2C#N,-3.99,augment
329,CN(C)CCC(O)CC=O,-2.55,augment
330,C=CC=C(SCCCC=C(C)C(=C)C=CC)CC=O,-3.36,augment
331,C1CCC=C1C=CC=CC(O)NC=C2CCNC=N2,-4.11,augment
332,C1CC=NC=C1C=CC=CCNCC2CN[C@H1](C)C2(C)CCC=C3C=C3,-4.36,augment
333,C=CC[C@@H1](C)NC(S(C)=NC1=O)C=CC1C=NC=CC(=O)N,-4.05,augment
334,CC(=O)NC=CC1=CC=CONC(C=CNC1CCC=O)CCC,-4.58,augment
335,O=C(C)C1(C)C2=C3SC3(C4=C12)SCSC4,-4.35,augment
336,CNCNC([C@@H1])CCNC(O)OC(C(CCC)=NC)=CNCOC(C)C=NOO,0.0,augment
337,CC=CCC1(C(C2)CC[C@H1]NC=CC=C1C(=C)C#C)[NH1]2,-3.99,augment
338,C1CCC(N)C=CC(=O)C=C1C(=C)C=CC2=CC(CC=C2)C,-5.11,augment
339,CC(C)OC=CC(N)C=CN=CC=CCC=O,-3.43,augment
340,CC(C)(C)CCC(=O)C=C(C)C(O)C=COC,-3.51,augment
341,CCNC=CC(CNC=NC(=O)CCCCCC1C)=C1CCC=C,-4.27,augment
342,COC=C1CCC=C1CN(C2=CC=CN=C(C)C2SSC3)O3,-4.25,augment
343,COC(=O)C=CCOCC([C@H1])NC1[C@H1][C@@H1](C)C1=O,-3.11,augment
344,CCCCC(C)C1=C(C[NH1+1]([C@H1]CCC[C@H1]CCC1CO)C=C)CC#C,-3.46,augment
345,C1C=NC=CC=C1NC2=CC2CC=NN3[C@@H1][C@H1]=CCC3CC(C)O,-4.73,augment
346,CCCCC=CNC(CCN1NC=O)C=CC=C(C)CC1,-4.29,augment
347,C=CCCC[C@H1](C1CCNC(O)C(C)C2=C)C=CC=C12,-3.95,augment
348,CC=CC1=CCC2=CC=C1N2CNC=CC(C=NC3[C@H1](C)CC3=C)S,-4.08,augment
349,O=CCNC=CN=NNCC[C@H1](NCCOCOCC[C@@H1](C)CC=CC)CC=CCC,0.0,augment
350,CC(C)C=NN=C[C@H1]C1C(C(C)=C1S2N=CC3)=CCCC=C3C=CC2C=C,-4.85,augment
351,C1C(C)(C)NC=C1C(=O)C2OC=CC2CCCC,-3.97,augment
352,NC=C1C=NCNC(=O)CC[NH1+1](C(=C)CO1)C=CC,-3.68,augment
353,C[C@H1]CC(C(=O)N[C@@H1]CC)[C@@H1](C)CC=O,-2.67,augment
354,CCCC=C(C=C[C@@H1](N)C)CC=O,-3.34,augment
355,OC1[NH2+1][C@@H1](C)NCCCCC=C(C)C=C1CC,-4.3,augment
356,CC(C)[C@@H1]C=CC(=C)C=O,-3.61,augment
357,C[C@H1]C=C(SC(=O)OC)CC=CC=CC=O,-3.19,augment
358,CC(O)CCN(CC=CC)CCC[C@@H1]C=NC=CNC=CCN,-2.36,augment
359,CCCCC(C1[C@H1])CCOC(C2O[C@@H1]C)C2CC=C1C,-4.3,augment
360,CC=CC=CC=CCCCOC1CNC=CSC=C1,-3.69,augment
361,FC=CC1=C2/C(C)N1CCCCCC(C)CCC2,-4.25,augment
362,C[C@H1](C)[C@@H1](OC)CCCCN=CCC=CC=C=CCCl,-2.86,augment
363,CNC1=CC=C/C=C1C=CC(C=CC=CC(N)C)C2CN=C2,-4.59,augment
364,C=C(O)C(C)C=O,-3.03,augment
365,OC=CC[C@H1]([C@@H1]C1C2CCC=CC=CNC=NNC3=CC3CCC1)C2,-5.16,augment
366,CCCCNC1C=CC=CC1CCC(=O)C(C)C(C)CNC#N,-3.03,augment
367,CCCC1CC[C@@H1]SC(C)CC2CC2CN(O)CC=C1,-4.65,augment
368,C#CC,-1.67,augment
369,C12C=CC3=C4C=C=C1C=C=NCC(=O)[C@H1]4C(OC)C3=CC2,-4.65,augment
370,C=12CC(C=1CNCCC[NH1+1]CC(C3)=CCC(N)C=CN3CC)C=C2,-3.92,augment
371,O[C@H1](CCCNC=CCC=CC=CC=O)CCCN=CNC=CC=CC=C,0.0,augment
372,CCC=CCS(=C)NCSC(=C)CC=NC=CC=O,-2.6,augment
373,CC=N[C@@H1](CNC=C[NH1]C=C1C(=C2)/C2CC=C)CC3OC1CC=C3,-4.33,augment
374,CCC=CCC(N=NC[C@H1](C)SCCC=CC(=C)C)=CF,0.0,augment
375,CC=CC1=NC1C[NH3+1],-3.07,augment
376,CC1OC=CC(O)C(C2)=C2NC=NC3=CC3(CC1=O)C,-4.08,augment
377,CC=CC=CC(C)C=O,-3.56,augment
378,CC(C)(NCC=C)OC[C@H1]OC1=[C@@H1]C=CC=CC=C1Cl,-2.82,augment
379,CC1=NC=CCC=CC=NCCCN1C=CC(CN)=CC=C=C,-4.46,augment
380,CCO[C@H1](C[C@@H1](C)CC=O)NCC(CCCC)C(C)OOCC1=CC1,-1.63,augment
381,O=CCNC=NC#CC(=O)CCCC(C)C1=NN(C)C1C=C,-4.13,augment
382,C1=CC([C@H1])(C[NH1+1]C2SC=CN=C2CCOC1CCO)S=O,-5.52,augment
383,CCOC=CC=C=CCOC(C)CN=CCCCC1CC1C#C,-3.4,augment
384,CC(C)[C@@H1]NCCN=C1CC(=O)NC1CNNOC=CC=C2CC2Br,-2.7,augment
385,C1CCC(C)=CC=C1CNCNCCCC=CC=CNC(C)C=CCCCOC=NN,-4.16,augment
386,C1OC=CC2C(NC)[NH2+1]C(C)(CC=C)C=C2C1,-3.84,augment
387,CC[NH1+1](OC)CCC[O-1],-2.7,augment
388,C1[C@H1]C(=O)CC(=O)NC=CC2=CC=CC=C2C=CS=CNCC1,-5.02,augment
389,[NH3+1]/C1(O)/C(N)C=C1CC=CC=NC=C=C2CC2,-3.56,augment
390,CC=CC=CC(=C)C(C)[C@H1]CCCNC(=O)C[NH1+1]CCCCCC=C=NC=N,-1.51,augment
391,CCCCN[C@H1][NH1+1]CCC=O,-2.73,augment
392,O=C(CN[C@H1](O)C=CCF)C=CC=O,0.0,augment
393,CNC[C@@H1](CC1CCS=C)C1CCCC(CC2C=CCCC=C)C=C2,0.0,augment
394,CCOC=CCCC(CNC(=O)C)=CC=CCC=CC=C,-3.39,augment
395,CCOCCCC=CC(=O)CC=CC=CSCCN(C)C1CCCC1=C=NC,-3.5,augment
396,CCOC=CC=CC1=C(F)C=SN1C=C,-3.66,augment
397,C1C(N23)C(C=NC)N[C@H1]CCC=C2C=C3C1,-3.9,augment
398,CC=CC(CCC(C)NC=NC#CCC=CC=C)=NON,-3.19,augment
399,CC(=N)N1C=CC=CN1C(C)C(C2)CC2,-3.86,augment
400,CC(=O)CCNC=CCCN=S=O,-3.42,augment
401,CC=CC=CC=C(CCNC=O)C=CC(C)(C)CC(=C1)C1CC2C=N2,-4.03,augment
402,C1[NH1+1](C2[C@H1]C3NCCCC=CC=CC(C2)N)C3CCC1,-5.2,augment
403,O=C(C)/NNCCNCCCCC=1N=CCON=1,-1.71,augment
404,CCC(=O)\C1=CC=CC=C(O)NC[C@H1](C)C=CC=COCC1,0.0,augment
405,C[C@H1]CC[C@H1]NC[NH1+1]CC[C@H1](C=CC(C)CCC)C=C=CC=N,0.0,augment
406,CCOC=CC1=CN=CCC=CC(NC)=CC1C=O,-3.35,augment
407,CCCN(C(=O)C(CC)C=CC=CC=CCC1)CC12C3CC23,-4.57,augment
408,COC=CC=CC=C=CC#CNC=CN1N(C2)[C@H1]2C[C@H1](C)C1SC,-4.19,augment
409,CC(C)[C@@H1]1CCON1CCCCCCC=CCSN=O,-4.33,augment
410,CCC=CN(NC=C)C=CC(=O)NC(=O)NC1=NC=CNC1=CC2COO2,-4.43,augment
411,CCC[C@@H1](C[NH1+1]C=O)C1NNCCNCCC(=O)CCC1,-3.8,augment
412,CCN(CC)C=NC=O,-3.05,augment
413,CC=CC(C1CCC[C@@H1]1COCC(C)=CCC2C(C)CN2)CC3CC=NC3,-4.44,augment
414,CCCNC=CC1=C(C)CC1CCF,-3.04,augment
415,C[C@H1](OCCC)CCC[C@H1]CCC=O,-2.86,augment
416,O=C(COCCCCC=CC)NC1CCNCS1C=O,-2.61,augment
417,CCC=C=CC=CC=CC=CC(C)CC=CC=CC=CN=O,-4.52,augment
418,CC(=O)NC=CN(CC[NH1+1](C)C=N1)CC(=C2)C2C1,-4.09,augment
419,C1[C@H1]C=CCNCCCCC1C=CCCC=[C@H1]C,-4.45,augment
420,C=C(C)NC=CC=O,-3.01,augment
421,C1C=CC(C)C1NSCN(C=CNC)CC2=CCCNCCCC=C2,-5.05,augment
422,CC=CC(C=NC12C(C3)OC=O)N(C)C3CNC1C4=CC4C=CN2,-3.92,augment
423,CCOCCNC=CC(=O)NC=NC(C)CCCCF,-2.43,augment
424,CCC[C@H1]=CNC(=O)CCC=C=CC(=NN1)CCCCC1NC=CC=C,-4.65,augment
425,C=1COC=NC=C=1,-2.56,augment
426,C[C@](C1O)C=C=CNC(O)C=C(Cl)C1[C@H1]NC=O,-3.97,augment
427,C1[C@@H1](PC2C(=O)C=C(O)C(C)C=O)CC2C=N1,-4.38,augment
428,COC=CC=O,-2.4,augment
429,C1COCCC1=C,-2.87,augment
430,NC=CC1=NCC=C[C@H1]1COC(CCCl)C=CC=CF,0.0,augment
431,C[C@H1]CCCC1C=C1CN2[C@H1](O)C(C)C2C(C)=CC=CCC,0.0,augment
432,C1OC1SCCCC=C(C(CF)CC)CCC[C@@H1]CC,-2.62,augment
433,C1C(C)N1NC(=O)NN2C=C[NH1]C=NC(=C)N(Cl)C=CC=C2C=CS=O,-5.62,augment
434,C[NH1+1](C)OCC[C@@H1](C)CCC=CC=O,-3.21,augment
435,C1[C@@H1](C)C1C(=C)C=O,-3.51,augment
436,CC1(C)[C@H1](O)N1CCCCCCC=NN2CCCN2CCC=C,0.0,augment
437,C[C@H1](C1)[C@@H1](CC2)N2C1C=O,-3.68,augment
438,C1C=CSC=N1,-2.6,augment
439,CC(=O)NC(=O)NS1CC(C)=C2C=C(C=CC2NN1C=C)C=O,-4.42,augment
440,COC(CNC=C1C=CC#CC1)CCN[C@@H1]C,-2.52,augment
441,CC=CC=O,-2.7,augment
442,C1OC=CC1(C(C)NNCNC=O)C=CC=CC=CC#CCC,-3.5,augment
443,CCCC=C(C[C@H1])O,-3.16,augment
444,C1[C@H1]CCCCC#CNCCCOC=CC=C2CC=CC=C21,-5.09,augment
445,O=C(C)[C@H1][NH1+1]1CCC(C)C=CC(C=CC2=CC13C)C32,-4.79,augment
446,CCCCCNCCCC(CC#CF)CF,-2.12,augment
447,CC=CC=CC#CC(=O)NOCCC=C1C(C)CC1,-4.22,augment
448,CCNS=CC=C=C,-3.53,augment
449,CCOC=CC1=CC=C2CCC1(CC2)CCC(C)C,-4.0,augment
450,CN[C@H1](C1[C@@H1]CCCNC=O)C1CCC,-2.97,augment
451,C#CC[C@@H1](N)NC(=O)NC=C1C(C1(C)CC=CCNC2)CC=CC2C,-4.61,augment
452,CC(C)C1=NS(S)N1CC(=O)CNN2C=CC(C)C=C2SCC=O,-3.63,augment
453,O=C[NH1]C=CC=C(N=O)CCC=CS,-3.76,augment
454,C1NCCC(CCCCCC=O)C1C,-3.86,augment
455,CCC=NN(CCCC=CCF)C=NC=CCCCSF,-2.53,augment
456,CCNS=CC=CC=CN=N[NH1]C(=O)N(C)CC(=O)NN(C1)CCCC1CF,-3.99,augment
457,O=CCNN(C)C=C1C=CN=CC(C)=CC(C=CC=CF)C1CCC,-3.54,augment
458,C1CCC(C=CC2)=C12,-3.36,augment
459,CC[C@@H1]CCCN[C@@H1]C(C)CC=O,-2.93,augment
460,C1COC(O)NC=C=CNCC1C=C=C(C=CC[N+1]=O)C,-4.92,augment
461,CC=CC=O,-2.7,augment
462,COC=CC1=CC(=O)[C@@H1]1O,-3.44,augment
463,CC=CC=C[NH1+1]CC(=O)NCC(=O)NC(=O)NC=CC=CC#CCC1C=N1,-4.43,augment
464,C1CCCC(C[NH1+1]C[C@@H1](C)C(C)C=CC2C)C=CC=C21,-5.29,augment
465,CC=C(C)C(C(=O)CCC1=CC=O)N1CCC=O,-3.4,augment
466,C[C@](O)C[C@H1]=CC=CSC(F)C=CCF,-3.05,augment
467,CC(O1)C(=O)N(C)C2CC=CN2CCCCC=CC3=CC=CC=C31,-5.61,augment
468,C1CC(=O)NCCNSCCC=NN=CC2=C(C)CN2CCCCCC=C1C,-5.43,augment
469,COC1=CC=CC=C1CNC[NH1+1]CCC[C@@H1]([C@H1]2)[C@@H1]2CC=CN=O,0.0,augment
470,C1CO1,-2.12,augment
471,CCCCC=CCOC=O,-2.72,augment
472,O=CCCC=C1SC=CS2=NCOC=CNCC=C1SCC2(N=C)C=CC=CC=CC=CC#C,-4.23,augment
473,C=C(CCCN=C)C=C(NCCC(C)CC=CCC=CC=CC1=CN1)N,-3.25,augment
474,C12CN=CN=C2CSCCO[C@H1]1C3=C=NNNC3CF,-4.15,augment
475,COC=CC=CCCCCC(C)=C1C=CC=C1CCCC,-4.16,augment
476,OC(C1)(COC=C1)OOCC2=CC=CC=C2CCOC,-2.93,augment
477,COC=CC=C(O)CC([N+1]=O)C=CC=O,-3.38,augment
478,CC(=O)C[C@@H1]CCNC(C)NC=CC(C=CCF)CC,-2.43,augment
479,CO[NH2+1][C@@H1]CCC[C@H1]CNC=C[C@@H1]=CC(=O)C(=C)C(C)C,-3.27,augment
480,CC[C@@H1](CCC(=O)NCCN(C)CCC=C1C2=N)C2O1,-4.27,augment
481,CC(CCCC)(F)CC=O,-2.95,augment
482,C1C=CC=CCCCNC(C)C1(CCNSCCN)NC=CN(C2CC23)C3,-3.3,augment
483,O=C(N1N(C)CC=C1N)CCCC[C@H1](Cl)C=CC=CS(C)C=CC(C2)C=C2,0.0,augment
484,C1CNCC1(COC=C2)CCCC2COC=NC=NC,-3.2,augment
485,O=CNCCC1=NN(Br)N=CC(O)N=CN1C=C(CCCCF)F,-2.54,augment
486,C=C(CCC=CN=C=CCCC(=O)C=C)[C@H1],-3.27,augment
487,C1CN=C1C,-2.47,augment
488,C1C(C)C=CC=CN(C=C1)C=NC(=O)C2CC2F,-4.5,augment
489,CCCCCOC=C(C=N[C@H1]1C(C)C=CN1)COC=CC,0.0,augment
490,C1C2OC3C(=C)N2C([NH1+1]C)C=CCC(C)(OC)COCCC31O,-3.75,augment
491,C1CC(C)CC(C)C=C[NH1]1,-3.5,augment
492,CCNCCC(CCNC(Cl)NC(=O)C1CCON1NC=CCC)=C,-1.44,augment
493,C=CC=CCC[C@@H1]CCNCCC(CNCC)CCC1CCC=CS=C1C=N,-1.52,augment
494,C1=CCCCNCCSC(C)C=C1C2CCNCCNNC=CC2CCOC,-4.83,augment
495,CCOC=CCCCC=CN=NONNCCCN=CCONC=O,-1.47,augment
496,O=CC(N)COCC[NH1]C=CC(=O)N=O,-3.42,augment
497,COC=CC=CC(C#N)=C[O-1],-3.08,augment
498,CCCNCNCCCC=C1[C@H1](C)CCC2CCC[C@@H1]1CCC2C=CC(CCCC)C,0.0,augment
499,O=CC=C1C2CC3CCCCCC=C(F)C=CC3=C12,-5.36,augment
500,O=[N+1]([O-1])C=C1CC=CN1SC(C)C2=CC2(Cl)N=CN,-4.25,augment
501,N1=S(=O)C=CC=CNC(=O)C(=O)CCC=C1,-4.56,augment
502,CCCCC=CNC=O,-3.21,augment
503,C1CC(C)[C@H1]1C=O,-3.25,augment
504,C1CC(=O)N1C=CC(CCCCC)CC[NH1+1](C2)C#CC=3S2C=3,-3.88,augment
505,O[C@@H1][C@H1]CNC=[C@@H1]OC=CCCF,-2.54,augment
506,CSC=CC=CC=O,-3.21,augment
507,COC=CNC(SC)CC(C)C=O,-2.65,augment
508,CC(C)[C@H1]CCC=C(F)C=CC=O,-3.47,augment
509,CC=NC=C(OCNC=CCCNNC1=CC=CC)NN(C)OC[C@H1]1,-4.26,augment
510,CC=NC=C(C)CCNCNC(C)C(OC)C1(C)C(C)C=N1,-2.31,augment
511,OC(CNC(=O)N[NH1+1]CCCC=CF)CCCF,-2.61,augment
512,C=CCCC(NCOC=CC=CCCNC=NC1CN=NCC1[N+1](C)[O-1])CF,-1.71,augment
513,CC(C)C=C=NC=CC(C)=CCNCC1CC=CCC1C=C,-4.49,augment
514,C[C@@H1](NC(C)C(CO)OC#CC)C(C)C#CCCC=O,-1.42,augment
515,COC=CC=O,-2.4,augment
516,COC=CC=C(C=CC=O)ONC(=C)C=C(O)C=C=CN=CC,-3.47,augment
517,COC(C)CNC(O)CN[C@@H1](C1)CC=CC(C)=C1N,-3.25,augment
518,C1CNC=CCC=CC(C2SCN)C3=CC=C(C)CC3C=C21,-4.67,augment
519,CC1C[C@@H1]1NSNCCCC=CCCCC=C(Cl)CC,-3.05,augment
520,O=CCCCCCCCC,-2.87,augment
521,CCSC[C@](CC)CCN1C(C)NCCCC=NNCCC[C@@H1]1,-3.44,augment
522,CNC[C@@H1]C([C@H1])CCOC(CCl)CCOF,-2.2,augment
523,CC(C)C(O)(C)C=NC(C/CCC=CCCC=CC)=NN=CC=C,-3.72,augment
524,C1[NH1+1]2OCC[C@H1][NH1+1]1[C@@H1](CCCCC(C)C3CCCO3)C=C2,-4.05,augment
525,CC(C)CCCCCC=C=NC(C=CC1CCOC1)C=O,-3.37,augment
526,CC=CC=CC=C(C(=O)CC=CCC1[NH1]C=C)CC1N=O,-4.0,augment
527,C[NH1+1](CSC=NC1=NC=C1C=CCCC=NC=CNNNC=CC=C)NC,-3.43,augment
528,C1=C(O)[C@H1]=NCOCC(C)[C@@H1]1C,0.0,augment
529,C1[C@@H1]=C1CCC2C(C)C#C2,-2.99,augment
530,C[NH2+1]CC(C1C=CCC=C2CCC=C3C2C13S)C=CC=C,-4.45,augment
531,COC=CC=CC1(/C=CC=CN1C=O)CC[C@@H1]CCN,-2.64,augment
532,CC(O)[C@@H1](CC=O)C=O,-3.25,augment
533,CC1=CC(=O)N=[C@@H1]CC=CC=CC12CCCC2CCCC3=CC3N,-5.4,augment
534,C12CCC(C)=CC(C)C(=O)C1C=CC2(C=CC=CC=C3CC3)C,-5.11,augment
535,CC(C)NC=CCOCC(C1)C(C)CC1=CC(=C)C=O,-4.21,augment
536,CCCC[NH1+1]C[C@H1]NC(O)C(C)CC=NC=CC#CC,-2.48,augment
537,COCNC(=O)CCC=CC=O,-3.67,augment
538,CCC=NC[NH1+1](C)CC(C)C(C)C=CC=CCNC=C,-3.62,augment
539,CC(C)CC[NH1+1](CCCC1NC)CC2C1S2,-3.66,augment
540,CCC=CC=C(N(C=O)O[C@@H1](CC)C1C)C1=NCNOC,-3.57,augment
541,CCC[C@H1](N(N)C(N)C)SCCOCNC=CC=CC=NC(=O)N=[C@H1]CC,0.0,augment
542,CC[C@H1](O)C[NH3+1],-2.29,augment
543,CCCCN1CC[NH1+1](C)CC2=C1SCCC2=O,-3.88,augment
544,CCO[C@@H1]1C(=O)C=CC1CCC=NC=CC2(C)[C@@H1](O)OS2,0.0,augment
545,CCNC(=CC)CC(=O)N(C1)CC(C)C=C(F)CCCCC1=C,-4.55,augment
546,O=CNC=CC1C[NH1]CNC([C@@H1])C([NH2+1])CC1C,-3.77,augment
547,OOCC=CCOC=CC(=O)C=NNCCC1CC1(C)C=C,-4.17,augment
548,CCCNC[NH1+1]CCCC=CCN=[C@@H1][C@@H1]C=CCNCC(C)C=CCC=C,-0.84,augment
549,O=C(C[C@@H1](N)CC=CC1CC2=CC=CC=C2)O1,-4.32,augment
550,O=C(C[NH1+1][C@@H1]COC[C@@H1](C)CC[C@@H1]C)NC(C)CC1C=[C@@H1][C@H1]C1,-2.41,augment
551,CC1C[C@H1]1C[C@@H1]CCCC(CC=NC=C)(F)C(C)C=O,0.0,augment
552,CC=CCN=C(C=CC=C1C)ONC[C@@H1]C(C)[C@@H1]1CNCSCCC(C)N,-3.74,augment
553,CC(C)C=CC=CNSC(=NN)CCCC(C1)NC1C=N,-3.15,augment
554,C1[NH2+1][C@H1](C)[C@H1]1OC2=CC(C=CC3=CNCCC3C)CS2C=C,0.0,augment
555,CC1OC[C@H1]CCNCC=CC(=C)N=C1CS(C#CC2)=C2,-4.47,augment
556,CCCCC(C#CN1NCNC(C)(C)C)OC=C=CC=C1C(=O)CC,-3.73,augment
557,C1#CCCNCN=C1CC(=O)CCCC(C(C)(C)C=O)=C2NN2N,-2.53,augment
558,CC[NH1+1]COC(O)OC=O,-1.65,augment
559,C[C@@](C)[C@@H1]CCOC=C1C=C1CCO,-3.57,augment
560,CC=CS=CCC1C=CC=C1CC[NH1+1]C2(C)C(=O)C2CC(F)F,-3.08,augment
561,CC=C[C@@H1](C1CCCNN(C)[NH1+1]2CCC1)C=C2,-3.97,augment
562,C1C(C)[C@H1]2OC=CC=C2C=CC1C,-4.22,augment
563,C1OC1=C,-2.36,augment
564,CCCNPCNC=CC=O,-3.12,augment
565,C=CC[C@H1]C[C@@H1]C([C@@H1])CCOC(C)C=C,-2.28,augment
566,NC[NH1+1]C=NCCOC=CN=C=CC=CC=CN(OC)C1CC1,-3.46,augment
567,CC(CCCC)CN(C(C[NH3+1])[C@H1]CCCCO)N1CCCC1CC,-0.99,augment
568,CC(C)CCN=CC1=CC=CNC1[C@H1],-3.44,augment
569,C[C@H1]C=CC(CC)CC(CSC=O)CCC(F)CC=CC,-2.77,augment
570,CC=CC=CC[C@H1][C@@H1]CCOCCCN(CCCC)CCl,-1.53,augment
571,CN(CCSCCC(=O)CCC=C)C=NC(=C)C=C,-2.47,augment
572,CC(CC[C@H1]C)=O,-2.95,augment
573,CCC1NC(C)[C@@H1]C(C[C@@H1](CCC[C@@H1]1)C2)CCCC2Cl,-5.07,augment
574,CCC=CNC=NC(N)C[C@H1]NCSCCCNC=O,-2.47,augment
575,C[C@@H1](O[NH2+1]CCCC=O)F,-2.2,augment
576,C[C@H1](C)OC=C(CC=[C@H1][NH1+1]C1OC2(CC)C13)NC3CCC[NH1+1]C4CCCC=C4C=C2,-4.39,augment
577,C=C(C)C(C)C1CN1OCCC2CCCC#C2,-3.25,augment
578,CCOC=CC1=CCCN1CC[NH1+1]CCCCCCC(CONC)=CN=NC,-1.34,augment
579,CC=C(C1)[C@H1]1CCCCNC=CNC(C)C=O,-3.06,augment
580,COC=CC=CNCC[NH1]C=CC(C1)C1=N[C@@H1],-3.21,augment
581,COC=CC1=CC=NCC=NC=NC=C1NNC(C)C(O)OCCC=C,-3.59,augment
582,CC(CCC(C)CCCOCC=C=CSC)SC1SC=CC#C1,-2.82,augment
583,C1CC=CC=C1C=C2C(=C)CC=C2,-4.49,augment
584,C=[N+1]([O-1])C=CC=C1C=C2C=C2N1C=C(C(O)CC=O)C#C,-3.62,augment
585,CC=C(CC)C=O,-3.06,augment
586,O=C(NC(F)N=C)O[C@@H1](C)CC1=CN=CCN=CCCC1F,-3.95,augment
587,CCOC(=C)C(=N)NN=NCC=CC1=CC1=NN=NNNCC2CC(C)C=C2C,-4.9,augment
588,CC[NH1+1]C=NNC=CC=CC=1SS#CNC=NC(C)=C(C)C=1,-5.14,augment
589,CN(C=O)C=CC=NCC=CC=C[N+1](C)NN(C)CCC1C=C1C,-3.77,augment
590,C1CCCC(C)=CC=C1C[NH1+1](C)N[C@H1]=O,-4.01,augment
591,C1CC2[C@@H1]1COC=C=C(C(=O)NCC=C2C)C,-4.67,augment
592,C1CC(C)C=C1[C@@H1]=[C@H1]C=O,-4.02,augment
593,CCCSC1(N2)[C@H1]2CN3CCC=NC(C)C1CC4(N)C=C34,0.0,augment
594,CNC=CC=O,-2.48,augment
595,CC=C1CCC(N(CN)[C@H1]([C@@H1]2)CCCCC(C)C1)S2,-4.65,augment
596,C=[N+1](C)C[C@H1]C(CC=CC)=CC=CC=C(F)C=NSC,-3.17,augment
597,CCC=C1CC(C=CC(C2)(C)CCC1)C2,-4.37,augment
598,CCCCC(=O)CCC(S)C=NNCNC=CC=C=CCF,-2.38,augment
599,CC=C(CC(=O)[C@@H1](C1)C2=C1)C=NN2CCCC=O,0.0,augment
600,CC=CC=O,-2.7,augment
601,O=C(C)NC=CCCCC1CNCCC1C=O,-4.02,augment
602,CCN1C=C=NC(=O)C#C1,-3.63,augment
603,CC(C)[NH1+1]CCN(O)C[NH2+1]CCCCOC=C,-0.76,augment
604,C12OC(=O)C1CC[NH1]2,-3.6,augment
605,C1C=CC=CCCCOC(O)C2CCC=CC=C2OC=C1CC,-4.67,augment
606,CC(=O)[C@H1]CONNCC1=CCCS=C1C=O,-3.59,augment
607,CCOCCCC=C=CCCCCCC=NCCl,-2.53,augment
608,CCCC(NCCCC1)CNC2N(C=CCC)CC=CN=CC2=N1,-4.17,augment
609,C1C(=O)COC=CC=C1CCCC,-3.54,augment
610,CCCC(N)C([C@@H1])CNC[C@H1](CCF)CNC=CC=CC1C2CC=C21,0.0,augment
611,C[C@@H1]C=CC=CC=CCOC1CCC=C1CCC=CN=O,-4.03,augment
612,O=CCC(C=C/C=NC=CS(=C)NN=CC=C[NH1])OCC,-3.36,augment
613,CC=NNC=CNC(O)NN(C)[C@H1]CCN(C)C=O,-2.03,augment
614,CC=CC=CCN=CC(=O)NC(C)CCC(=O)C[C@H1](C)CC=C,-2.5,augment
615,COC=CNCCCC=O,-2.6,augment
616,CC1C2C3=NC(C)C4=C2NCC4CC=C1CCCC3=C,-4.95,augment
617,C#CCCC#CSCNCCCC=C1C2=CC=C1C2=C,-3.0,augment
618,C12C=CC=C(C#CC3[C@H1]1C[NH1+1]C=NC)C(C)(C)C23,0.0,augment
619,CCOC=O,-2.11,augment
620,C1C=CC=CC[C@H1](C)OCCC[C@H1]2C=C(C)C21,-4.63,augment
621,CC(=O)NCCCCN[C@H1]C1C[NH1+1]CCC(C=C)C1[C@@H1],-2.77,augment
622,CCC(CSCN)(CS[C@H1]C)NCC(C)=C=C,-1.94,augment
623,C=C(NC=CNCCCC1=S=NN(CC1C)C=C)CC,-3.27,augment
624,C1CCC(CC(C)C(=O)C=CC=C1C=CC=CC=CS=CC(C)C2)C=C2,-5.86,augment
625,C=C(CCC=C)C=O,-2.93,augment
626,CC=CC(C)=CSNCCC=O,-3.45,augment
627,C1C(C)C(=C2)CC12N3C(=O)CC4OCCC=C34,-4.46,augment
628,CC(C)NC(C)[NH1+1]CC=C[C@@H1](C)[C@@H1]CC=NN(C)CC1=CC=CC=C1C,-2.19,augment
629,CCOC=O,-2.11,augment
630,O[NH1+1](CCCCC)CCl,-2.92,augment
631,C[C@H1][C@@H1]SC=CC=CS1OC(=O)CS(ON)(CCC(C)C)=C1,-4.31,augment
632,CC=C1C=CC(N)N=CCC12C3C(C)C2=CC3=O,-4.75,augment
633,COC=CC=C1CNSC[C@@H1]1NCCC=O,-2.79,augment
634,CC(NCN1C(C)C2C1(C3)CC2CCC=CC=C3F)O,-4.86,augment
635,CC(=O)C=CNSCC(CN=NC=O)CNC=NC=O,-2.31,augment
636,C1=[NH1+1]SC(C)C=CO[N+1]1=O,-4.01,augment
637,CNC=CSCCNC=O,-2.63,augment
638,CCCC1[C@H1]NC=CC=CC(C2(O3)C(C)CO3)CC1CC[C@@H1]2C,-5.19,augment
639,CCCC=CC[C@@H1](CNS=O)C[C@@H1]CCCCC1=CC=CC=C1F,-3.18,augment
640,C1OC=C2C=C3C=C2CCC=CC=CC=C1[C@H1]3C4OC4=O,-5.28,augment
641,O=C(CO)C1=C(CC=CC=C(C2)C2[C@H1]1CNC)CC#C,-4.41,augment
642,CC(C)(CO1)C=CN=C1CNC(=O)C=CC=CSC,-4.1,augment
643,COC=CC1=C(C(=O)N=CCSNC=C)C=C[NH1]1,-3.53,augment
644,CCOCCC=NC[C@@H1]([NH2+1][C@H1])NCC(C=O)=CCCCOC=C,-1.64,augment
645,C=[C@H1]CN[NH1+1](O)NC(=O)CC1CCC=CCCCOC1(C)CC,-3.55,augment
646,CCCC=C/CNCNCCCC=CC=C1CC=CCC1C=O,-3.74,augment
647,COCC=CCCOC1CC=CC#C1,-3.04,augment
648,CCOC=CC=O,-2.47,augment
649,CC=CC=CC(=C)C=C1C=CNCCNN1C2=NC=CC=C2N=CNSNCCCC,-5.1,augment
650,CCOC1=C(C=NCC(=O)C=CC=C1)CC,-3.68,augment
651,OOC=CC=CC(C=NC(=O)C1C=NC=C1ON(C)CF)F,-4.0,augment
652,C[C@@H1](CC(N)C=C)C=O,-3.01,augment
653,CCCNSC1CC=CC2=C1C3CCC2CC3=C,-4.49,augment
654,C123C(C)CCCC1CC2=N3,-3.7,augment
655,CC=CN(C=CC(C1)=CC=CC=CS1CCC23CO)CS2C3C,-4.27,augment
656,CCC(=O)CCON=CC=CCNN=NC(C)C=CN=CS#CC=C=C,-4.4,augment
657,CC(O)(C[C@@H1]NCC)C1C(=O)CCCCCC1=O,-3.31,augment
658,C12[C@H1]CN[C@H1](C)CCCC1C=C=CC(CC(=C)CCCC=C)C=C2,-4.0,augment
659,O=C(NN=CN=CCCC=CC=CC=CO)CCOC1=C=C1C,-4.61,augment
660,CNCCC(C[C@H1]([NH3+1])C=CC=C=CCC)C=NC(=O)CC=C,0.0,augment
661,COC=CC=O,-2.4,augment
662,CNC=CSCC(CNCC)CSCCF,-2.35,augment
663,CCOC=CCC=C=C=CCNC=NC(CC=1N)=CCCC=1C=O,-3.38,augment
664,C12C(C)[C@@H1]N1N2C=O,-3.46,augment
665,C12CC=C1CCC(CCC=CC=C=[NH1])C2CC=C,-4.48,augment
666,C=C(CC1C=C)NC=C1CCCNC=NC(C)(C)CC(=O)CCCC=C,-2.93,augment
667,COCC,-1.9,augment
668,C1NC(=O)SCCC(=O)C=C1C=CC=O,-4.54,augment
669,COC(=O)CSNC=C1C=C1N=C=O,-3.32,augment
670,COC=CC(C[C@H1])C(C=CC1=CC=CN=CNC2C)C=CC=C12,-4.73,augment
671,CC(=O)C=O,-2.6,augment
672,CC=CC=CN1NC=CC=CC(C=CC)=NS1N(C)CC=O,-3.29,augment
673,CC=CC=CN(C=CC(=O)[C@H1](C)C=CC=CC(C)=CCC1)C1,0.0,augment
674,COC(C)([NH3+1])C,-2.68,augment
675,CC=CC(C(=O)CCC)N(/C(=C)C=CC(=C1)N=CO)C2=C1S2C=CC,-4.53,augment
676,O=C1N2C=CN=C(C)C(C3)=C3NC=CCCCC2C=C1,-4.97,augment
677,C/[NH1+1][C@H1](OC)NC=C(F)CCC=C1CC=CC=C1,0.0,augment
678,C=1CN=C=1,-2.38,augment
679,COCCNC(=C)CBr,-2.42,augment
680,O=CC=CC=CN=C[NH1+1],-3.42,augment
681,C1CC[C@@H1]1C[C@@H1]C=O,-3.33,augment
682,CCC=CCCOCC[C@H1](C)NN(C)C=NNCC(C)C,0.0,augment
683,C[NH1+1]OC[C@H1]C=CC=CC=CC1C(=O)CSCCC=C1C,-4.77,augment
684,COC(=O)CNCC=CC=C/C=C/C=CNNC1CCC=C(C)C1=CC,-4.14,augment
685,C1CCN(COC=NC)C(F)C=CNN\C=CC=CC#CCC(C)CC=C=S1,-4.21,augment
686,CC(C)(C)CC=1C=CC(OC=1C=O)C,-3.96,augment
687,CCC[C@H1](C[NH2+1]CC=O)C(C)F,-3.22,augment
688,O=C=NN=NNN(C(C)=CNNC1)COC(Cl)=C1C=CCCCC,-4.32,augment
689,CC1N(C=O)CN1NCCC=C2C=CSCS2C3CCOCC3,-4.93,augment
690,C[C@H1]C=CN=CCCC=C1CN2C[C@@H1](C)C=C12,-3.73,augment
691,CC=NCC1CC[NH1+1]([C@@H1]C(=O)CC[C@H1](C)C=CS12)O2,0.0,augment
692,CC1(C=2CC[NH1])C=C1C=CC(=O)OC=2O,-3.29,augment
693,NC(=O)NC=CSNC=NC=O,-3.61,augment
694,C1[C@H1](CCC(NC)CC=O)CC[C@@H1]C=CC(C)=C=N1,-4.28,augment
695,N#CC(N)C=CC=C1N=C=CC=NC=C(COCCC)O1,-3.66,augment
696,CC(C)C(C)NC=CNC(N)[C@H1](O)NC[C@H1]N1C2CCC=C1C=C=CC2=C,-4.6,augment
697,C=NCCOCC,-2.03,augment
698,O=CNCNC(N)C=O,-2.73,augment
699,CCCN=C(C)C=CCC=C(NN)C=CCC1C=C1,-3.63,augment
700,CN(C)CC[C@@H1]C(=O)CC1CC1C,-2.82,augment
701,CC(=C(O)C=CC1=CCC=C)N1,-3.65,augment
702,O=CNC=O,-2.72,augment
703,CCN1COCCC[NH1+1](O)C=NC(CCCC2)(C)C2OC1C,-4.65,augment
704,COCCCC(C)CC[C@@H1]CC1CO1,-2.9,augment
705,CC=CC#CCNC=CC=NCNCC=CC1=CCSNN1NC,-4.57,augment
706,CCCCC(=O)C=CC=CC(C)(C)CC1=CC1C2=CC(O)C2C,-4.0,augment
707,CCC[C@H1](C(C)C(=O)NC)C1=CC(CCC1)C(O)OC=O,-3.37,augment
708,CCC=CC(N)C(CCNC=O)C=CC#C,-2.23,augment
709,CC[NH1+1]CCC(N1)C1C(OC[C@@H1]C2=O)C2,-3.98,augment
710,CC=C(O)C=C1C(C)[C@H1]NC1=O,-4.24,augment
711,COC=CC=CC=O,-2.89,augment
712,CCN(C[C@@H1]1COCNC(=O)C(C)C=C1NC=CC)CC=CC(=C2)C=C2,-4.22,augment
713,COC=CC=C(NC(N)CCNC=NNCCC=C)C(C=CN=CC)=NC=COOCO[O-1],-2.35,augment
714,CCC=CCC(C)CCC[NH1+1]C[C@H1]CCC[C@@H1](C1)CC1S,-3.03,augment
715,CC(CO)C=C1CC=CC1(C2)CC=C=NC2N=O,-4.69,augment
716,CCC=NC(C)=C1C2=CCCN1C2=O,-3.55,augment
717,CC1=CC=C(OC=C1C(N)CNCC2)CC(C)(CCC2)F,-4.57,augment
718,C1C(C)(C=CC=C[NH1])C(N)C(=O)NN1C(C)C2C=C2OC,-3.48,augment
719,FC=CC=C(N[C@H1]=CN=C[C@@H1]COC=O)C=CC=C,-3.32,augment
720,CCOCC(CCC=CC)C=CC1=NC=C/CN/C=NC=CSC1C(=O)O,-3.5,augment
721,C1CCC=C(F)CNCCSCNC[C@H1]CCCC=CSS=N1,-5.04,augment
722,CCOC[C@][C@H1]C=O,-2.51,augment
723,C1C=C1CC=CC#COCCCCC(=O)N[C@H1]C,-3.21,augment
724,C1CN=C=CCSOC1(C=CC=CC)OC=O,-3.42,augment
725,CC(C)[C@@H1]CNSNC=NC(SCCNCCC)N1C=CC=C1CC=C=C,-3.58,augment
726,CC=CC=C[C@H1]ONCCC(C=CC[C@H1]C1)[NH1+1]1CCCCOC(C)=CCP,-2.42,augment
727,COC=CN=C(CCNCC12P=O)CCN1C=C2C3C=CC3O,-3.95,augment
728,C=CC1=C(CC=CC(=C)N=C1CCCC=C2C=C(C)C=C2C=C3)C3,-5.58,augment
729,CC=CC=CC=CC=CC=CCC=[NH1+1]C1CC1(C)O,-4.44,augment
730,O=C([O-1])C=CCCCNS(C)(=O)C=CC=CC=C[NH1]CF,-3.84,augment
731,O=CC=CCN/C=CC1=NC=C(C=CPC23OCOC2C=CC4)C4=C3C=C1OO,-5.21,augment
732,COC=CC=C(OC)CC=CS1CCC(C1)=CC(F)C=NC(C)C2NN2N,-4.53,augment
733,CCCC=CC(=O)C[C@H1][C@@H1]C=O,-3.35,augment
734,C1CCC=CC=NC=CC=C(NC1=O)[O-1],-4.37,augment
735,CNC(O)CNC(=O)C=O,-3.17,augment
736,O=CNN=CCC=C=CSCC(C1=C(C=CC=NC2)C=CC3NC3CC1)N2,-5.15,augment
737,COC=NC(CCNC=O)CC1CC=C=C1C2CC=CC2F,-4.11,augment
738,CNC(=O)NC=C1C=C(C=CCNNCCCC)CCC=C(C)OCC1=C,-3.62,augment
739,O=C(C[NH2+1]CC=O)CF,-2.84,augment
740,O=CC=CC=NC=CC(=N)N(C12F)C1OS2,-3.86,augment
741,CCC[C@H1](N)N(C)CC(OC=O)OC=N,-0.93,augment
742,CCNC=CC=CC(C=O)C,-3.74,augment
743,C1CC2C1C=NNCS(=O)C=CC=C(Cl)CC(=O)N2SC,-4.7,augment
744,ClC=NC1=C(C#CCN1C=CC)[C@H1]SN[C@H1](C)CCCCC=C,-3.31,augment
745,COC=CC=O,-2.4,augment
746,COC=C(C=O)OC#C,-2.52,augment
747,CCC(C=CCCOCC(C)=C=CS=C/C=CC=CC1C=C1)=C,-3.89,augment
748,C1C=CC=CNC=NC(NCNC=NC=O)C=C1C,-4.81,augment
749,CC[C@@H1]=CCCOC=O,-2.63,augment
750,C=CCN1N(CCCCCC[C@@H1](C)C)C=CN=C=CC2C=C2OC1C,-3.49,augment
751,COC=CC=O,-2.4,augment
752,C[C@@H1]CNC(C)CC=O,-2.85,augment
753,C1NC=CC=C1C=O,-3.41,augment
754,C12C(CCC=C)(C1=C)PS2=O,-3.5,augment
755,C=S(=O)CNC=NC=CC(=O)C1C2CC2(C)C1CCCOC,-4.25,augment
756,C[C@H1]C(=O)NC=NC(C(=O)C=C(C=CCCF)C)=CCC,-3.56,augment
757,C1CNN(C=C(C)C=NF)C=C1N(C)ON,-4.14,augment
758,C1C=CC=CN1C=CC(=C)C=CC=CC2=CC=CC=C2NCCCCC=C,-4.21,augment
759,CCN=CC=CC(C)=O,-3.37,augment
760,CCC=CC=C1CNCC[NH2+1]C2C=CC=CC=CCCC12O,-4.37,augment
761,CCCC=C(C=CC=O)C=CC(C)CC([NH1+1])C(C)C=CC=O,-4.63,augment
762,CN(C[C@@H1][C@@H1]CCOC(F)SC=N)CCN(CCC=O)C(=O)CC=NN,-0.63,augment
763,CCN(CC=CCCOCC(C12)=C1C)NC2C,-4.27,augment
764,CC=CC=C(CCC(O)CCC1CC(O)NN)CC=CCCCC=CCC1C,-4.75,augment
765,CC=CC=C(OCCCC1OC=CCN(N)C=CC=C)C=C2C=CC1=N2,-4.82,augment
766,C[NH2+1]OC=CC=CC1S(=O)(C)NNC(C)CCC(=N)C=C1,-4.51,augment
767,CCOCOC(C)CC(N)CCNC=CC=CN=CC=CC=O,-2.58,augment
768,C1OC=C2C3=C4C=C1C(C)C(C)=C4CC23CC,-4.38,augment
769,CCNCCC(C)CNC=C1C(C)=CC(=N1)C2N3CN3NC=C2,-3.05,augment
770,CCCCC1CC[NH1+1]C2C(C)C=C2CC1C,-4.07,augment
771,CCC(CC)[C@@H1]C(C)C=CC=CC=CCC=CC=CC=CC=CO,-4.14,augment
772,CC[C@H1](O)N[C@H1](C=SOCC=CC=CC=CCCF)CCC=CC,0.0,augment
773,O=C(C)NC=CC=C(O)CCNCC=CC=CCCC,-4.42,augment
774,O=CC=CC=CN1CONC=N[C@H1](C)N2C=C3C1C4CC3CCC=C4C=C2,-5.26,augment
775,CCOC(C)CC(C1)=C(C)COC1C=NC[C@@H1](C)C#CC,-2.73,augment
776,CCC1N(CCl)CC(=O)CC#C1,-3.5,augment
777,CCCC=C(C)C=CCCC=[NH1+1]C(C1)CC1=NCC=NC,-4.01,augment
778,CC[NH1+1](OC)CC=O,-2.89,augment
779,CCN(CC)C[C@@H1]CNCCN[C@@H1]CCCCC=CC1=NC=C(C)CN1NN,-0.16,augment
780,O=C(NN(C)NC=CC=CC(C)=CC=C)C=CCF,-3.49,augment
781,CC(C)CCC=CCNC(C)N1CC1C=CC=C(C)OCCN,-3.71,augment
782,C12SC[C@@H1]1C=CC=CC=CCC(CC3C=O)C[C@@H1]C=C3OC2,-4.8,augment
783,C=CC=CC1=C(SCC=N[N+1]CC2C=C2C=C1)CC,-4.23,augment
784,CC=CCCC1N(C)[C@H1]COCC(=O)NCCCC=CC1=O,-4.29,augment
785,CC=NC=C(C1=CCCS1CNC2CC[C@@H1]COC=CCCC2)C#C,-5.39,augment
786,C1CCSCOC(C)COC(C=C)C=CC=C(ON=O)OO1,-4.32,augment
787,CC(C)CC=C1C=C1C=CC=CC[C@H1]NC=NC=O,-4.35,augment
788,CCOC(N)[C@@H1]N[C@@H1]CCC(C)(C)NC=CC=C1C=C1S,-3.0,augment
789,COC=CC=CC=C1NCCN1SC2CC=CCC2C,-3.93,augment
790,C1C[C@H1]1C[NH2+1]SC=CC=CC=CC=CC=C2C=C2CC=C,-4.23,augment
791,C[C@H1]CONNC1=CC=CC=C1C(=O)NC(C2C=C3C=CC=C[NH1]3)=NNC24CC4,-4.06,augment
792,CCC=C=C1ONCN1CCN2C(C=CC3CC=C)C=C3C2COC,-4.63,augment
793,CC[C@H1]=CCC=CC=CF,-2.78,augment
794,CC(N)CC=CC(C)=C(Cl)C(C)NC=NNN=NC=N,-2.72,augment
795,C[C@@H1]CC=C(NC(N(C1)C(C)C)CC1F)F,-3.36,augment
796,CCC1C=C(CN[C@H1]CCNC)[C@@H1]1CC=CC,-3.5,augment
797,O=C(C)C(N=CC(=CC)CCCC=CF)CCl,-2.9,augment
798,C=CC1CN2C(C)CN2C3=CN=C1C3=O,-3.64,augment
799,C1OC=NCC(NN)=NC=C(C=CC=O)C1,-4.52,augment
800,CC=NN(COC=C[NH1]C(=O)CCOC=CC=O)CO,-2.85,augment
801,COC1=CC=C(C#N)[C@H1](CC=CC=NC)C1C[NH1],-2.97,augment
802,CCOC=CC=O,-2.47,augment
803,CCCC=CC=CC=CCC1NC=CC=C1C=CC=N,-4.18,augment
804,CC(C)CC1C(O)CNC=CC(OC)COC=CC2=C1C2,-4.21,augment
805,CCCC=CC(C)=O,-3.33,augment
806,C1COC=CC=CCC=CC=CN1C=CC=O,-4.49,augment
807,CC[C@H1](C(=O)NCCC1OCCC=C12)CC2=C,-4.01,augment
808,CC=NOCON=C=C=C(COC(=O)C[C@@H1]=C)CCCCCF,-2.91,augment
809,CCOCC[NH2+1]C(=O)CCC1=CCC=NNNCCCC1[C@@H1],-4.04,augment
810,CCCN=CCCC1=CCSC=C1C2CCC([C@H1])CCCCCC3(C)C2C3,-4.6,augment
811,C=CCOCC(=C)C#CCC(OC)CCCCCC=[C@@H1]NC=CN=NC,-2.89,augment
812,O=C(CCNC1=CC2=C)C=C1C2(C(=C)C=C)CN=S,-4.06,augment
813,CCCCCCOCC(=O)CNC=CC=CC=O,-3.7,augment
814,O=C(C)C1=CC=C1C(CN)C=O,-3.62,augment
815,CCCCC(F)(C(=O)NCC1CCC=CCC=CC1)OC#COCCC=C,-4.22,augment
816,C1CCCCC1C,-2.92,augment
817,O=C(C[NH1+1](F)N=C=N1)NC1NC=NC=CC=CC2=CC=CC=C2,-4.97,augment
818,CC=CC=O,-2.7,augment
819,O=C(CCNCC[C@@H1](CN)C(C)C=CN=CC=CC=CF)CC,-2.33,augment
820,O=CC1(C)[NH1]C=CCC=C1,-4.12,augment
821,C1C(C)C[C@@H1]N1C=CC=CN=CCC(=O)CC=O,-3.71,augment
822,CCCC1=CC(C(=O)N1CCC=C)CC=C,-2.96,augment
823,C=C(C)N,-1.99,augment
824,C=CC(O)[C@@H1]CCCC(=O)CCC(O)N=C1CC1=O,-1.3,augment
825,OC=NC(CCCC1=NCC(C)=NC2=CC2=N1)O,-3.33,augment
826,CCC=CNN1CCCC=C1C=O,-3.29,augment
827,C[C@@H1](CC[C@@H1](C=1)NC(=C)C=1CC=O)C=CNCC(C)CCC=C=C,-3.31,augment
828,C#CCCCC=CC1CC=NNCCNC=CC=N1,-3.09,augment
829,O=CNS=CNC=CC=O,-3.65,augment
830,C1COC(C)N=C=C=CCCN(CNCO)C(C)C(=C2)C2CC(CCl)C1CC=N,-4.05,augment
831,C1[C@H1](N)CN2C1[C@H1](N3)[C@@H1](C=CNC=CC4=CCC2)C4CCC=C3C5CC5,-5.38,augment
832,CCC[C@@H1]CC=O,-2.73,augment
833,CCCN(C=CC(N)=C(O1)NNC)CC(=O)CCC=C1C,-3.5,augment
834,O=[N+1]([O-1])C=CC=CC([NH1+1])CCCN=C(O)COC=C(F)C=CN=C,-4.08,augment
835,CC=NC=C(C[NH2+1][C@H1])CCC1CN1CCC=CCC(F)CSC,-2.79,augment
836,CC=CC=CC=C(O)N1[C@H1]CNC(C)CCC(O2)CCCNC2C=CC1,-4.76,augment
837,CCCC(C)[NH1+1](CCOC=C)CC1CCC(NC)=C1C=CC,-3.05,augment
838,C1C=CC=CC[C@H1]C=2[NH2+1]C1C(C)(C3)CC3(C=C=2)N,-5.14,augment
839,C1C[C@@H1]1ON[C@H1](C)N=CN=C=NNC2C3C2CCCC=CONN=C3CC,0.0,augment
840,C1CCC=C(C=O)[C@H1](C2=3)N1C=C4C=C2NN=C4NC=3C=CC,-4.81,augment
841,CC=1C=C[NH1]C2/C(NN)C=C2CCCS(C=NC=1CNC=CO)C,-4.65,augment
842,C1C=CC=CCC=CC(=C2)C3(C)C=C2CSCNNCOC3C=C1,-5.46,augment
843,C1C2=CC=CC3(CC(CC=C)C(=C)C=C2F)CC31,-4.25,augment
844,COCC1CC(NC1CCCC(CC)O)CCCCF,-2.46,augment
845,C1C[NH1+1]C12CCC=CC(C)CCN(O)SCCCC=CN2C,-4.66,augment
846,CCOC1=CCSC[C@H1]1CCCCC=[C@@H1]CC=C[NH1+1]CCCC=C=C=C,-3.41,augment
847,C=CCOC=CC=CN=C1C(=O)CC1(C=O)OC,-3.13,augment
848,C1OC2=CC=CC=C2N1C(=O)C=CC=CS=CCCCCC#C,-4.22,augment
849,C1C=NC=C(NCNC(=O)NC=O)CCSC1,-4.3,augment
850,CC=CC=CCCC1CC1SNC#N,-3.21,augment
851,CC[C@@H1](C)NC=NC(C)NC(O)C=C1C[C@H1](C)C1C=C=C2C=N2,-4.22,augment
852,CC[NH1]C=CC=C[C@@H1](CNCC)N1C[C@H1][C@H1]1C[C@@H1]CC=C=O,-2.64,augment
853,CC[C@H1](C)NCCC(OC=CC)COCSCC=CC=C,0.0,augment
854,C1C=CNCNCCCC(C)CS1C=O,-4.03,augment
855,CCCCC=1C=CN(C=CC=CC=C/C23C=1CCO2)CC#C3,-4.6,augment
856,CCC=NCC#CNNCC=1C(C=NC=1)C=O,-2.85,augment
857,CCCC(C)CC1C(=O)CC=C1ON=CC=CC=CC,-3.97,augment
858,CC=CN(CC1C=C)CC[NH1+1]1NCC[NH1+1]([NH1+1])CCCCCC=C=C,-3.04,augment
859,C=CCCCN(NC)CC=O,-2.82,augment
860,CC(C)COCCCC#CCC1NC1,-2.56,augment
861,C=1[C@H1]C=1CCCC[C@@H1](C)NC=CC=C2C=NC=CC2C,-3.75,augment
862,CCNC=CC=C(C=CC=C1C2C(C)C1C=CC=C=C=C2NC)C,-4.48,augment
863,CCC[C@@H1]C=O,-2.63,augment
864,NCCC=NCCCC=CNCC(=O)NCC1C=C1F,-2.4,augment
865,CCC=CNCC1SC2CN=CC=C12,-3.36,augment
866,COCC=CC=CC(=C)C(C)C1CCCNN1CCCC=O,-4.09,augment
867,COC=C1N2C(O)C=C1N2C(=O)CCCCCON(C)CC=C,-2.05,augment
868,N1C=NCC=CC=C=C=C1C=C,-3.74,augment
869,CC(=C)CCC1=CC=CSON(CCCCC)C1NC=CC(C)C,-3.86,augment
870,CC=[NH1+1]C[C@H1](CCC1C)N1NC=NC=O,-3.34,augment
871,CC[NH1+1]CCC(C1=CCCCN1C=O)COC=C,-2.75,augment
872,CCC=CS=CC(C)=NC=C(C1)C=CN=CC1=C,-4.34,augment
873,C1CC=C1CCC(=C)C=NC=C=CN(C=NC=O)CCC=CC=O,-4.2,augment
874,C1OC(=O)C=C1C=COCC(=O)C(O)C=CC#C,-3.65,augment
875,C[NH1+1](CC[C@@H1]COCC=CN1NO)NC(CCS)(C)C2CC1CN2C,-3.99,augment
876,COC=CC=O,-2.4,augment
877,CC1[C@@H1]([NH3+1])N[C@@H1](C)[C@H1]1OCCC,-3.24,augment
878,CCCCNC1CCCC[C@@H1]1CC[C@@H1]2CCCCC2NC3C=C3,-3.08,augment
879,C=C1NCC=CC1=C,-3.37,augment
880,COCCCNC(NC=CCCNCCC(C)=NC=O)C=CC=C(O)C,-2.09,augment
881,COC(=C)[C@@H1]OCC(CNC=CCCC=O)C=CCC#C,-2.09,augment
882,C1[NH1+1][C@H1]CNC(OC(=O)C=C2C(=C)C(C2N)CC=C3)C=C31,-4.87,augment
883,C[C@@H1](CCC(C)O)NCC([C@H1](C)CCCC=CC1)C1,0.0,augment
884,C1CCCCCCCCCC=CN(C2=CC=CC)C2C=CC=C=C1OCC=CC,-5.25,augment
885,CC=CC(C)C=O,-3.06,augment
886,O=C(C1)CC#CC=C1CNC=CC(C)=CC=O,-4.07,augment
887,CC[C@@H1]1CNC1(C=O)N(C)C,-3.04,augment
888,CCOC=CCCC[C@@H1]CCCC[NH1+1](CCC=C)C=O,-2.11,augment
889,CCOC(=O)[C@@]([C@@H1])NC1OC2=CCC1[C@H1]C=CC=CC=CC2=C,-4.1,augment
890,C[C@H1]C[C@@H1](C)CC(C)C1=CC=C(CCC1)N2C=C2,-3.94,augment
891,COC(C#N)=CC=CC=CC=C(C)CC=O,-3.67,augment
892,CCC=C1C(=C)[C@H1]CCCCOC(C)CCC1C,-4.42,augment
893,N#CCC(C=C1C=CNC2C=CC[C@H1]2CCC1[C@@H1])C=C,0.0,augment
894,CCC(CC)[C@H1]C(=O)C=O,-3.11,augment
895,CCC=CC#CC[C@@H1],-2.62,augment
896,CCC=NC=CC1=CC2=CC=C1C2CC,-3.39,augment
897,C#CNSCNC=CCCC=CC=CN,-3.09,augment
898,CCOCPC=C(C)C=O,-3.06,augment
899,C1[C@H1]CC=CC=C1CSNC(C)NC=CC=O,-4.3,augment
900,CCCC=CC(OC=C(N)CC1C=CCON=NNN[C@@H1])=CC1CC=N,-3.87,augment
901,C1CCCC=NC2=C1C(C)C2NCC=CC(C)(C)COC,-4.39,augment
902,CCCCN(O)C(=O)C=O,-2.73,augment
903,CC1(CCCC#C1)NC=CC=CC=O,-4.4,augment
904,CCC=CC(C)OC=O,-3.0,augment
905,C[C@](C)[C@H1]C(NC(C)=CC1=CCl)CO1,-3.53,augment
906,CCC1C=CC=C1CCC=CNPNC(=O)NC=O,-4.03,augment
907,COC=CNC(NC(C1=O)=CCCO1)=CC=CC=C[NH1]CN2N=C2,-3.74,augment
908,CCC1=CC2C=C1CCC=NC=CC(O)[NH1]2,-4.09,augment
909,CC=CC(O)C=N[C@H1](C=CC=C1NC=NNCCNC=N1)CC,0.0,augment
910,CC(C1)OC(C2=C(C=C[NH1]C=CC=CN3S2C=O)C3)CCCCC1,-4.92,augment
911,CC1(C)CC=C1C=CCCC[C@H1](N)C(CN=CON)C=O,0.0,augment
912,CCC(C1)C[C@H1]1CCC=CC2CSCC2=N,0.0,augment
913,CCCC=C(N(C)CCC)NC(C)=CC=O,-3.04,augment
914,CC(=O)NCCCCCCNC[C@H1]C=O,-3.64,augment
915,CC(C)C[C@@H1]=CC(O)C(C=CC=CC=C=CF)=O,-3.35,augment
916,C1COC(=O)N=CSS=CC(=C)C(C)C=C(F)CCC12CCCNCC2(C)O,-4.55,augment
917,C1[C@H1]2C(=O)N=C/C(N)C=C1CO2,-4.35,augment
918,COC(=O)CNCNCSCC(=O)C=CC=CC=NN=O,-3.72,augment
919,C1OC=CC[C@@H1]1NCNCCCCC=CCCCCC=C(F)C=CN=N,-2.36,augment
920,CCC=C1C=CNC1=O,-3.55,augment
921,O=S(=O)NC1CC2C=CC=CCC(=O)C=CC=C1C=C2C=C=C,-5.58,augment
922,C1C=CC=C1C(=C)C(=O)N2C[NH1+1]C=CCSC3[C@@H1]4C=NCC3S4=C2,-5.08,augment
923,C1C[NH2+1]C12CC(C)CC=CC=C3C=C32,-4.34,augment
924,CC(C=C=C(O)C=CC=C)CC[O-1],-3.51,augment
925,COC=CC1=CN1OCOC=CCCCC(N)CSCSC=S,-2.77,augment
926,CCC=CC=C1C=CC=CC1(N(C=O)C2)COCC2C,-4.43,augment
927,CCC(C[C@@H1][C@@H1]1CCNC1CNC2C)=C2OC=CC=CP,0.0,augment
928,CCOC=O,-2.11,augment
929,C[NH1+1](C)CC[NH1+1][C@@H1]CNC#CCC=CC(CC)CC(C)S=C=N,-2.27,augment
930,CC=CC=C=C=CCNC=C1C[C@H1]1CC=O,-3.52,augment
931,CC1(C)CNC=CC=C(N2C1N[C@H1](C)CC#N)O2,-3.75,augment
932,CN(C)C=CC=NN=CC=COCNC=C1CCCO1,-3.31,augment
933,CCC(=O)CC/C=C1C=CC2=CC=C(C12CC=NOC=CC#CC3)CC3,-5.37,augment
934,C[NH1+1](C)C[C@H1](NC=CNCCCCCOC1NC1)CCNCC=C,0.0,augment
935,C1CN=C=CC(C=C2CCO[C@H1](O)C[C@@H1])(C)N(C)CC=C2C=NON=N1,0.0,augment
936,CC(=O)CF,-2.32,augment
937,CCC[C@@H1](C)NC=C1C=CC=CC=C1Cl,-4.14,augment
938,C=C(CC=CCC=CCC=C1C)CCC=N1,-4.66,augment
939,CC1(C)C(=C)C(=C)C(=O)NC(C)=C1CCCN=CC(O2)C=C2,-4.66,augment
940,C[C@H1](CNC(O)C(N=CC1=CC=C)C=C1CC)C=O,0.0,augment
941,CC(C)OCCC=CC=CC=CC=C(C)C=CC(C)CC=O,-3.98,augment
942,N1C(C)C=[NH1+1]C2=NCCC2CC=C(C)COC1,-4.42,augment
943,C12CN=C(C=O)CCC(CC=C1)C=C2C3CC=CC=C3,-4.52,augment
944,C[C@H1](C[C@@H1][C@@H1]C=O)CCC(C1)(C)[NH1+1](C)CO1,-3.0,augment
945,CC=CCCSCCCCC(C1=C)CC(=C)N1C=CN=CC=CF,-3.29,augment
946,N#CC(=O)[C@@H1]CCCC(C)=O,-3.13,augment
947,CCSCCC=C[C@@H1](N[C@@H1](O)NCC(=O)NC=CC1)C[C@@H1]1OCC=C,0.0,augment
948,C=CCCCN=CC=CC1=CC=CC=C1C=NC=O,-3.74,augment
949,CCN(O)C=CC=C(C(=O)C=CC=CC)NC=CC=CNC(C12C=C1)N=C=C2C=C,-4.98,augment
950,CC(CCC=C)C=CC(=O)CCCCC1CCCC1OCC(C)C,-3.09,augment
951,CC[C@H1]NC(SCCC[C@@H1]C=O)C(C1)C=C1NC(C)F,-2.79,augment
952,CCCN(C=C1C=CS)C(O)NC=CC=CCCCN=C1CCC=CC=C,-4.3,augment
953,CC(C)CNC1CNC(CCC=C1C=2CCCCC=2C)F,-3.95,augment
954,CC=NC=C(C=CC=CC=CC1(C)CCC)C1CCCN2C=CCC2C,-4.38,augment
955,C[C@H1]C=CNC=CN(C=C1C=CC(=O)NCC)C=CC1=O,-4.44,augment
956,CC(=N)CCCNC(=C=1)CC(C=CCC=C=CC=CC=1C)[NH1]C=CN,-4.57,augment
957,CC(=O)ONC(=O)N(CC1CC)[NH1]C=C1[O-1],-3.81,augment
958,O=C(C[NH1+1]=C(C1C)C1)COC2=CN=CCC2CCC,-3.46,augment
959,CCCCC(CNC=C)=C1C=C1NC[C@@H1]C(C)CCCC,-3.02,augment
960,C1CC[C@@H1](/CC=CCC/C=CC=CNCC)OC(=O)OC=CC=C1,-3.71,augment
961,CNC[C@H1]C(C(C1)C)[C@@H1]CCNC(=O)NO1,-3.71,augment
962,CC(C)N(CN=C1CC2C(=O)C=C2C=CC=CN1)CCCC#C,-4.37,augment
963,CCOCC[C@@H1]Cl,-2.27,augment
964,C1CC(CC)CCCC=C(C=CC=C)C(C=N)C(N)N(C)C=CC=CC=C1,-4.06,augment
965,O=CCC([C@@H1])NC(C)C=O,-2.97,augment
966,COC(=O)NNC(=O)CC=CC=COCNC=O,-3.03,augment
967,C[NH1+1]CCCNC=CC=CC=C(N)C(=O)C=C(C)C(C)=C=SCCCC,-4.15,augment
968,CC=CC=C=CCN(C)C=O,-3.58,augment
969,CC[C@H1]CC1CCCCN1CSCNC(=O)CCCCOCCCC=C,-1.66,augment
970,CC=C(CC=O)NC=CCC(CC[C@@H1]CNC)CNC(C=1)C(C)=CC=1C,-3.37,augment
971,O=CCCNC=O,-2.66,augment
972,COCC=C(CCSCC=O)C,-2.88,augment
973,CCC=CC#COCCC,-2.94,augment
974,CCCC=C(C=NN(O)C)CC=CC=NC1=CC=CN[C@@H1]1C,-4.03,augment
975,OC(N)N(CNC=CC=CC=CN(C)C=NO)C=CC(C)C(ON)=CN=NC,-3.57,augment
976,C1CC2=NC=CC=C12,-3.17,augment
977,O=C([O-1])C=CC=CN=S=[S@@]OC=CCCC=CCCCl,-4.03,augment
978,CC(C)CNCCCCC=O,-3.16,augment
979,CCC[C@H1]S[C@@H1][C@@H1]C1NC=CCC(C)OC1=NNC=CC=CF,-3.06,augment
980,C[C@H1]C=CNC(C)C(C=O)C1=C2CCCC12NCCC=CCF,-3.36,augment
981,CCSCOCCNC=C=NNC(C(C)C=CN=NC(C)(C)OC=C)C,-1.27,augment
982,CN(C)SCC=NN(O)C=CC(Cl)C=N,-2.78,augment
983,CCC=C[NH1]C(NS#CCSCC[NH1+1]NC[C@@H1]1CCC=CC2=C)(CC=C=C12)C=C,-4.04,augment
984,CC(=O)NCC(C)NCCCCNC=NC=O,-1.86,augment
985,C#CC=NC=CC(C)=CCF,-3.06,augment
986,C1C=CC=C[C@@H1]=C(C=O)CCCC[C@@H1](C)C=CC=CC=C1CCC=C,-5.04,augment
987,C[C@H1](C[C@@H1]CCCCNN(O)C=O)CCC=CC1C=N1,0.0,augment
988,CC=CCC1OON=CC=CCCCC=NNN1CC(C)C(O2)NC=CC=C2C,-4.93,augment
989,CC=CC=CC(C1)N=C1C(=O)N[C@H1](C)CC(=O)[O-1],-4.12,augment
990,CCNSN=CN(CCCC1=O)NNCCC=C=C=C1C,-5.35,augment
991,CC=CC#C,-2.16,augment
992,CC(=O)[C@@H1](N)NC(O)NC=O,-2.22,augment
993,CCOC(=O)NC1=C2CN[C@H1](O)C1CCCC[C@H1]2C=CC=CN,0.0,augment
994,CC=C1C=CNCCC=C=CC=CC=C1,-4.49,augment
995,CCCCCC([NH1+1]CCCCCSC(C)C(=O)N=C[O-1])C=CC=O,-1.93,augment
996,CC[C@H1]CNC=C=NCSCNC(=C)CC[O-1],-1.9,augment
997,CCOC=C(N)C(=O)N=CCCCC1C(C)CCS1,-3.38,augment
998,CC(CCCC(C)=C)CCN(N=N)C(=O)[NH1+1]C=CC=O,-3.5,augment
999,CCOC[C@@H1][C@@H1]CC1C=C(OCC=CC2C(=O)N=N1)S2,-3.95,augment
1000,COC(=O)NNCNCC(C)=C(F)C=CC=C,-2.82,augment
1001,N#CNN(CN=CC)C=O,-2.92,augment
1002,C1C=CC=C(C)[C@@]1CCOC=O,-3.72,augment
1003,C[C@H1]C=C(S)NCC(C)(C)C=NNNCCN1N(C2)CC1=CC=C2,-2.21,augment
1004,CCC[C@@H1]CCC=C(CCO)CCC=CC(CC1)C1,-3.11,augment
1005,C1CN(CN)CCC[NH1]C=C1C=CCCC(=O)CNOC2C(C)CC=C2,-3.79,augment
1006,CCNC[C@@H1]CCOC=O,-2.74,augment
1007,C[NH2+1]C[C@@H1](O)C=C1C2=NCCC2C=CC=CC1C=CBr,-4.01,augment
1008,CCC=CCC=CC=O,-3.16,augment
1009,C1C=CS=C1NC[NH2+1]CC2CNC(C)(C)NC=CC=C2,-3.93,augment
1010,CC1=NCC(C)=C1C=O,-3.06,augment
1011,CC=C1CN(NCCC2)CCCCC21N,-4.34,augment
1012,CN(C)C1=CC=CN=C1C=C[O-1],-3.42,augment
1013,CCC(C)(C)CC(C)N=CC(C1=CC=CC2=C1C2)=NC=C,-4.0,augment
1014,O=CNC=CC=O,-2.78,augment
1015,C1C=N[C@@H1]1CC(C2)CCCSN2NCC=CC=CC=CC=CF,-4.55,augment
1016,CCOC=CCCC#CNCC(=O)CC=NC=CC(C)=CC#CCC=CC=O,-3.54,augment
1017,CC=CC=O,-2.7,augment
1018,CCOC1CCN=CN1C=O,-3.39,augment
1019,CCNC=CC=CSC(C(O)CC=C1C=CC=CC2=C1C2=N)=N,-5.25,augment
1020,CC=CC1=CC=C=CC(CC2=CC(C)CC3)S1C(C)C(=O)C23,-5.99,augment
1021,O=C(CCC[C@](C1)=CC=C[C@@H1]C)CCC2CC2C1C,-4.9,augment
1022,CC=CCC([C@@H1]C1(C)CCC[C@@H1]1)C[NH2+1]CC=O,-3.49,augment
1023,COC=CC=O,-2.4,augment
1024,CNC=C=CC=NCC,-2.74,augment
1025,CS(O)C1=C2C=CNC=C2N3/C(=N)C=CC=CCC13OC=CCC=C=C,-4.21,augment
1026,OCCC([C@H1])C1=NCN2CN(CCCC)C3CC3OC=C21,-3.73,augment
1027,O=C(C)CC=C=C,-3.11,augment
1028,O=C(CNCNC=NC=CC=CC=CF)C=O,-2.89,augment
1029,CC=NC=CC(O)CCC(C)C=CN=C(Cl)C=CCCC1CC1S,-3.9,augment
1030,C[C@H1]=[C@H1]ON=CCCN(C=O)C(CC=O)CCC=CC(F)CF,-2.84,augment
1031,O=C(C=COC1C(C)CNC=CC=C1OCC2)C3C2S3N=CC=CN=C,-4.15,augment
1032,CC=CC=CN=C=C=CNC(O)CCC=CS(C(=O)[O-1])C=O,-4.89,augment
1033,CC1=CC=C(C(=O)NCCC(C)CCCSC=C1)C=CC=CC,-4.5,augment
1034,CCS[NH1]C(CS)NCC[C@H1](C)CC=O,-1.63,augment
1035,CC1CC1=O,-3.04,augment
1036,COC=CC=C(NC(C)[C@@H1](C)C)[C@@H1]C=O,-2.99,augment
1037,C[C@H1]C[C@@H1](CC(C)(CC)C=CC1=C)N=C2C1CC=CC=C2,0.0,augment
1038,O=[S@@]=[C@H1]CNC=CC=NN[NH2+1]CCOC=C(F)C1=NN1,-3.25,augment
1039,C1[C@H1]C(O)C=CC=CC=CCC1C=C2C(C)C=C2CCC,-5.03,augment
1040,CC=CC1CC=C(CC=C1CN[C@H1]CCCCNC)CNC=CCC=C2C=C2CC,-3.18,augment
1041,CC(C)OC=CCC(O)C(=O)C=CCS,-2.73,augment
1042,C1C=NC#C1,-2.58,augment
1043,COC=CC=C(C=C)C1C2SN2[NH1+1]CCC[C@H1]1C(C=O)C3=CO3,-3.74,augment
1044,CC1OC(=NS)CC=C1,-3.19,augment
1045,CC=CC1=CCNCOC=C2C(N)C1N=C=NN=CCS2C=CN=C,-4.22,augment
1046,C=1COC(C)N=1,-2.51,augment
1047,C12C([O-1])C=C1N(O)C(C)C[C@@H1]CCNC=NN2CC=C(CF)P,-4.15,augment
1048,CC(C1CNC)OC=C1NN=C[C@H1]SC(O)NCCCCCC2C=C2,-1.81,augment
1049,CCCCOC(CCOC(C=N)C=CC)=C=C(NCC=NC1)CC1C,-3.3,augment
1050,O=C(CC=CC=CCC)C=CC(C)O[C@H1](C)CS(C1)=CC1=C,-3.53,augment
1051,C=S1(OC2=O)=CC=CNN1OC[C@@H1]COCC2,-4.21,augment
1052,CN1C=CC=C2N1CC(=O)N2COCC[NH1+1](C)CC=C(C=CC=CF)CSC,-2.92,augment
1053,CC1NC=C=NC=CC(N)C(=O)[C@@H1]([NH1+1])CCC=CC=CC(=C2)C2C1,-4.91,augment
1054,C1=C(CCCCC=2CC=C1SC=2CCC=C)CCC=CCl,-4.13,augment
1055,C1CCC=CC#C1,-2.8,augment
1056,CC=CCCCN[C@@H1](CCCCC[C@H1]C)C1=CCCN1C[C@@H1]CCCOCC,-1.58,augment
1057,CCC=C(S[C@H1]C=O)CC=C1C(C(=O)C1CCC2O)C2,-3.85,augment
1058,N[C@@H1](C)CN=CCOC(N)C(=O)N=CCC#C,-1.9,augment
1059,O=C(C=C1C=C1CNCC)CC=O,-3.33,augment
1060,NOC=NNCC1C=CCNCC=CC=CCC=C1,-5.05,augment
1061,CNCCC(C)=CC(N)CC=CC(=O)C=O,-3.4,augment
1062,COC=CCC(=O)CCC[C@H1](C)C=C1SC(N)C1(NCCCCC2)N2,0.0,augment
1063,CCOCC[C@@H1]1CC[C@H1]N1CC=CC(C=O)C(=C)C=CC=CO,-3.82,augment
1064,CC[C@@H1](CCCCC)C1=CCCCC[C@@H1]1OC2OCCCC2(F)C,-3.95,augment
1065,C=C=C1CC[C@@H1](C)C(=C)C=C1C,-4.04,augment
1066,CNC(=O)[NH1+1]1C(CC)C=CC=CC#COC[NH1+1]CCCCO1,-4.53,augment
1067,CCC(SC[NH1+1]CCN(C)CNCCC(C1)C)CCCC1=NONC,-4.26,augment
1068,CNCNC(C)CC=O,-2.82,augment
1069,C12OCC=C1C[NH1+1](C)C=CC=C2,-3.78,augment
1070,C=1CCCC=C=1,-2.5,augment
1071,CCOCCC1([C@H1]NCOCCCCCC(C)(F)CC(C)C=N1)C,-3.74,augment
1072,CC=1NC=1CN(C=O)C2=CC=CCC2,-3.81,augment
1073,CCOC=C1CC=NC1CCCSNC(C)CCl,-3.03,augment
1074,C1CC[NH1]C1[NH1+1]2CC3C(CCC=CC(C)C(C)CCC)=CC#CC2=N3,-3.88,augment
1075,CCOC(SCC(C=O)C1)CCOC=C1C=CC,-3.31,augment
1076,COC=CC=O,-2.4,augment
1077,COC1=CC=CC=C1CCCC(=O)CCNCCCC[C@@H1]C=C,-3.55,augment
1078,C=CN=CC=C(CC)CCC=CNSC=NC1CC=CC=C1,-3.82,augment
1079,C=1COC(C)N(C)C=CC=1C[C@@H1]C=O,-4.09,augment
1080,C[C@@](C)N(C)N1C(S)[C@@H1]C=C2N=CC=CC12C=O,-3.33,augment
1081,CCN(COC)CC=C(CCC=O)N1CCCO1,-2.66,augment
1082,COC=CC=CC=CNCNC=NC=C1C=CCCC1,-3.85,augment
1083,O=C(C)[C@@H1]CCO[NH1+1]C(=O)N(C=CC=CC)CCOCC=C,-2.96,augment
1084,C1C2C=CC(=O)C2NN(C)[NH1+1](C)NCCN=C=NC=CS1CC,-4.32,augment
1085,CC(C)CC[NH1+1](CCCC)[NH2+1],-2.06,augment
1086,C[C@H1]C=CC=CC=CCON(N)C(=O)CCC=NCNC=CCO,-3.12,augment
1087,C/C(NC=COSC=C=O)C=CCC=CC=CCF,-3.84,augment
1088,CCOC=CCO[C@@H1](C)CC=CC=CC(C)CNNSC=NN=CC,-3.42,augment
1089,C1NC=C2C=C1CCC=C2C=CC=CCOC=CCC[C@@H1](C)C3C=CC=CC=C3,-4.51,augment
1090,C1C2(C)CC=CN=[C@@H1]OC=CCCCC(C)C=C2C1C,-5.17,augment
1091,CCOC=CCC=CN(C=O)[C@H1]C[C@H1](C=CC=CC#CF)OC,0.0,augment
1092,CCCC=C(C)NN=C(N)CCC=CCC=NC(O)CC1CC=CC=C1CO,-2.36,augment
1093,C[C@H1]C1[C@@H1]SCC=C1C(=C)C2=C3CC3=NCSC=CCC2,-4.95,augment
1094,CCN(C=O)C#N,-2.26,augment
1095,C1C=C1NCC(C2CC)CC=CC=CC=CC=C2C=C=O,-4.31,augment
1096,O=CCPC(C)=C1C=CC#CNNC[C@H1]C=CC=NC=CCC=CC1,-5.01,augment
1097,C1=C(C)CC=C1C=C/C=CN=C(O)N=O,-4.33,augment
1098,CC1CN(N)[C@@H1]([C@H1]COCNC(=O)C(C=2[C@H1]CCC=C=2)CCC=C=C1C)C,-5.3,augment
1099,CC=CC=CC(C)N(S)C(O1)C=CC=C1CC=CC=O,-3.8,augment
1100,CC(=O)NC(C[NH1+1]CC1OC(=O)N(C)CC(C)CC)C1,-3.73,augment
1101,CCCCC(C)C=C(NC(=O)C)OC=O,-2.95,augment
1102,CC=CC=CC=CC=CCSC1(C[NH1+1]COC=CC=O)CCOCC1(C)Cl,-3.82,augment
1103,CCC=CC=1C(=C)C=CC=1CN,-3.74,augment
1104,C1CCC=CNC(=O)C(=O)N(C)CC=CC2=CNN21,-4.17,augment
1105,CC=NCCC(=O)C,-3.19,augment
1106,C1CCCCCCCC=C2C=C3N[C@H1]3C[C@H1]C=NC2C=CC(C)=C1COC,-5.18,augment
1107,COC=CCCCNC(=O)NC1(C)C=CCC1C=O,-3.74,augment
1108,CC12C=CC(C=C1NCCC[C@@H1](O)C=C23)(C)C3,-4.7,augment
1109,CCC=CN(CC)C=O,-2.88,augment
1110,C[NH1+1](C)CC(SC)C(C)Cl,-2.53,augment
1111,C=C(C)C1(CS)CC1CN,-3.41,augment
1112,CCCOCCCC=O,-2.51,augment
1113,O=C1CCC=CC1[C@@H1]C=CC=CC=CF,-4.28,augment
1114,C1=2C=CC1CC=2C=C,-3.21,augment
1115,CCCCCCNC(S)C=CC=C(C=C(C=O)C=C)C,-2.58,augment
1116,C1[C@@H1](C)CC=C1CCCCCN=CC=CC=CCCCSC=O,-3.96,augment
1117,CC=CC=CNCCCC(C)=CC=CC=C1CCCCC=C1C,-4.56,augment
1118,COCCNC(CN(C(C1=CCO)C[C@H1]1)CC)C[C@@H1]OC=CCC,-1.35,augment
1119,C[C@@H1]CNC=C=NO[NH2+1]C(C)NC=CCC(C)F,-3.73,augment
1120,CCCCNC(C)CC=CC(C)C(=O)C=CC=O,-2.88,augment
1121,CC[NH1+1]CC1(NCC=C1CCC2C=O)C=CC2(C)CC,-3.38,augment
1122,CC[C@H1](C=O)O[C@H1]COC=NC=O,0.0,augment
1123,CC(C)NC=CCCNC(=O)C=O,-3.49,augment
1124,C1CCC=NOCNN(C)N/SS=NC(/C)/C/NC\C=C=CSS=CC=CC=CN=C\CN1C,-5.42,augment
1125,CC(C1)CC=C(C)C1CS(=O)NC[C@H1]C[C@@H1]CC=CCCC#C,-2.97,augment
1126,CCOC=C,-1.98,augment
1127,CC=CC=C(CC)CN(CCC=CC=C1)C=N1,-4.05,augment
1128,C1C=CC=C1C=CC=CNSS(=O)CCCCC=CCCOCC=O,-2.56,augment
1129,CCC=C1C(C)=CC=CC=C1CCCCCCCCC(SC)CC2C(O)CC2,-3.67,augment
1130,C=[C@@H1]NCSCCNC=CC=CC=CF,-2.66,augment
1131,C1CO1,-2.12,augment
1132,CCC=CN=C(C=CSCON)CC[C@H1]CCCCCN=O,-2.63,augment
1133,O=CC=CC=CC=CC(CC1=CC)C=N1,-4.15,augment
1134,CCC=NN(C=NCC)CNCC1CC1NCCC(CCC=CCCCCO)=C,-0.6,augment
1135,C1CNC(C)OCCCC1C(C)CCBr,-4.24,augment
1136,C[C@H1]C[C@@H1]CN(NNCC(C)=CC1)O1,-3.52,augment
1137,CSC[C@@H1]CNC[C@@H1]CCN1C(C)NC(C2)CCCCC=CN=CCCCCC21,-3.56,augment
1138,O=CC=C=NC1(C=CC=CC=C1Cl)SCO,-3.79,augment
1139,C12=CCC=CC=C1C=C(NC)CC=CN2C#N,-4.52,augment
1140,C12C(O)[C@@H1]=C1N(C2C)CCl,-3.88,augment
1141,C1[C@H1]CCC([C@H1])C(=O)NCCC(C=CC=O)CC1,-4.81,augment
1142,CC=CC=CCCC=C(N1C[C@H1]C[C@@H1]CCC(=O)N(C)C)CC(F)=CCC1,-3.28,augment
1143,CC[NH2+1][NH2+1]CNCC=C/C=CNCC=C(CC1=CC)CC=N1,-4.61,augment
1144,C1C=NOC1CC=CC2CC3CCC=CC=CC(O)C=C32,-5.33,augment
1145,CCC=CCOC(=O)C(=C)C1OC1=O,-3.71,augment
1146,CC(OCC)C(=O)NC=CNC=C=C(Cl)NCCSSCCCCCOC=CC(C)O,-2.14,augment
1147,O=C(CCC(=C)CF)NC=C1C(N)C=C1Cl,-3.54,augment
1148,C[C@@H1]OC=CC(C1)(O)C=CC=CN(C#N)C=C(C)OC(C)=CS=C1,-3.93,augment
1149,CCCC([NH2+1][C@H1])CCCC=CCCCOC=C=C,-2.91,augment
1150,C1OC=CCC2/C=C1C3=CC(=C)CCCC=NC=C2C(=O)N3,-4.9,augment
1151,C1OC=NC=CC(=O)CCN=CC(CF)C1=O,-3.47,augment
1152,CCCCC[C@H1]NC[C@H1]CC=O,-2.69,augment
1153,C1C[C@@H1]C1CCCCCCCCC=CC(=CN)CC2C(CCCC)=C2F,-2.6,augment
1154,CCC=CC=C(C1C(=O)N[C@@H1]CC2C)CC=C2CCCCCC=NC1=O,-5.11,augment
1155,COCCCCCONC=CC=C(S)CC#N,-2.86,augment
1156,O=C=CC=CCC=CC=CS[C@H1](C)NC=O,-4.1,augment
1157,C1OCCN=C1C=C2NCCNC(=O)N3CCC(C)=C2C=C3O,-4.58,augment
1158,O=CC=CN=C(COCC)C=O,-3.02,augment
1159,CC=CC1=C(C)CCN=C1,-3.35,augment
1160,CCOC=CCC=CC(=O)CCN=C(NC)CC[C@H1]CCC(OC=CN)CCC,-1.19,augment
1161,CC=CC#CCCC(=O)C=NNC=CC=CF,-2.98,augment
1162,CCNC=CC(=O)C=CC=CC=CCl,-3.56,augment
1163,O=CCCC[C@@H1](C)NC=O,-3.42,augment
1164,CCCC1=CC(OC=C1C[C@H1](C)N(ON)CC)[C@@H1]CC=C,-3.4,augment
1165,CNC#CC1C2=CC(=C)CCN=CC(N2NN=CC(=C)C)C1=O,-4.27,augment
1166,CC=[NH1+1]C(SCCNCCCNC(C)C=CC1=C)C#C1,-4.66,augment
1167,CCOC=CC=CC(C=C1C=C2CC[NH2+1]C2COC=N[NH1+1]1)CCCC,-4.1,augment
1168,CN1C(C)CC=C1C([NH1+1])CCC[C@H1]C=CCCC(O)CC=CC=CC#C,-2.72,augment
1169,CC=NC=CSC=CCCCCCC=CC(=NC=C)C=CC=CN=O,-3.75,augment
1170,C1C(CCCC=O)N1CC,-3.1,augment
1171,CCC=C1N2CCCNC(O)C2C1[C@@H1](C)CCCCC,-3.72,augment
1172,CC=CC=CC=CCCCC1NC=CCC2CC(C)C=C2C=CC=CC=C1C,-5.4,augment
1173,CN1C[C@@H1]1CC(=O)NC=C=CCC(C)CC=O,-4.35,augment
1174,CC(C)C[C@@H1]=CC(=C)C=CC(=O)NC=NCC,-3.66,augment
1175,CCC(CC=C=NC=C(F)CC)CCCC=CCC,-3.01,augment
1176,CC1N[C@@H1]CC=C[NH1]C(CCC2OC21)C=O,-4.51,augment
1177,C1[C@@H1]C[C@@H1][C@]1C[NH2+1]C[NH1+1](CCCCCOCC)NC2CC2,-1.12,augment
1178,C1OC(=C2)N2NC(O)N=CC3OC(C=CC3CSC1)=O,-4.28,augment
1179,C1C[C@@H1](C=CC=CC=C1SCCC=NCCCCCCCF)C=CCN(N)CC,0.0,augment
1180,C1CSC=CC=CC=C1C=CCCC(=O)C=NC=O,-4.4,augment
1181,CCNCCCCC=CCCN[C@@H1]CCCNC=CCCC=NC=CC=CC=C,-0.98,augment
1182,CCC=NC=C(C12NC3[C@@H1](C)COC3)N=C1C[C@H1]2OC=NOCC=O,0.0,augment
1183,CC1=CC=CN=C1OC(=O)C(C2)C=CCCC=C2C3=CC=CC3,-4.88,augment
1184,ClC=CC=CN=CCNN(N)C(C1)C1=C,-3.67,augment
1185,CC=NC=C(C=CC=CC(C#N)/C=C1/C)CC=CC1=C,-4.92,augment
1186,CC[C@@H1]NCC1NC(C)[C@H1](F)CC1[C@H1]C(C)COC=O,-2.44,augment
1187,CC=CC=C(O)C=O,-3.07,augment
1188,C1=2CCCC=2N[C@@H1]1CC[C@H1]C=O,-4.01,augment
1189,CCC=CC=CCS(O)CC=CC=NC1=CC=CS1C=CCC,-3.9,augment
1190,CCCNC1/CC(C2)CNN(C=C3CC=NC=C3C=CC=C)C2=C1OC,-3.99,augment
1191,C1C(C)C1,-2.1,augment
1192,CCC(OC)CCC=CC=O,-3.21,augment
1193,CC(=O)CSC=CNC(NC=CC=CCCCC(=O)NCCC)C#C,-2.55,augment
1194,CCC1CC(N)=CC=C1C(=O)C=CC=NC=COCC=C,-3.88,augment
1195,CCNC(C1C)NC=CC1C[NH1+1]C2CCC=CC2C=N,-3.82,augment
1196,CC=CN=C(NNC(CC1CCCNC)C)[C@@H1]C2CC=CC=C12,-4.7,augment
1197,C1[C@H1](C[C@H1]1OCC=CCSC2=CC#CCC=C2CCCCCCC=3)CC=3N,-5.14,augment
1198,CCOC=CC=O,-2.46,augment
1199,CCCOC(=O)CBr,-2.8,augment
1200,C1C=C1C[C@@H1]CCCCNC[NH1+1](C)CCOC=C,-2.21,augment
1201,COC(=O)[C@@H1]SC=O,-2.92,augment
1202,CC=CC(=O)NC(N)C(=O)N=COCN1NNCNC=CCCC=C1C=CS,-2.3,augment
1203,C123[C@H1]N(C)CS(C(C)C(C)C1)CC2NS3,-4.38,augment
1204,CCCC=C(C=CCSNCCNCNCCCCCF)O,-1.71,augment
1205,CN(C)[C@@H1]NSCC(C=CC=C1C=NC=O)CC=C1C(C2)C2,-3.0,augment
1206,C1CC[C@@H1]1CC(O)CCC(=O)NCC=CC2=CNCCS2C=O,-3.41,augment
1207,CC(=O)CCC=C[C@H1]1C(=O)NCN1C=O,-3.53,augment
1208,CC[NH1+1]C(=O)NC=C=CCCCC=O,-4.1,augment
1209,CC1OCC(C2)=C1C(C)CC2CC[C@@H1](C)CCC3OC(C)O3,-4.62,augment
1210,CCOC=CC1(N=C(O)N[C@@H1]1)C[C@@H1]CCCN=C[N-1]S2C=C2CC=CC,-2.36,augment
1211,C1CC[C@@H1](C)CC[C@@H1]1CCCOC(C)C=CC=CCCO,-4.1,augment
1212,CCNNSC1=NC[C@H1]NC(=O)CCCCC1C=NC=CCN,-4.25,augment
1213,C[C@@H1]NC=CCN(C)SCC1=COCC#C1,-3.29,augment
1214,CC1CCCN=C1C2(N)NC=C2C=CC=CNCC,-3.84,augment
1215,C[C@H1]C1=CCN(O)C=CC=CC2(N)N(C)C13CC2=CNCCC=C3C,-4.43,augment
1216,C[C@@H1](C1C)C=CC2=CC3(CC#CN=CC=C(CC2)NCC3)C=C1,0.0,augment
1217,C1COC=C[NH1+1]=CC2=CC=C3S2NSCCC(=O)N(C)CC31,-5.31,augment
1218,CCCN(C)CCCC1(N2)C3(C)C[C@H1]N3CCC(O)C4[C@@H1]1C24,-3.49,augment
1219,C1C[C@H1]CCC[C@H1](N)C=C1Cl,-3.8,augment
1220,C1C(=C)C=C=CCCCNC(CCC2=O)C2C1,-4.47,augment
1221,CC(=C1)N1C=CC(CNC=O)C=CCC[O-1],-3.37,augment
1222,C=S(=O)[C@H1]=CC=CC=C(C=CC1=C2C=[N+1]2CC=C1)C=O,-4.4,augment
1223,C1C=CC(=C)[C@H1](C)NC(N)C(C)=C1C,0.0,augment
1224,CCCC(=O)[C@H1]CCN,-2.39,augment
1225,C1OC=CC=COCCC(C)CC=2OCCC3C=2C3CC1,-4.44,augment
1226,CC=[C@H1]CC(O)C(CN)C(=O)C#CCCCCCCCC,-1.97,augment
1227,C1C(O)NC(=O)CC(C)C=CC=C1C=CC=O,-4.8,augment
1228,CCCCC1=CNC=CC2(CCCC3C1CCCCC=C3C=C2C)C=O,-5.28,augment
1229,O=C[C@@H1]CNC(=N)C#CNCCC1(F)NCCON1CC,-3.25,augment
1230,CCCCSCNCNN(C)CC(N)SNCSCN=CC1CNC1,-3.07,augment
1231,CCCCCCCCP12CCC[NH1+1]2[N+1]1C=O,-3.38,augment
1232,C1C(C)OCCN1CNC(=O)C[O-1],-3.51,augment
1233,CC=CCC(CC=CC)(CC)CCCN(/C(=NC)CC)CCOCCC=NNC=S,-2.54,augment
1234,CCCCC=CC1C[C@@H1](O)N=C1[C@H1](C)C2C3C=CC2C3C=O,-4.73,augment
1235,CC[C@H1](C)C1CNC(C)(C(C)O)C2=CC=C(Cl)C=C2CC1,-3.85,augment
1236,C[C@@H1](C[NH2+1]CC=N)NCCC([C@@H1])C(C)(OC)CC,-1.69,augment
1237,CC(=O)CC=CN(CC(C)CCOCC1CCCC=C1)C2C=C=C2,-3.56,augment
1238,CC=CC=CN(C=O)CCCCC1C=C1CC(O)CNC(=O)CC=NC=CCCC,-3.35,augment
1239,COCCCOC=CNC=NC=CC=CNC1=CC=CC=C1C=O,-3.49,augment
1240,OC(C)C=CNNC(=O)[C@H1]CCN(C)NC=CN1CCC(O)C=CS1,-2.95,augment
1241,O=C(CCCNCC=C1N(C)C=N)C1=C,-3.85,augment
1242,CCCC(=O)[C@H1]([NH1+1]12)CCCC13C2CCOC(O)C=CN=C3C=O,0.0,augment
1243,C1C(C)OCCCC=CNC=C(OCCC)CC(=O)C1CC,-4.15,augment
1244,O=C=NN([C@H1]1CCC=[NH1+1]C(C2)C3=C2)C1CC=CC3,0.0,augment
1245,CCC1CC=NNN1N=O,-3.9,augment
1246,CC=CC=C1C=C1N2NC=NCCNC=C=CC=CN=C2C3=NC3,-4.34,augment
1247,C[C@@H1]C=CCC(O)C=CC(C)CC(NC(=O)C1)CN1C=[C@@H1],-3.54,augment
1248,CCCNC(=O)[C@@H1](C)[NH1+1]CCCC1=CCCCCC1=SCC,-3.57,augment
1249,CC=CC(=O)CCC1(O)C(O)C=C1C[C@H1][C@@H1]SSSCOC=O,-1.38,augment
1250,OCOC(=N)C=CC=CN=C/NC/C=CC=CC=NCN=CNC=CF,-3.32,augment
1251,CC=CC=CC(CO)C1=CC(=C)C=CCCN1C(=O)[O-1],-4.04,augment
1252,CCCC(C)=CCCCC(=C)C=CC=CCN=NC=O,-3.98,augment
1253,CC(C[C@@H1]CCN1[C@H1][C@H1](C)C)C1C([C@H1])CCC=C2CC=C2,-4.25,augment
1254,CCOC(CCC=CC=CN[C@H1]OC)(O)C=[C@H1][C@H1]C=NC,-2.92,augment
1255,CC1CCCC[NH1+1]1C=CC=O,-3.94,augment
1256,CNCNC=O,-2.3,augment
1257,CC=CSNC=NSN1OCC2C(C)(N)C=C=C1NCCOCCCC=NN=N2,-4.88,augment
1258,CC=CN(C)CCCC(=O)NC1C2C(C)C1CCCCCCCN2N,-4.3,augment
1259,C1CCC(C)=CC(=O)C(N)C(O)CC=CC=CC1=O,-4.4,augment
1260,C1OC(=O)C#C1,-3.11,augment
1261,N#CC=C=CC=C/C(=O)PC(C1)=C1C=CC=CN=C,-4.13,augment
1262,CN(C[C@H1]N(CC=CC)CC#CC=N)C=O,-2.9,augment
1263,CCOC(C)(O)N=C1CC2=CC=N[C@@H1]C2N3N[C@@H1]CC=C13,-4.56,augment
1264,C1C2=[C@@H1]OC=CCOC(N=3)C=CC45CCC=C4C5C=3C6C=C6S12,-5.68,augment
1265,C[NH1+1](C)[C@H1][NH1+1][C@@H1]CCC=O,-2.72,augment
1266,C[C@]1[C@@H1]CC(C)CCCNC(C23)CN2NCCC=CC1OC3,-4.71,augment
1267,C=C1CC1CN2CCNC(=C)C=CC=COO2,-4.23,augment
1268,CNC=CNC(C1)C1=CSNC(CNCCCC=CC=CC=C)Br,-2.74,augment
1269,C[C@H1](CN1C=C=CN1)CC=CC2NC2N=O,0.0,augment
1270,COCOC=CC=CC=CC(=O)NC([C@@H1])CN[C@H1](C)CC=O,-2.99,augment
1271,CC=CC=C[NH3+1],-2.91,augment
1272,CNCCC(C)C(N)C(C)C(O)C1CC=CC1=CC=C,-2.31,augment
1273,CCC=CCCCC(=O)CCCSC1=NC=CC1C,-3.04,augment
1274,CCCCCC(CC=CC)CC=C(N=1)OCC=C=1,-3.32,augment
1275,CC=CC=C(CN(CN[C@H1]O1)CCC=O)N1C(O)CC=O,-3.49,augment
1276,C1C2OC=CC=C12,-2.95,augment
1277,C[NH1+1]C=NC[C@@H1](C)N=C(CCC=CC1=CCCC1O)CO,-1.58,augment
1278,CC(N)[C@@H1](CC(=O)CCC=CC=C)C=O,-2.63,augment
1279,CCN[NH1]C(C=CCC(=O)CC[C@H1]C1=NNCCC1)=O,-3.18,augment
1280,CCOC=CCC1N(C=CC[C@H1](C)C1N2C=CC)O2,-3.82,augment
1281,COC(C)CCCC(C=O)C=CC=CC=CSCC,-3.16,augment
1282,C1CCC=C1NC=NC(O2)CC(CCNC=O)COCCS2,-4.11,augment
1283,C1#CC=CCCCCCC=NC(CCl)C(O)CN1C,-3.88,augment
1284,C1CC=C(C)C2C1C=C=C(C=CC=C)C=C[C@H1]2CC(C)COCCC,-4.59,augment
1285,CNC(=O)C1=CC(C=C/C=O)CCCCSC(=C)CC=C1O,-4.44,augment
1286,C1C=C2C=C21,-2.43,augment
1287,C1CC1C=CN(CC=CC=CC=CF)C[O-1],-3.06,augment
1288,C=C=O,-2.42,augment
1289,COC(=O)[NH2+1][C@H1](C)CC(CCCC)CC=CCPCC=CCF,0.0,augment
1290,C[C@H1]C[C@H1]C(C)=CCCCC=CC(=C)C=CC=CC=O,-3.37,augment
1291,C1[C@@H1]CCOC=CC=C1CN(O)COCCOC=CC=C[O-1],-4.15,augment
1292,COC=CCC(O[C@@H1](C)C[C@H1]CC1CCC[NH1+1]NCCC2CCC1)=C2,0.0,augment
1293,CCOCCNC(=O)CCCCSNC(CCOCCC#C)CC,-0.02,augment
1294,CC1=CC=CN1NCCC(CC[NH1+1]C)CC(=O)C=CN=O,-2.14,augment
1295,CC=CC=C(C=NC=O)OCOC,-2.66,augment
1296,C1CCOCCCCC=C1NCCN[C@@H1]C=O,-2.3,augment
1297,CCOC(O1)C#CN(CC(=O)CC=2)C1CCC=C=2,-4.93,augment
1298,C1CCC=CC=C1C=C(N)[C@@H1](O)CC2CC2=O,-3.27,augment
1299,COC=CCCNC=CC(C)[C@H1](C)C=O,-3.4,augment
1300,CCC=CC=O,-2.87,augment
1301,C1OC=CCC(N[C@H1](N)C(=O)NC2CC=CNC2(C)C)=C1COC,-4.11,augment
1302,C[C@@H1]CCCN(OCCNC[NH1+1]C=[C@@H1]CCC(C)(C)C)C=O,-2.31,augment
1303,CC[NH2+1]C=C=NC(C)CCC=C(C=CC=C(C1)C)C1=C,-4.75,augment
1304,CC=NC=C(C1)C=NNN1CCCCNCCCC(=O)CCC=C,-1.95,augment
1305,CNC1NC#CSC23[C@@H1](C2=O)CC3C(C)CC=C=CC1,0.0,augment
1306,C[C@@H1]OCCCCCNCCCC1NC(C)CC=CCC=COCC=C1,-4.22,augment
1307,C1CC=CC=CP1CCNCNC(O2)=[C@H1]C2PCC,-3.56,augment
1308,COC=CC1CC(C)(NCCCC(C)(C)C=O)C1S#N,-3.45,augment
1309,CC1C[C@H1]C=CN1C(=O)CNCCCC(COCC2)(C3)C23,-3.81,augment
1310,C12C=CN1CC=CC(C2CC(C)=O)C#C,-4.12,augment
1311,O=C(C1CC=CC2=C1CC=O)CCC=CC(C)CC2C,-4.47,augment
1312,C1C2NS(N(C)NCOC(=O)CC)S2C(C)C1O,-2.35,augment
1313,C1COCCCSCN2C(CCCC=CC=CC=CNC2C)=CC=CC=C1,-5.87,augment
1314,CC=CCNC(OCC1(C)C=CC=CC=CC=CC=CC)(C2)CN2ON1,-4.51,augment
1315,C1NC1=O,-2.84,augment
1316,CC(COC1=O)CSC1CCC(=C)C=CC,-3.7,augment
1317,CC=CC=C=C,-2.46,augment
1318,CC=NOC(=O)CCC(=O)CCCC=C(CC=CC)F,-3.02,augment
1319,CCNC(CCC1CC1[C@@H1]CCC2OC=NCNNC3C)(C3ON)C2,-3.57,augment
1320,C1=CC2CC[C@H1](C=CC=O)OC=NC=C2C1,0.0,augment
1321,CC=CC=CN=C(N)CC(=O)CC=C=O,-3.86,augment
1322,CNC(NCCCCNNC=C(O)C=O)=O,-3.34,augment
1323,CCCSCCC=C(N)NC=CCNSC=C1N=C(C=O)C1C(C2)=C2,-2.6,augment
1324,CNCCC(O)CC(=C)/C=CCl,-2.78,augment
1325,C1CN(C=O)OCCC=CCCC(CC)CCCS1,-4.36,augment
1326,COC=CC=CC=CC=O,-3.32,augment
1327,CCOCCNCCNC=CCOC=O,-1.94,augment
1328,COC=CC=O,-2.4,augment
1329,O=C(C)C(C)C=C(Br)CNCOCNC=CC=CC=CC,-4.07,augment
1330,C1CCC=CN1C=CCCCC(=O)NC=CCCSC=NN,-3.55,augment
1331,COC=CC[C@@H1](C1[C@H1]C=CC([NH2+1])C2CCOCCCC(C)C2=C)N1,0.0,augment
1332,CC=CC(Cl)=CC=CC=CNCCC(=C)N=C1NN1NCNC,-4.54,augment
1333,CCCC=CCC1=CCCN1CCl,-3.16,augment
1334,C[NH1+1](C)NC=O,-2.64,augment
1335,CCNCN(CNNC(C)CC(=O)NCCCSN)NC,-0.9,augment
1336,C1CNC=CN1C=CC2C=CC(=O)N[C@H1]3CCCC=C3C=CC=C2CC#C,0.0,augment
1337,CCCN(C)C(=O)OCCC[C@H1](C=[C@@H1]O)C=CC(F)CF,0.0,augment
1338,O=C([C@H1])CC1CCCC#C1,-3.83,augment
1339,O=C(C)NC=CC=C(C)C=O,-4.21,augment
1340,C1CCC=C=C=C1,-2.78,augment
1341,C[C@@](OC=C(CNC(C)CC)CC1=CC=C)C=C1C=O,-3.59,augment
1342,CC(C)C1NCSO1,-3.49,augment
1343,CNCC=CCCC(=O)CC(=O)CCCOCCCC(F)C,-2.24,augment
1344,CCOC1=CC=CC=C1NC(=O)N([C@H1])CC[NH1+1]C=CC=C2C(NC)C2C,-4.06,augment
1345,C12CCC=C=C1C2,-2.88,augment
1346,C1C(CCCC)(O)NCC1NC(C)CC=CF,-3.08,augment
1347,C[C@H1](C[C@@H1]1CCC2N1CCC=CC)CC2F,-3.68,augment
1348,COC(=O)CNC(C)ON=CCOCCCC1OC=CC1C,-1.7,augment
1349,C12C(C)CCCC=C1N2C,-3.41,augment
1350,CCC(C)[C@@H1]CCCCC=O,-3.17,augment
1351,CC=CC=CNN=CCN=CC,-2.98,augment
1352,C=NCCC=C,-2.2,augment
1353,C1CNC(O)([C@H1]CC2[NH1+1]CCCCC3NN1CCC3)C=C2,-4.45,augment
1354,C1[C@H1]C=C(C2[C@@H1](C)NC2CC=C)N(C)C1CC[C@H1]CCC,-3.65,augment
1355,CCOCC[NH2+1]CCC(CC(C)C=CCF)C(F)CC,-2.48,augment
1356,O=C(C)CCC=CCl,-3.32,augment
1357,CC(C)CC=C(C=CNCONC(C)NN=N)C[C@@H1]CC(C=O)=CC,-3.52,augment
1358,O=CCC=C(C)NC(C)C(=N)N=CCC1OC1(C)CC=CC=C,-4.29,augment
1359,CNCOCCSC[NH1+1](C)C=O,-0.92,augment
1360,C1C(C)NC=C=C1C(CCCC(C=CC=CNNC2=CC=CC)C2N)=O,-4.46,augment
1361,O=S(=CN)CSNC=CC=CC=CN=C(Cl)C,-3.85,augment
1362,C1C(O)[NH2+1][C@@H1]CCCNSC1O,-4.09,augment
1363,C=C=O,-2.42,augment
1364,CC([O-1])C1C[C@H1](CCC1CCCNCC)C=CC=CC=CC#C,-4.13,augment
1365,CC(C)C#N,-2.38,augment
1366,C1C=NC=C1,-2.63,augment
1367,O=C(CCCC=CC(C)=CCF)CN1CCSS1O,-3.04,augment
1368,C1COC(=O)CCCCC1C2CCCCC(C=O)CC2C,-4.68,augment
1369,CCNCCOC=CC(C)C1C=C(N2)S12(N)N,-2.93,augment
1370,C1CC=C=C1C=O,-3.23,augment
1371,CC(C)NC=C1CC([C@H1])CC=NC=CCCC=COCNC=C1N,-4.57,augment
1372,CCOC[C@H1]OC[NH2+1]C(C)=C(C=C=CC=CC)Cl,-2.32,augment
1373,CC=C(CNSCNS(=O)NCC=N1)C1=O,-4.6,augment
1374,CCOC=NC=O,-2.36,augment
1375,C1COC=CC=C1NC(N)[C@@H1]([NH1+1])CCC(=O)C,-2.46,augment
1376,C#CC=NC[C@H1](CCC(=O)N[C@@H1](C1)CCCC2=C1CC)C2,-4.55,augment
1377,CC=CC1=C(C)[C@H1](CCCCCCCCNC=CC=CC=CC=NC1)C,-5.61,augment
1378,C1[C@@H1][C@H1](C)N1C[C@@H1]NC=O,-3.6,augment
1379,C1#CC=CCN1,-2.7,augment
1380,COC=CC=O,-2.4,augment
1381,CC(N)C(=O)C1=CC(CC2)=C21,-3.76,augment
1382,O=CCS[C@@H1]C[NH2+1]OC=CC=CN(C=CCOC=CC)C1C(C)=C1O,-3.89,augment
1383,C[NH1+1](C)CCCC(C)C1C=C(CCC1NC)CCC(C)CC=C,-2.73,augment
1384,C[NH2+1]C[C@@H1]CCC=CC(C(=O)CC(C)CC1)C12CC2,-3.68,augment
1385,CC=NC=C(C)N(CNC=O)C=C1C(=O)C=CC=C=CSS=C1,-4.49,augment
1386,CCNNC(CCCCCCNCCCOC1)CSCOC(C)NCN=NC1,-4.45,augment
1387,C[NH1+1](C)CCNC=CC=C(SC=C)C=CC=CC=CC(F)C\C=CCC(C)F,-4.03,augment
1388,COC=CCCC=SNC(=O)C=CC(=O)CC=CN=C,-3.66,augment
1389,C[C@H1]=[C@H1],-1.87,augment
1390,CCNC=C(C/CCCC(C)C=C(F)C1=CC1)[NH1]C=O,-3.29,augment
1391,CCCNSCC1CC2=C(C3)C=NC2C=C(F)C=C3C1CNCC,-4.71,augment
1392,C1C(CC=C1)NC(O2)CCCC2,-3.74,augment
1393,CC1C2=CC=CCN2C1=O,-3.53,augment
1394,C=CN=CCCCN(O)C[C@H1][C@H1](CC(=O)NN=NNCC)N,0.0,augment
1395,C1C(CCC=C)C=CC=C1NCCC[C@H1]C=O,-2.83,augment
1396,C[NH1+1]CCN(C=CN1CCC=C(C=CC2=O)NCCOC=CC)CC2C1,-3.99,augment
1397,O=C([O-1])C1=NC=C(C)CC1=C,-4.07,augment
1398,C=C(C)C[NH1+1]CCC(C)N=C,-1.85,augment
1399,C1[C@](N)(C=CC(C)NC=CC=O)C1CCC,0.0,augment
1400,CCOC(=C)C#CNC=CC1OCCSC1N=O,-3.87,augment
1401,CC[C@H1]CCOC(=O)NNC([C@H1])CCCCCC(C)=NC(=O)C=CCNC=C,-1.68,augment
1402,CC=CC=O,-2.7,augment
1403,CC(C)C=C1C=C1CCC([NH3+1])C(OO)CC,-3.58,augment
1404,CC[C@@H1](C)C=CNC=O,-3.39,augment
1405,C12C=CS=NNC=CCC(=O)N1CC=CC=CC=CC=CC=C[NH1]2,-5.53,augment
1406,C1[NH1+1]CC=C[NH1+1]1N,-3.35,augment
1407,COC1=CC=C(C=CNC(C)SC1)COC(C)C,-4.13,augment
1408,N#CN(CC1)C2=CC2OCCCS(C3)N1C[C@@H1]=NCC(C)C3=C,-4.48,augment
1409,C1C=NC=C1C=C/NCNC=NCC=CC#CC,-3.97,augment
1410,CC(O)C=CC=C1C=C1OC=CC(C)[C@@H1]C2(C[C@@H1]CCCO2)C=O,-4.78,augment
1411,C1NC(CCN)C2(C)[C@H1]CC3CC=NNNCCCC=C=C2S3C1,-4.34,augment
1412,C1OC(=O)CSCCC1(C=C[NH1]C=C)OC,-3.79,augment
1413,CC1C=NC=CCC=C2N=C2NC=C1C=CC=O,-4.9,augment
1414,CNC=CN(O[NH2+1])CCC=O,-2.79,augment
1415,CC1[C@H1]C(CCC[C@H1]CCC2[C@@H1]1C(C)=C2)SSCC(C)=O,-5.29,augment
1416,CCOCCC=CNC=O,-2.89,augment
1417,CC(CCCN1)(OC)CC=CC=CC2C=CC1=N2,-4.31,augment
1418,O[NH1+1](C=CNCCCC=CC=CC=COCC([C@@H1])CC)CC1C=C1,-3.14,augment
1419,C[C@@H1](NC(=O)C(=O)[C@H1]C)CC=C(C=C)C=CCCF,-3.11,augment
1420,COC=CC[NH1+1]CC[NH2+1]C=CC=CC1=CC(=O)C=C1C,-4.31,augment
1421,CC(C#COC(=O)C)OC=O,-2.98,augment
1422,CCCC1CCC2=C1C=C[NH1]2,-3.26,augment
1423,C1C=CC=C2SC3=N[C@@]1/N4[C@@H1](C)CCN4C3C=C2C=CC=O,-5.12,augment
1424,CC=CC1=CCCC=C(CCCCC=N)CCC=CC(OC)[C@@H1]C1,-4.83,augment
1425,CC=CCC(C)N(CN(C)C[C@]CCCCCS(C)=CC=C=O)C,-3.37,augment
1426,C1C=CC=C(NC(=C)[C@@H1](N)CC(=O)CCCC)C(C)=N1,-3.08,augment
1427,CCOC,-1.9,augment
1428,CCOCC[C@H1]([C@H1]CNNCC[NH1+1]CC(C)C)C=C1CC1[C@@H1],0.0,augment
1429,C1[NH1+1](C)[C@H1][C@@H1]1CCC(N)CCCOCNC=CC=CC=CC(=O)C=CF,-3.15,augment
1430,C#CCN(CC[C@@H1]CCNC=CCC1C(O)N=O)S1,-3.49,augment
1431,C1C=CC(=C)CC1C=CCC[C@@H1]S2C(C)CC2CC=CS=C,-4.38,augment
1432,CC(O)C=CN1C2=CC=C1PC(=C)C=CC=CN=C3N[C@@H1]3C=C2,-4.88,augment
1433,CSC=C1C=CC=CC(C)[NH1+1]CCCCC#CCS1N,-4.48,augment
1434,CN=CC,-2.18,augment
1435,CC=CC1C2N3N(N=S2(CCC=C3)OC=C4CC)CC4=CCN5CCCC=C5CC=C1,-5.2,augment
1436,C[C@H1]CCNC1C(O)N[C@H1](C)C[NH1+1][NH1+1](C)C=CC=C1CCC,0.0,augment
1437,C=C(C)CNC=CCCC(NN)C1CCCN[C@H1]1C=CC=CCCC=CC=CC(C)(O)C#C,0.0,augment
1438,C=CCSC=NC[C@@H1](C1=C(Cl)CC=C1F)C=CC2CC2,-3.62,augment
1439,C1CCCN(C)C1(CSC)O,-3.04,augment
1440,CC=C(OCCN)NC(C)(O)N(C)C1C=C=CC1,-2.45,augment
1441,CCC[C@H1]C=CNC(COC=CC1)=C(C)COC=NCO1,-3.92,augment
1442,CCCN(C)CN(C1C2C3CCCC=CC=C4C1C2)C34,-4.49,augment
1443,C[C@H1]OC1[C@H1][C@H1]ON[NH1+1]C2CC=CC=C21,-4.57,augment
1444,C1CC1=NC(C[C@@H1]C)C[C@@H1](C)C(=O)C=O,-2.97,augment
1445,CCC1=CCC=C1[C@H1]NCOC([NH1+1])(CC)[C@@H1]C=NC(C)C=CC=CC,-2.23,augment
1446,O[C@H1]([C@@H1])[C@@H1]N=CCCC=CCC1OC=CCC(C)CCC=C1,0.0,augment
1447,C1CC(CC=O)NCC(C(NC)=CN=CN=C)CC2CC=NN=C2CCN1,-4.62,augment
1448,C1C=C(NC(=O)/CN=CC(O)CC=C1CC2)CC=CC3=CS2C3,-5.15,augment
1449,C=C=O,-2.42,augment
1450,COCC[C@H1](S)CCC=NC=CC=CC=CF,0.0,augment
1451,CCOC=CC=CCCC[NH1+1](C)[C@@H1]([NH2+1]C)CNC[C@@H1](C)CCC=C=C,-2.56,augment
1452,CC=C[C@H1](C(=O)CNCCNC=CC=CC)C#N,0.0,augment
1453,CCCN[C@@H1](C)N(CCNC=O)C=O,-2.41,augment
1454,CC=CC=O,-2.7,augment
1455,C=C(C)SCC=C=C(OCC=CCCNCN[C@H1]C)CC[C@@H1](C)C=CC[NH1+1](F)C=C,-0.48,augment
1456,CC[C@@H1]CCCC(CN)CC(C)CC(C)(F)CC,-3.04,augment
1457,C=C(C(=C)C=CC=CSC=C)C=C=O,-4.44,augment
1458,N1C=CC(F)C=C(SCCNCC=CC2=C[NH1]C1ON)C=CN2C,-5.57,augment
1459,O=C(C1)NC=CCN1C=O,-3.26,augment
1460,C=CCCCCCN(C=CSC=C)C=NC(=O)CS(C)CC=C,-2.53,augment
1461,COC(=O)NC(C)C=O,-2.77,augment
1462,O1OC(=O)C1(CC2C=C(C3)CCC=CC=CC=CCCC=C3C=C)C2,-5.69,augment
1463,O=C(CC1=CC=CC1)SN2CCOCC=C(O)CCO2,-3.64,augment
1464,CCCC=CC=CCC=O,-3.37,augment
1465,CC=C=CCSC(CC=CC=CC=CO)C=O,-3.7,augment
1466,O=C([O-1])[C@@H1]1NC1=CC=O,-3.3,augment
1467,C1CCCCC(CCNC1(CCC)C)SCC=[NH1+1],-3.9,augment
1468,C#CC#CCOC=CC=C[C@@H1]CC(=O)C=O,-3.18,augment
1469,C[C@H1](CCNC(=O)SCC(C)C1CCC=CNO)CNOCCC1,-5.79,augment
1470,CCCC(C)C#CCCCC1CC=CC=C1CCN=CCCPCCC,-2.88,augment
1471,C=CCC(=O)C[C@H1](N)CC=O,-2.55,augment
1472,CCCCC(C)=NCC=C(CCCC1=O)C2=NNCS3C=C3S4N2CCC14,-5.22,augment
1473,CC(S1CCC)C1C=CNCCCCOCCC(C)C=CC=C(C)C=CC=CF,-2.65,augment
1474,CC[C@H1](OCCNC#CNC=CCC=CC)CC=CC=C(C)CC=O,0.0,augment
1475,CCSCC=C=O,-3.07,augment
1476,C1[C@H1](O)N2[C@@H1](C)NC2(C(C)=C)NC=C1C=CN=O,-4.78,augment
1477,CC=CC=C(SCCCNCCCC(CCC1=C)=N)CC2C1C2,-5.2,augment
1478,C=1[NH1+1](C)C=C=1,-2.73,augment
1479,COC[C@H1]CN=[C@@H1]NCCC=C=C(CC)OC(C)=C(C)CN,-2.56,augment
1480,C1#CC=CC(=C2)S=CC=C(C3)C3CC[C@@H1]2C=[C@@H1]C1[NH1+1]CCCCCCF,-4.81,augment
1481,CC[C@@H1](C)CCC(NC(N)C=CC=O)=C(C)C,-3.38,augment
1482,CC(C)OC(C1)(C)CC(=C)C1CCC#C,-3.21,augment
1483,CN(COC=O)NS(O)CC(=O)F,-2.12,augment
1484,CCNS(OC[C@@H1][C@@H1]CCNCC[NH1+1]1[NH1+1]OCCCC=C(C)OC2=C)C=NON12,-4.9,augment
1485,CCC1CCC2CCCC(C=C(C)CC=CC=C2)CN1,-4.59,augment
1486,CC[C@@H1](ON=CCC1C)CCCC(O)C[C@@H1](CCF)C1C=CC=C,0.0,augment
1487,C=C(C=CC#CC1=O)NCC1(C=O)C=C,-3.95,augment
1488,C1CCCC(C[C@H1]C=O)CC(C)C(F)=CC1=O,-4.6,augment
1489,O=CCC(C)([NH1+1]1)CS12(N)NCC2CF,-2.95,augment
1490,NCCC=CC1(C=C1N[C@H1]CCCCCC=O)C,-3.93,augment
1491,CC=NN(C)CCCCPS1CC1NC=CC(S)C(C)CC=NC,-2.94,augment
1492,CC(CCCNC1=CC=COCC1)C[C@H1](O)CNN2C=NNCC23CC3C,-3.07,augment
1493,CCN=C(C)N=C(C=CCCCCC=CN=NNC=CSC(C)ONCCC1)C1,-5.54,augment
1494,COC=CCCC1C[NH1]C=CC1(C=C)C(C)CCC,-3.33,augment
1495,CC=CC=C1C(C)N=COC12C=CCCN2C=O,-4.08,augment
1496,C12NC=CC=C1C2CCCC=CCCC=CC=C,-3.61,augment
1497,CC=CNC=CCC(C1=CC=CC=C1C=O)C[C@H1]CCC=O,-3.81,augment
1498,O=C(CC=CC=CCF)N1CC1=NNCC=C=C=C,-3.74,augment
1499,CCNC[C@@H1](CC)C=O,-2.95,augment
1500,CCCC=C1CNC=CNC=CC=CC=CC(C(C)N1)=C=C=CC=C,-5.09,augment
1501,C[C@H1]CNC(C)COC1=CCCC#C1,-2.74,augment
1502,CC(C)NNCCC=C=CC=NC=CC=CC=NC=O,-2.88,augment
1503,CC=C1C(NC(=O)NCCC[NH1+1]CC2CC2N=NC1)CCC=CC,-4.67,augment
1504,C1OCCCC1=C,-2.98,augment
1505,CCCNC(N)N=CC(C)NC=O,-2.96,augment
1506,COC=CC=C(CC(C)/CSC=NN/N(C)CC)CF,-2.66,augment
1507,C1CC=CC=C1C,-2.84,augment
1508,O=C(CCCOCCC(CC)C(N)C=CCC=CC=C1CC1=C)S,-2.93,augment
1509,CC[C@@H1](C=NN)CCC(C)C1=CC1NC(=O)N(C)C(C)OC=C=N,-2.93,augment
1510,C1COC=C(N1CCCNCCOC)CC,-3.19,augment
1511,C1[C@H1](NCCC=CC=C(CNCC)C=O)C=C(N1NC=C2C=N2)C=C,0.0,augment
1512,C1OCC(=O)C=C2C=C1C=CC2C=O,-4.14,augment
1513,COC=CC=C(C)O,-2.72,augment
1514,CCCCCN[C@@H1](C=CC(=O)NC=CC)[C@@H1]C=O,-3.16,augment
1515,C=CC(=C)N=C=NNC(=O)[C@H1](C1)C1O,-3.64,augment
1516,CC=NC=CC(CC1=CC=O)CC=C1C,-4.24,augment
1517,CN(CCCNC)C(NN)[C@@H1](O)C(=O)OC[C@@H1]C=O,-0.08,augment
1518,CCC=C(N)COC=O,-2.38,augment
1519,CC(O)C=NC1C#CC=NC=CC=NC(C)C=C=C1,-4.82,augment
1520,C[C@@H1]C(=O)C1=CCCN(C(=O)O)CCC[NH1+1](O)C2=CC2CO1,-4.19,augment
1521,CNC(=O)CCCC(=O)CC(C)=CCCONC(C)CCCCC=C,-1.11,augment
1522,CC1C=C1CC=CC=O,-3.56,augment
1523,C1OC(=C2)C=C1NC=C2NCCN(C3(C)C(C)CF)ONC=CC3C,-4.09,augment
1524,CCC=CC1C=C1OCCNCCC=NC=CN=CSCSCCC(=O)CC,-2.66,augment
1525,C1C(C)OC=CNCC=NC=C1CC=CC=NC=N,-4.6,augment
1526,CC=NC1=CC=CC1(C=O)Cl,-3.34,augment
1527,COCCC=CN1SC=C/C(=N)C=NC2=C(C)C=C12,-3.79,augment
1528,CC(C)C(C)CCCN=COCCC1CN=CC1CNN=C,-1.86,augment
1529,C=CC(=O)CCNC1=CC=C2C=C12,-3.29,augment
1530,CCCCCCCNC(N[C@@H1]C(O)CCCC=CC=C1C=CCO1)C,-3.52,augment
1531,OC=CC(=O)SCCC=C=CCC=CN=C(NCCCC(=O)C=CNNO)CC,-3.09,augment
1532,CCCCC[C@H1](CCCCC)CC[C@H1](C)C[C@@H1]1CCCC(=C12)C2,-3.54,augment
1533,COCCC=CCCN[C@H1](C)C=O,-3.06,augment
1534,COC=CC=C(C)NC(C[NH1+1])CN1NCC(O)C=CC1O,-2.08,augment
1535,C1C(C2CCCN1CC3C(C)CN=C3N(C)C=C)CC2C,-4.84,augment
1536,O=C(N)CCCC=C([N+1](F)C=CSC)CC=CC=COCCC#C,-3.82,augment
1537,C1CC2C3=C1N[C@H1]2OC=CC=C4C(C)=CC=C34,-4.58,augment
1538,C1COCNC[C@@H1](CCCCNC=CC2=CC=CC=C21)O,-4.66,augment
1539,COC[NH2+1]C[C@@H1]CC[NH1+1]CC(C)CC=O,-1.26,augment
1540,CC(C[NH1+1]CCCCO)CCC=CCC(C)[NH1+1]CC[NH1+1](C)CC=C=C,0.0,augment
1541,C[C@H1]C[C@@H1]C=O,-2.61,augment
1542,C[C@@H1]C=NC(C(C)OCC[C@@H1]C=CC1=CCC=CC=C1)C,-3.96,augment
1543,CC(C)(CNCC)CCCC1CCC(C)=C1COCON=C,-2.65,augment
1544,CCCC(C)C1C=CSCC=NC2=NN2NC1(S)C,-3.63,augment
1545,C1N[C@@H1](C)CC1(C)S,-3.47,augment
1546,CNC(=N)C(CNCC)CF,-2.94,augment
1547,CC=NCC(C(CC)CCONNC=NC=O)[C@H1]C=O,-2.82,augment
1548,CCCCCC1(C)[NH1+1](O)CCNCCC(N[C@@H1]1C)CC(C)C,-3.54,augment
1549,CC=CC=CCCSCNC(=O)C=O,-3.06,augment
1550,C12C(C)C=C1O2,-3.0,augment
1551,CCCNCCNC(=C)CC[NH1+1]SCCC1C=N1,-0.48,augment
1552,C1NC#CCCCC(C2)C2(CCC(=C)NCC)N1,-3.85,augment
1553,C12CCC=CC1(C(=O)C=CC=C)C=C[C@H1](C)ON=[C@H1]CCCCC(C)C2,0.0,augment
1554,COC=CSCCN(C1CCC=C1CCCNC)CC2CC=C[NH1]2,-2.39,augment
1555,C[C@@H1](C)COC=CC(S)(C)NC(=O)NC=CC=CC(O)[O-1],-4.52,augment
1556,CCOC(=O)CC1CCCS[C@H1]1C=CC=CC=CCF,0.0,augment
1557,C1OC=CC=C1,-2.67,augment
1558,O=C(N)S[C@H1]C1CCC2C(F)N=CC2C1[C@@H1][C@@H1]3CCCC3C,-4.76,augment
1559,CC(C)C[C@H1]CCOCCCCCCN[C@H1]SC(=O)C=O,-1.78,augment
1560,CCNCNC=O,-2.89,augment
1561,CC(C)C=O,-2.66,augment
1562,CC=CC=C(CCCCC=O)NCCCC1CC1NC=CC=O,-2.83,augment
1563,COC=CC=O,-2.4,augment
1564,CCC(C(=C)NCNC=CC=CC=CC=C)C=1NC=NC=1CC,-3.98,augment
1565,C1CCC2C[C@@H1](NC(=O)[C@@H1](C)C=C2CC)C[NH1]1,0.0,augment
1566,C[C@@H1](Cl)CCC1C=NCC=N1,-3.07,augment
1567,CCOCCC(SCCC(O)C=CC=CC=CN=C[S-1]N)C=CC=CC=CF,-3.61,augment
1568,CC(CCCC)(N)[C@H1](C)NC=CC(C)C(=C)CCCCC=CN,0.0,augment
1569,CC1=CC(C)SCCCNC1NSCNS(C)CC2COCC=C2,-2.93,augment
1570,CCNC=NCC1=CC(CN)C=CC=CC(C2)S2O1,-4.35,augment
1571,O=C(C1C=C2C=CC1C=C3C=CC4=CC=CC=C2)C34,-5.56,augment
1572,CC(C(C1)=NC2=CCC)=CC=C2OCC1=C=CC3CC=CC=C3,-5.01,augment
1573,CCOCCOC=C(N1NCCS(=O)[C@H1]C=C2C=CC=C2)CC#C1,-3.31,augment
1574,C[C@@H1](O)NCCCCCC1CCCCN1C=O,-3.29,augment
1575,CC(C1)NCCON=C(NC=CCC=C1N=CC=C)C(C)=NN=CC=O,-4.61,augment
1576,CCCOC=C(CO)N[C@@H1](C=CC=CC)CCCONC=CC=C,-2.41,augment
1577,C1N(C(C)C=C1N)NC(C)C2C=CN=C2CC(C)=CCCC,-4.12,augment
1578,CCSC=1C=[C@H1]O[NH1+1](O)CCS2NC(=C)CC2=1,-3.88,augment
1579,CCOC1=NC=CCN1CSCC=O,-2.72,augment
1580,C1NCCC=C=C=C1C=CC=C(O)NC(C)CCF,-3.9,augment
1581,CCCC(SN[S@@](=O)N)(N)C=CC=C(F)N,-3.17,augment
1582,CCC1(C)C#C1,-2.44,augment
1583,C1CC=NCC(Br)S1N(C)CCC=C(N2)C2C,-4.36,augment
1584,CC[C@H1](CC)[NH1+1]C(C=CC=C1C)C1(N)C(N)C=C,-2.98,augment
1585,C1=C(O)OC=CC=CCC(=O)NC=CC=C(F)C=CC=CC=C1,-4.77,augment
1586,C123CCN1C=C2CCCC=CC4=CC5=CC=CC=C5CCC4CNS3,-5.47,augment
1587,C#CC=CCC=CC=CC(COC(O)C=C1C2)C2C=C1CC,-4.12,augment
1588,C12CCC2(CCCC(C)CCC3=C1C3)CC,-4.66,augment
1589,COC1=CC=CC1CC(=O)[C@H1](C)C2C=CC=CCC2=O,-4.49,augment
1590,C[C@H1][NH2+1]CC[C@H1]C[C@@H1]C(C)ON=CNC[C@@H1]CSC=NC(CCC=CC=C)C,-0.43,augment
1591,CCC1=CC2N[C@@H1]C1CC(N)C3CC4=CC4NCNC3C2NF,-4.57,augment
1592,O1C(C)CN=C=CCCC(C)NCCC1C,-4.45,augment
1593,C1C[C@H1]CCOC=CC=CC=C1NC2(O)C(=O)C=C2CC=CC=C,-5.06,augment
1594,CCC=CC(CNCCCCCCC=C1CC2=NCNN2)C1,-4.11,augment
1595,O=C(C)NC(C(=O)NCCCC=NC)=CC=CF,-2.58,augment
1596,CC(O)CCNC#COC(=O)NNCC1CC=C(C=CCCC)C=CC=C1N,-4.26,augment
1597,CC1[C@@H1](C)CCC(C2)NC3(C)[C@@H1]2CCC3N(C)CCC1,-4.4,augment
1598,C1C[C@H1](C=O)S1COC(O)C2=CCCCC=CC=C2,0.0,augment
1599,C[NH1+1](C)C[C@H1]C=NC(C)C=CCCCCC(C1)=CC1,-2.69,augment
1600,COCCCC(C)C=O,-2.65,augment
1601,C1C=CC(C)=C1C2=CC(=O)C=CC=CC=NN=CCCC=CCN2OC3CCCC3,-5.03,augment
1602,CN(OCCC=CCC=CC=CC1=CC=C=C1)C(=O)N=CC=CN2CCCCC=C2,-4.49,augment
1603,OCNC=CC=O,-2.82,augment
1604,C1=CC=CC=CN1C=CC=CC=CN(C=NN[C@@H1]C)C=O,-4.48,augment
1605,C[NH1+1](C)[C@@H1]CCC=C(C(=O)C=CNCSC(C)CCCC=O)C,-3.52,augment
1606,CCC[C@H1][NH1+1]C=O,-3.01,augment
1607,CCC=CN(N)CCNC(N)C(O)C1=CC(=CC)C1CS,-2.18,augment
1608,C=C(C)CNC1CCC(C=CN=CC#CCN12)N[C@H1]CCCCCN2OC,-4.33,augment
1609,C[C@H1]1C[C@@H1]1OC2C=C2C=CC=CC=C(C3)CC=CC4=C3C4N,0.0,augment
1610,CCCCCCCCCCSC=NC(C=NC1=CC=C)C1,-2.65,augment
1611,N1C=CSCOSCN1CC=NC,-3.9,augment
1612,COC(=O)/C(=C)/N/C=C/C=NC=C/C1=C/C1N=CC=C,-3.09,augment
1613,CCC=NC(CC=CC)=NCC=NC=CC=CC=COCOCSSSC,-3.05,augment
1614,CC=NCC=C1C=C=C[C@@H1]CCOC[C@@H1](C)C=C1,-4.74,augment
1615,C[C@H1](C[C@@H1]CC=N[C@@H1](CCC1CC)CCC1)COCCCCF,0.0,augment
1616,CCC(C)C1CC=CC=C1CCCC(CCO)C=CC2=CC[C@@H1]S2C=O,-4.75,augment
1617,C=C(CCC=C)N(O)CC(=C)C(O)C(C)(C)C=O,-2.02,augment
1618,C1CCC=C1,-2.3,augment
1619,CCCCC[C@H1]([NH2+1])NC(=O)NCSC=O,-2.49,augment
1620,C1CCCC=C(NCC=NC(=N)C=CC=CSN(C2)S2)C1,-4.33,augment
1621,C1OC=CCCC1N[C@H1](O)CCCC=[C@H1]CCC=CC=C,0.0,augment
1622,CC(=O)NC(=O)C(=O)C=[C@H1]C(N(C)C=C)CCC,-3.94,augment
1623,CCCON=CNCCC1C(C)CN1OCCNC=O,-2.62,augment
1624,O=CCC=O,-2.37,augment
1625,CCCCCNC(C(=O)C(=C)C=CCCC=NNCNNC=NC=CC=C=C)=C,-2.99,augment
1626,CC=CC=NONNC=CC(=O)CC=NC=C1N=CN/C=CC=CC=CCC=C1,-6.02,augment
1627,CC=CCC=C1N=C=CNC(SCCC2=C1)=CCCC=C2C=O,-5.07,augment
1628,O=C([O-1])C=C=CC1NCCCCC=CC#C1,-4.6,augment
1629,CC=NC(C)CCCCCCCC[C@H1]NC1SCCO[NH1+1]1CC=C2C=CCC2,-3.24,augment
1630,C#CCCN(CNC(=O)C1CC2CSNC1=O)NC=SCCC2,-4.37,augment
1631,COC=CC=[NH1+1]C1CC(C)CC[NH1]C=CNCCC1,-3.43,augment
1632,COC=CC=O,-2.4,augment
1633,C1CNC(C)=CNC(=O)[C@H1]CC[C@@H1]C2CCN(CCCC)CC=CC=C2C1,-4.63,augment
1634,CC=CC=CC=C(O)C1CC=CC=C1NC(=O)C=C=O,-4.81,augment
1635,C1/CC[C@H1]([O-1])CCONC=C1C=CC=CC=CS,-3.98,augment
1636,C1CN2CN(C=O)C=C2C=C1,-3.74,augment
1637,CC(O)C1NCC=CCC(=O)CSC2C1C[NH1+1]NNCCCC#C2,-3.89,augment
1638,O=C(C)NCCOC=CCCO,-3.04,augment
1639,O=CCC=CNC=CC=C(NCOC=O)NN(C)C=CC=C,-3.11,augment
1640,CC[C@@H1](C)N[C@H1](CCC(N)SC=N[NH1+1]CC=CCC1F)C1,0.0,augment
1641,COC=NN(CCSCC)C(=O)NCCC[C@H1](C)C=O,-3.02,augment
1642,C1C=CC=C1CC=NN(C)C2=CC=CC=N2,-3.68,augment
1643,CCC12NC(=O)N=C1CC3CC3OC=C2OC,-3.49,augment
1644,COC=CS=C(SO)C=O,-3.11,augment
1645,CC(CCCC)CNCCC(C)=CC#CC=C=O,-4.06,augment
1646,C[C@H1]C(=O)C=CC(C)SCC=CC=CC=O,-3.98,augment
1647,C[C@H1]CN[C@H1](COC=O)CC=O,-2.15,augment
1648,C1C(C)[C@H1]1C(C)C=CC=O,0.0,augment
1649,O[C@@H1]([C@@H1](O)C=C1CCOCC[C@@H1]1C)C2CC2N,-3.71,augment
1650,CC[NH1+1]C(C(=C)SCCCCCC1N)C(C)=C1,-4.21,augment
1651,CCC[NH1+1]1C=N[C@@H1]1CCC(C[NH1+1]C=NN[C@@H1](C)CC=C[NH1][C@H1])=C,-2.62,augment
1652,CC[NH1+1]C=CCC[C@@H1](N)C=CC1[C@@H1](C[C@@H1]C)C=C1C,-3.66,augment
1653,CN(C)SC=NNC,-2.85,augment
1654,CCNC=CCC=O,-2.93,augment
1655,C[C@H1](CCNC=O)C,-2.84,augment
1656,COC=CC=C(CC(=O)C(=C)C=NC=C=CSC=CCSSCF)C=C,-2.37,augment
1657,CCOC=O,-2.1,augment
1658,C1[C@H1](C/C(=C)N(C2=NC=CC=NN)C=CC=CC=C3)C2(C)C4CC341,-5.04,augment
1659,C1OC=CC=C[C@@H1]1CC(O)C=O,-3.56,augment
1660,C[C@@H1](CC=CC=CC=CC=CC(=O)NC=CC)CNCCCCC=C=CS=CC=C,-4.29,augment
1661,CC=C=CCC=CCOC1(C)ONC=C2C=NNCC2C1C3=CC3,-4.65,augment
1662,CCCC(CC=CC)C(C)(C)CCN=C(C=NC)CCOCCC,-3.03,augment
1663,CCC=CC=CNC=CC=CCCC=CNCCC=NC1CC1,-3.44,augment
1664,C1CCCCN1C=CCCSC2=CC=C3C=NC=CCC=C3S2,-4.67,augment
1665,O=CC=CN=C(O)C=CC=C(S=CCC=CCC[NH1]C=CC=CCC1)CC=CS=C1,-3.77,augment
1666,C1C=CC(F)=C(C=O)C1,-3.47,augment
1667,CC([C@@H1])[C@@H1]CCOC=C1CC(=O)NC1C=CC=CCCCl,-3.78,augment
1668,CC(O)C(C)C1C=S1(O)[C@@H1]=CNC[C@@H1](C)O,-3.68,augment
1669,CCN=C(NNCC=C)NC[C@H1]CCCC(=O)CC=NOC,-1.47,augment
1670,CNC(=O)NC(=O)NCCNC=C=C(S(N[C@H1](C)C=CC)=CC)CC=CC,0.0,augment
1671,CC=[NH1+1]C=C(CC)CC=O,-3.47,augment
1672,C[C@H1]CCCC[C@H1]CCCC=CC(C)NNN=CC=CC=NC=CCOC1(N)C=NNS1,-3.69,augment
1673,CCC=C[C@@H1](CCC1CN1C2(C)NC=C2)OC=CC3CC3,-3.16,augment
1674,CCCC=C(CNCCC[NH2+1]CCCC)[C@H1]CCCC12CC1(C)C=C2,-3.69,augment
1675,CC(CCC[C@H1])(CC[C@@H1]C=O)CC(C)=CNC#CC,-2.98,augment
1676,C1C2OC=C[NH1+1]CCCNS(C)CC2NCOC=C1CC,-3.92,augment
1677,C1CC=CN=CCOCCN1C=NC(C)=CCC[O-1],-4.28,augment
1678,CCCCC(C=NC=O)(C1)C=C1OC=NC=O,-3.53,augment
1679,NC(=O)C=O,-2.34,augment
1680,C1OCC=N1,-2.25,augment
1681,COCC=NC(/C(C)[C@@]NC=O)F,-2.88,augment
1682,COC=C=CC=CCC(NC=O)CC([C@@H1])C(C)=CN,-2.8,augment
1683,COCCCCC(C1NC=CC(O2)CC=CC2C)OC=C1\CCCC(C)CCC=CC,-3.71,augment
1684,COC1[C@@H1][C@@H1][NH2+1]CCNN=CC(N)C=CC=NC=C1,-4.13,augment
1685,CCC(CS)SCCCNC(C)=[C@@H1]C,-2.6,augment
1686,CCCC1C2=C1CNC(=O)CCCCC2N(C)CCC,-3.88,augment
1687,CCNC(OCCCC=O)C#CON=SC,-3.05,augment
1688,CC1NCNC=NNCN2C3(C)C=C2CC=C(N4)C(=O)NS31CC4C,-4.51,augment
1689,O=CC=O,-2.19,augment
1690,COC(=O)CC1=CNCCN([NH1+1])CNC(=O)CS=C1,-2.94,augment
1691,CCC1=CC=CC1CCCCNCC(C=CCCCC=CCCC)CC=O,-2.55,augment
1692,CC1CC[C@@H1](C)[NH1+1]CC(C2)C2(CCCCC)NC1,-4.04,augment
1693,O=CNC(=O)C=CC=CC=CC=CC=CF,-3.63,augment
1694,C[C@H1]C=CNC(C=CC=C(CCCC[C@@H1])C1C2C)C=C1CC=C2Cl,-4.48,augment
1695,CC=CC=O,-2.7,augment
1696,CNC(=O)N(C)C=CC=CCC=CC=C(NC)C=O,-4.03,augment
1697,CCC#CCl,-2.25,augment
1698,FC1=CC=C(C)N1C2CC=CC3=C2NCCCNC(C)NC=NC=C3CC,-4.89,augment
1699,COC=CC=O,-2.4,augment
1700,C=C(SCC=C(CNC=C)C(C)OC)C=CCCF,-2.37,augment
1701,CCCC=CC=O,-3.01,augment
1702,CC=CC1=CCCC=C(CNC(C2=[C@@H1]CCC2)CCCC[NH1]1)C,-5.13,augment
1703,C[C@H1]CNCC(C1)=CC=CC2=CC=CCC=CC2C=C1SC,-4.79,augment
1704,CCOC(C=CC#CCC[C@H1]1N)CC2CCOCC=C2C1C(C)=C,-4.79,augment
1705,COCCC(C)=C(CCCCC)C1CC2C(CCCCC=CC=C2)C1,-4.21,augment
1706,CCCN(C)CC=O,-2.63,augment
1707,NC(=O)C1C2=CSCCC=CC(OC)C[C@@H1]12,0.0,augment
1708,CNC=CC=CC=SSCCC(C)C=1NC=1N=[C@H1]C,-3.34,augment
1709,CC(N)C=NSC#CCC(=O)CC(C=O)CC=CC,-3.33,augment
1710,CCNCCC(C)NC(ONC)=CC1=CN=C(CC1=O)CC,-2.52,augment
1711,C=CCCCNC(=O)[C@H1]CCC=CC(CF)(C)C=C,-2.63,augment
1712,CC=CC=CC#CC[NH1+1]C[NH1+1]CC,-2.86,augment
1713,COC=CCCCC([C@@H1])[C@@H1]C1CC(C)C=C1,-3.62,augment
1714,C1[C@@H1]C[C@@H1](O)CCC=C1CCCC=O,-4.48,augment
1715,C[C@@H1]CC(SC=C[C@@H1](S)C=CC(=C)C=CC=COC[C@@H1]1)=NC(O)O1,-4.38,augment
1716,CCCC=C1C(NC(=O)CC2CCC=CC2C)=NC=CC=C1,-4.55,augment
1717,CC=N[C@@H1](C)NPCSC(=O)C=O,-3.03,augment
1718,COCCC1=CNC(C)C1N=O,-3.73,augment
1719,N#CNC(=C)C(=O)N1CC=CC=C1,-3.67,augment
1720,O=C(C[C@H1]1)SCNS2CCN[C@H1](C)C=CCCC=C1C=C2C,0.0,augment
1721,CCCCC(CCCC)OCC(=O)[C@@H1]C(C)C=CC=C(F)C,-2.71,augment
1722,CC=CC(N)C=CCCC1=C(CCC=C1C=O)C2C(C)C(O)C2,-3.78,augment
1723,CCCN[C@@](C1=O)C([C@H1])CCCC#CS1,-3.93,augment
1724,NC=CC1C(C)CC2C1=N2,-3.61,augment
1725,C=CCC(Br)C=CC(C=O)=NN(O)CC(C)CCC(N1C2)=C12,-3.06,augment
1726,O=CC=CC=CC=CCC=NC=CF,-3.64,augment
1727,CC(C)CC=C=C(NC(=O)NN(C)SNC=O)CC(O)C,-4.22,augment
1728,CCC1CC(C)CN2C=C12,-3.29,augment
1729,CCC=C1C2C(S(N)OC(C)COOC1)C2,-3.8,augment
1730,C1CCC(N)CC[NH1+1]CC(C)(C)C=CC=CC#CN=C=C1CC,-5.68,augment
1731,CCCCCCC(CSC(C=CC=C1CCCS1)CCCC)=O,-3.4,augment
1732,CC=CCC1=CCCN[C@@H1]1CCCC(=O)C=CC=CC=CNNSSCC(F)F,0.0,augment
1733,CC(=O)N1CCC(C2)=C1C2OCCC(C=CC=CC(=O)C=C[O-1])CC,-4.36,augment
1734,COC[C@@H1](N)S1C=C(C(C)C1)CC2CC2(C)CCC,-3.16,augment
1735,COC=CC=C1CN1C=CC=C,-2.86,augment
1736,C12C=CC(C(=O)COC=CC=O)C1N=C2C,-3.36,augment
1737,C1C=CC=C1SCCC(=C)CCN(C=CC=CC=CC=O)[C@@H1]CCCCCOCC,-2.76,augment
1738,CCCNC=CC=O,-2.69,augment
1739,CC=NCC=CCN[C@@H1][C@@H1]([NH1+1])CCC=CC[C@@H1]C=O,-2.87,augment
1740,O=C1CCNC=C[NH1]CCCC=CNC2=NC=CNC2CC1,-4.54,augment
1741,CC=1C[C@@H1]CCN=1,-3.06,augment
1742,C1CC(CC[C@@H1]CC2[C@@H1]CCC3C2=C)=CC=C3CCCCC=C1,-6.32,augment
1743,CC#CCN(NCCC(=C)[C@H1](C)C=CC=C(C)C1=C)C1=CC,0.0,augment
1744,CC(C)CN=C(C=CS(C)(=O)ON/C=O)CCOC=O,-3.95,augment
1745,CC[C@@H1](C)NC(=O)C(=C)C=CC=C1C=C1OC=CC,-3.98,augment
1746,CCOCCCN=CC(CCC=CSC1=NN=CN)C1CCSC=CC#C,-3.47,augment
1747,O=C(C(=O)C=C1C=C)C=NNNCCCNC(C)=C1C=CC=O,-5.27,augment
1748,O=C(C=CN1OCCC=C2C3=C12)CCCC3C,-4.49,augment
1749,CC1C=C1CNCN2CN[C@H1](S)CNC2=N,-3.5,augment
1750,COC=CC=CC[C@H1](C=C=CCl)C(=O)CCCCOF,-3.07,augment
1751,CCC(C=O)C(=C)C=CCCCCOC(C)C=CC=CC=CC,-3.25,augment
1752,C1C=CC=C(CCC(C2)C=CC)C(F)C=C21,-4.54,augment
1753,C1C=CC=C(C1[C@@H1]C=O)C2CCCC2N=CCCSC3=NC(C)C=C3,-3.89,augment
1754,CCCNC(C=C1CCCC1)CC#CC,-3.08,augment
1755,CC=CC=CN=C(C=CC=CCC[NH1+1]CCNC=CO)C(=O)N(O)C(F)F,-3.19,augment
1756,C1CC(=C)C=C1C(O)CCOC=CC2CN=CCC2C=O,-3.85,augment
1757,CC1=CC=CC#COC(C=O)CC=C(C)C(C=O)CCC=CC=C1,-5.16,augment
1758,CC(C)[C@H1](C=C1CC2CC=C=C2CCC=C)C=CC1=C,-4.37,augment
1759,C[C@H1]CCCC=[NH1+1][C@H1]C[C@H1](N)NC(=O)CC=CF,0.0,augment
1760,C1[C@@H1](O)C=C2C(S21C=C)C(Cl)[O-1],-3.44,augment
1761,C1=CNC1(C=CC2=CNSCC2N)NC3=CC=CC=C3[C@H1](O)CCCCC=C,-3.18,augment
1762,CCNC=CCNNNCCC1=C(C=CN1CC=CC=CCC)N2NNNN2,-2.48,augment
1763,COC=CC=O,-2.4,augment
1764,O=C(ON1)C2=C3NC=CC=C3CNN(C=CC=C2C=CO)S1,-5.0,augment
1765,C=1C=CCCNC=C=1,-2.95,augment
1766,CCC=C(N(C)C(=C1)NCC=NCNC=CCCCC=O)C=C1,-3.21,augment
1767,CC(N)C=CNC(O)N=CC1=CCCNC=C1CCCOCF,-3.09,augment
1768,CCCCCCNC(=O)NC(=O)C=O,-3.58,augment
1769,CCC(PC)(O)N1CCO[C@@H1](C)CC1CNCC=NC(C)CCC=O,-1.79,augment
1770,CC=CCCCl,-2.25,augment
1771,C1[C@@H1]CC=CC=C(CC2N=C1SCN=NC(C)OCC)C=C2C=CC,-3.66,augment
1772,C12[C@H1]CC(N)CCNC=C1C3=CC=NC=C3C2,-4.65,augment
1773,CC(C)CC=CCOC(C=O)CCNCC(F)CC,-1.82,augment
1774,CC(C)(CCCC[C@H1](CC)C)CC[C@H1]CCCC,-2.56,augment
1775,CNC(=O)NC(C)[NH1+1]C1CCCC=C(CCCC12)C[C@]2OC3CC=CC=C3,-4.79,augment
1776,C[C@@H1]CNCC=CC=CN(N)CC(=O)C1CCNC=CC=CC=C2C13CC23,-4.75,augment
1777,COC=CC1=C(N1C=O)CCF,-2.74,augment
1778,C1[C@@H1]C(C)[C@@H1]1C=NCC=C(C(=O)CCNC=CC=CC2)CCC=C2CC=C,-6.05,augment
1779,CC=CC=C([C@H1]C)C=O,-3.59,augment
1780,C=C(OCCCC=CNC=CC=NC1=C=C=CCCC=CC=CC1)C2CC2,-4.55,augment
1781,C1OC(O)C=C1C=O,-3.39,augment
1782,COC=CC=CCC[C@@H1]CCNC(=O)NCCC=CCOC=CC=C=C,-2.53,augment
1783,COC=C(C(O)[C@H1]C1=O)CC=CCC=CC=CC=CC=C1C,-4.21,augment
1784,C1=[C@@H1]NCCC=CN1C(C=O)=C,-4.01,augment
1785,C1CCCC(O)[C@H1](C=NCC)CC(CCC)OC(C)=C1,0.0,augment
1786,COC=CC(N1COC(C)CCNC=C=CCC2=C1CCC)=C2OC,-3.79,augment
1787,COC=CCCC=CC(=C)C=CCCONC=NC=CN1CCCC1=NC=CC=CC#C,-4.19,augment
1788,O=C/CN/C=CC=CNC(=O)CC=NCC=CC=CC=C1N=C1,-4.33,augment
1789,CCCNN(C)CC(=O)C(=N)C=CCNS=O,-3.47,augment
1790,CC(O)CC(CCC1C2)=C12,-4.16,augment
1791,C12C=NCC=CC1N3SCCOCCCNCCCC=C3C2,-4.59,augment
1792,C=CNC[C@H1]NC1CCC=CCSC=C(C)C2C=C12,-4.36,augment
1793,COC1COCCCC=CC[C@H1]C(CCC=O)N=NC1,-4.38,augment
1794,CC(COC1=CC=CC=CC1CC#CNC=CC)CC(CCl)C(C)C,-3.43,augment
1795,CCOC=C1C=CC=CC(O)C=CCCC1C2=CC3CCC2CC=C3C,-5.08,augment
1796,CCCCN(COCC)C=CC1CC(=O)NC1C=CC2NS2(C3)C3,-3.92,augment
1797,CC=CC(=O)S(C(=O)N)N=CC(=O)C,-3.84,augment
1798,C[C@H1](C(C)OC(F)=C)CCCCNCC,-1.77,augment
1799,C1C[C@@H1][C@@H1]CN(CO)C1(CCCN(C)CC)CC=CCF,-2.83,augment
1800,C1C[NH1+1]CCNC=C(C)C1OC=NN=CCCC(=O)[O-1],-3.74,augment
1801,CCC=CC=CNCNC(=O)N=CCC=CC1=CC=CC=C1,-4.03,augment
1802,C[C@@H1](C=CC(C)OCCC)NC=CC1(CCCCCNC(O)C)CN1,-2.89,augment
1803,CC(O)CCCC(C)=CC=O,-3.67,augment
1804,CCCCSCNN(C)C(=O)N(C)CC=C1C=CSCC1NNN=O,-3.75,augment
1805,CC1(CCCC)C=CC(N)C1CCC2(C)C(C)=CC=CCOC=NC2,-4.26,augment
1806,CCC(C)C=CC(=N)CCCCC1NC=C(C(CC=C)=N1)NC=CC,-3.12,augment
1807,OC1=NC=CN=C1CCNCC(C)C=C,-2.9,augment
1808,C1C(C)[NH1+1](CN(N[C@@H1]C)N2C=O)CCC(O)NC2C=C1CCCC,-3.67,augment
1809,COC1=C=NCCC=C=C(CCl)C23CCC=C2S13,-4.28,augment
1810,CCCC1CC(C)N2C=C1C=CC2C,-3.72,augment
1811,C1CC=C1CSCCNCCNCCNCC,-2.24,augment
1812,C1N=C1CN2CCC=C2COC=C3C=C4C=C4N3N=O,-3.78,augment
1813,C1C=CC=C1C(=O)C=CC=CNC=CC(CCCC)=CC2CC2=C,-4.35,augment
1814,CCCC=CC(CCC#CNNCC=[C@H1]C1CC=CC=C1)CCCC=CO,-3.72,augment
1815,O=CC=CCNCCCC(=C)NC1CCCOO1,-2.51,augment
1816,CCCN(C)CC=CNCC1C=CC=CC1=O,-3.31,augment
1817,CC=NC1(COCOC=O)C=NCOC=C1C=C,-2.77,augment
1818,CC(C1)CCC=C1CC=NC(C)C=CC=C[O-1],-4.31,augment
1819,CCN(CCl)CCF,-1.87,augment
1820,COC(=O)CC=CC(C)CC1CCCC[C@@H1]1C=CCCCCC=C,-3.32,augment
1821,CCOCCNCCCNCCNC=NC=C/C=CC=CC=O,-2.6,augment
1822,CCC=NC=C=NCC1CCCC1=C,-3.61,augment
1823,COC=C(CC=C)CCNC=O,-2.53,augment
1824,CC(=O)NCCCNC(=O)C=CN=O,-4.21,augment
1825,C#CCOCCC,-2.21,augment
1826,C1[C@@H1]OCC(C)[C@@H1](F)NSC1C(=O)NCC=C,-3.46,augment
1827,CCCCC(N)C=NCC=N[C@H1](C)CN1N=C1CC=C=C=O,-3.38,augment
1828,COCCCC=[C@@H1]C[C@H1]CCC[NH1+1]CCNC1=CC=CC=C1C2CS2,-1.96,augment
1829,CC(O)C[C@@H1]CC(N)C[C@@H1]C=O,-2.82,augment
1830,CC(=O)NC1CCNC2CC[C@@H1](N3)[C@@H1]2CSC=C31,-4.13,augment
1831,COC(=O)C(=O)[C@H1]C1CCOCC1[C@@H1],-3.1,augment
1832,CCSCC=C(CCC=CC[NH1]C(O)C=C1N=CC2=NC1C)CC2=O,-3.99,augment
1833,O=C([C@H1])CCN(C#C)C(C)C,-3.33,augment
1834,CC=CC=CCCC(N)CCNC(=[C@@H1]CC[NH1+1]CSCC)C,-2.33,augment
1835,CC=O,-2.33,augment
1836,C1CC=C2CCC[NH1+1]NC(C/CCCC=NC2C)C=C1P,-4.4,augment
1837,CCC=CC=CC=CC(C)C(=O)CC=CC(C)SC=CC=CC=C1N=N1,-3.8,augment
1838,C[C@@H1]CSC1=CC=CNN1CCOC=C/CNCCCC=C=C=O,-4.5,augment
1839,CCCCNCSNC(=C)C(=C)C=C=C(C)C#CCC#C,-3.07,augment
1840,C[C@@H1][NH2+1]C=C[C@@H1](C)[C@@H1]CCC=CCC1CCC=C1C,-3.65,augment
1841,CC=CC=CCCNNCCCCCC1=C(C=C(F)C1F)C,-3.56,augment
1842,C[C@@H1]/N=NC=CC(=C)CCC(O)CCCC#CC=C,-2.92,augment
1843,C[C@@H1]O[C@H1]CC(C)[C@@H1](O1)[C@H1]CC2OCCCC2C1,-3.56,augment
1844,CC=CC=CC1=C(C)OC(CC=CC)CN(O2)[C@H1]1C#CCCC2,0.0,augment
1845,COC(=O)C[C@H1]CCC(NCN1CC=CC=CC1C=CC=C)NNNCCCC,-1.99,augment
1846,C=[N+1](C)C=CC1(C=O)ON(ON)CCC2=C=C2S1,-3.2,augment
1847,CCCN(C(=O)N[C@@H1]C=CC=C(OC=CC)C=CC=CF)Cl,-3.3,augment
1848,CC=CC=C(CNC(C=NC=CN)C(C)(C)C=CC1C2)CC1S2,-4.07,augment
1849,CCCCN=C(SCC[C@@H1]1NC(C)=CC(=C)CC=CC=NCNCCC)C1,0.0,augment
1850,CCNCNCCNCCSCNC(=N)NC=CCF,-0.59,augment
1851,O=CC=CC=CNN=CC=CCN=O,-4.53,augment
1852,C=NCCC[C@@H1],-2.18,augment
1853,C1C=CC2(C)C3=C1CC=NN(C)CC(O)C=C3CCCCC=C2,-4.96,augment
1854,C1OCCC=C(CC)C=CNC=C2N(C)[C@H1](CC2)C(C)=CC=CC=C1,-4.93,augment
1855,CC[C@H1]CCCNOCCCC[NH2+1]CC(C)OC=CC=O,-0.57,augment
1856,CCCN1C=C1C(C)C2=NC=CC=C2N=O,-4.36,augment
1857,O1[C@@H1](C[C@@H1]C1COC(=O)N2C)C=CCC2,-3.89,augment
1858,C1COC=C2C1[C@H1](C=C3C=CC)C3CC=CC=C(C)C=CN2,0.0,augment
1859,CCCC1C=CC=CCNC(=O)C(C)C(=O)COC=NC=N1,-4.15,augment
1860,C[C@@H1]CCCOCCCC=O,-2.54,augment
1861,CC(C)CC1C[C@@]1(C)CC(C)C(=O)C=CCF,0.0,augment
1862,C[C@H1](COCCCS[C@H1]1CC)NCC=CC=CC=C1Br,-4.42,augment
1863,COC=CC=C([C@@H1]CNC(C)C(=O)C)SC=CNS(C)=CC=O,-4.0,augment
1864,CC(C)CCCNC=CN1CC=2CSCC=2C(=O)N=CC=C=C1,-4.27,augment
1865,C1CC=NC(F)C=CC1S(C)NCCC[C@@H1]CCNCNCCCCC,-1.33,augment
1866,CC(C)C=1CCC=C=1,-3.07,augment
1867,C=CNCSC=NNC=CCCCC=O,-3.2,augment
1868,CNC=CCOC=CCCONCCNC=NC=CC=CC=[NH1+1]Br,-2.4,augment
1869,CC(COC(=O)C)=CNC(=C)[C@@H1](C1)CC1,-2.66,augment
1870,C=1OC=CC=C(CC=CC(CCNC)=O)N=1,-3.68,augment
1871,COC(=O)CC=CC(=C)C1=CCOC1(C)SCCN=COCCO,-2.98,augment
1872,CC=NC=CC(=O)OC=CC1=CC(=O)C2[C@@H1]1C2SN(C=O)C=C=O,-4.16,augment
1873,C[C@H1]([C@H1]CCCCNC(=O)NC=CC=C)C=O,0.0,augment
1874,C1CC2CC1([C@H1](C=O)C(N)CC2(S)C=O)NC=CC3=CC3,-3.31,augment
1875,CC(C)C1C=CN=C2C=C2CCC1=O,-4.05,augment
1876,O[NH1+1](C1)[C@@H1]CCC#C1,-3.34,augment
1877,CCCCCCC[NH1+1](O)C=CCF,-2.55,augment
1878,N#CCC=NCC=CC(C)NN[C@@H1](C)CNNC(C1)=NC1SC,-3.97,augment
1879,O=C(C)CC(OCC)=NC=C(C)CC=CC=CC=CC=C1C=C1Cl,-4.3,augment
1880,C1CC[C@@H1](OC2C[NH1]C=COC=CC=O)N2C=NC1(C)C,0.0,augment
1881,CCNCCC1C(C)C=CC=C1CC2CC2,-3.72,augment
1882,CC=CN=CCCCC=CC=CC(=C)NC(=S)NSCC,-3.76,augment
1883,CCC1CCC=NN1C=O,-3.37,augment
1884,CC=CC=CCCOCC(=C)CC=NNC(CCC=O)C,-2.64,augment
1885,C=C(C)[C@@H1]C[NH1+1]C(C)C=NC=CCC1=CC=CC=N1,-3.45,augment
1886,CCNC(=O)CC=O,-2.68,augment
1887,CC=CC([C@@H1]NC=NC1=CS=C(C=CC#C)F)=C1C[C@@H1]C2CCCC2C#C,-4.38,augment
1888,C1COCCCNN(CCC(=O)C=C(F)C=O)C1,-3.33,augment
1889,CCCCCN(C)N(CCCC[C@@H1](C1)CCC)CC#C1,-4.22,augment
1890,CC(C)C(=CC)CC(O)[O-1],-3.93,augment
1891,CC=CC#CC[NH2+1]C[C@H1],-3.04,augment
1892,CC1CC(CC(=O)CCC2N[C@@H1](C)[C@@H1]2O)C=CC=CC1(C)C=CC,-4.76,augment
1893,C1CC=NC1(CC2=CS=CNNCCC=CCCC=C)C=C2S,-4.57,augment
1894,CCO[C@@H1](CC)CCCC1N=C(O)C(F)CCOC1Cl,-3.63,augment
1895,CC[C@H1]C1NC(=O)C=C1C,-3.99,augment
1896,CCNC=CC#CCOC=NC[C@@H1]CC=O,-2.95,augment
1897,CCNCS(=O)=CC=CC=C/C(=O)NC=CC(C)(C)CC=NCC,-4.08,augment
1898,C=C(C)C(O)C(=O)N1C(C=O)C=C1C=O,-3.56,augment
1899,CCC(O)CCC1(C)C=C1F,-3.67,augment
1900,CC=C=[C@@H1]C=O,-3.08,augment
1901,C[C@@H1](NCCC=NC=C=CCF)CCNC=NC(C)=CC=CC=C=O,-2.7,augment
1902,CCC=C=C=CCCCCCCN1C[C@H1]CCCC=CCCCC1,-4.05,augment
1903,CC=NNCC#C[NH2+1]NC=O,-3.24,augment
1904,CN(C[NH1+1][C@@H1](C)CCCCC(C)COC=NOC)C=C1C(C)C1,-1.93,augment
1905,CNCN1C=C1C=NNC(O)C=CC=CC=C(C)CCC,-3.77,augment
1906,CCC=CCOC=CC=C1C#C1,-3.31,augment
1907,C1[NH1+1](C)C(=O)NC(CNC)C(C)(C)NC1,-3.92,augment
1908,C1OC=CC1N(C)CC2NC=CN=CC=CC=CN(C)N2C,-4.07,augment
1909,C1OC=NC=CC=C1C(CN)C(C)[NH2+1]C=O,-3.47,augment
1910,C12[C@@H1]CN1C3(CCCC[C@@H1]=C)C=C3C=C2C=O,-4.16,augment
1911,C1OC=NC=C1CC(=O)NNCSSC2CNN=N2,-2.17,augment
1912,CCCN(C1(O)C=CC=C=CCNNC)[C@H1]CCC2[C@H1]C2OC1,-3.6,augment
1913,O=C(C)CNC=O,-3.02,augment
1914,O=C(C)C=CNC(=C)NC(=O)NC=O,-3.49,augment
1915,CC=NNCNC(C=CC(=O)C=C(CCC1C=CS)S1(C)OO)C,-2.44,augment
1916,C1CNN(C=O)CCC=C1,-3.68,augment
1917,NC(=C)C(CCC(N)CCCC1)=NN(C)C2=C1C2CN=C,-3.72,augment
1918,C1#CCCC=C1NONC=NC=C(CCC=O)CCCCCNNCOC,-1.85,augment
1919,CC(O)CCC1C2=C1NCC=C2C(=O)N3C=CC=CC=CCC3F,-5.47,augment
1920,CC=CC=CCOCSC=O,-3.13,augment
1921,CCC(=O)NC(C)NC=C1C=CC=CC1[N+1],-4.04,augment
1922,CCCC=CNCC=CC(=O)N=C=CC(=O)CNCCC([C@@H1])OCCC=C,-3.44,augment
1923,CC=CC=CC1=CNNCC1CC2CC=NC=NC2CC,-4.23,augment
1924,CC1NC(C=O)NC[NH1]C=CC=CO[C@@H1]2CC21C,-3.74,augment
1925,CC=C1C=CC[NH1+1]1NC=CCC2CCCC=C2C,-4.7,augment
1926,CCCCCCCCC=CC=CCC[O-1],-3.15,augment
1927,C1C=CC=C1,-2.33,augment
1928,C[C@H1](C1)N[C@@H1]C(C(=O)N=CCCOCC)O1,-2.93,augment
1929,COC=CC=O,-2.4,augment
1930,CCCC=CC=CC=CC=CNCNCS/C(OCCC1C=CC=C1C)C,-2.81,augment
1931,CC=CC=C(C=CC=O)CNCCC(CC[C@@H1]1C)C1=N,-3.88,augment
1932,CN(N)C(=O)C=O,-2.79,augment
1933,C[C@H1]C[C@@H1][C@@H1]NCSC=CC=C(CCNC=C)CONCOC1=CC=CC1C,-2.37,augment
1934,CCNC=CC1(C=CNC(=O)N(C=CC=CCCC1C#N)CO)C,-4.26,augment
1935,C1SCCCC[C@H1]1NCCNCOC=C(C)CCC=O,0.0,augment
1936,CCCCNC(=O)NNC[NH1],-2.76,augment
1937,CCCC[NH1+1](C)C1[C@@H1]CCNN1C=O,-3.03,augment
1938,CCC1CC=CC=CN=CCC(CNC2=NC=C)C=C2N(C=O)C1C=C,-4.26,augment
1939,COC=CC=C(CC)CC=O,-3.25,augment
1940,CC(C)C(=C1C)CC=CC1C(CC2=CC=CC=C2)C=O,-3.98,augment
1941,CCNN(C)C=CCNC=CC=O,-2.82,augment
1942,C[C@H1]C[C@@H1][C@@H1](C(=O)N=CCC1F)C1OCC=PC,0.0,augment
1943,C=C(C)[C@H1](C=CCCCNC=CC1)CC=CC=C1OC(C)=CSC,-5.05,augment
1944,C[C@@H1](CC[C@@H1](C)C=CC=CC=CC=NN=CN)NNCCC=CC(C)NC=C,-3.61,augment
1945,CC=CC=CCNS(=O)C1=CC=C2NC2C=C1C=C,-4.66,augment
1946,CC=CC=CCC([NH1+1])COC(=O)CC(NCCCCNCC)C=CCC[C@H1](C)C,-0.86,augment
1947,C1C=C(CCC1(NCCCC=CC(CC=CC=C)C#CCC=C2C=N)C)OCC2=O,-5.05,augment
1948,CN(CC[C@H1]C=O)OC1CCCC1CC=CC=CC,-3.42,augment
1949,CC=NN,-2.31,augment
1950,CC=C(CSCNC)[C@@H1](O)NCCOC=NC=CC(C)=CC=O,-1.7,augment
1951,CC(C)(C[NH3+1])C=O,-2.36,augment
1952,N#CC=CCCNC(=O)COCN=[C@@H1]CCOC=C,-1.85,augment
1953,C1C[C@@H1]C(C=CCC(C)C=CC)C1CNC=CNSNC2CC=CN=N2,-4.3,augment
1954,O=C([C@@H1])SCC(CC1C=C1)NC=NC=CN=CCCC(=O)CCCF,-3.57,augment
1955,C1C(=N)C=CC=C2C3=C1NCCC[C@H1]CCCCC=C23,-5.19,augment
1956,C#CC=CC=CCCCS(F)NCCC[C@@H1]1[C@H1]CCCC(=C)C=CC2CC2C=C1,0.0,augment
1957,CN(CCNC1CN1)C(C)CC(C)C(=O)CC=O,-2.66,augment
1958,CCCCNC1C=C1CCNC(O)N(C)C=CC=C,-2.79,augment
1959,CNC=C(C[C@@H1]1CCC[C@@H1]1OC=CC=CN2C)C=CC2CCC,-4.05,augment
1960,C1=CCC(O2)C=C=C1C=CC=C3C(=O)CCCC2SS3=C=O,-4.87,augment
1961,CCCC=CC(C)C1NS1[C@H1]CCCC[C@H1](N)C=CC=CC,0.0,augment
1962,COC=CCCCCCCN(C=CC1)CC1N,-1.99,augment
1963,COC=CC=CC=CC#CS1([NH1+1])(C)NNCNNC(O)CC1CCCCCC,-2.76,augment
1964,CC1=C2CCC3=CC=C(Cl)CCC1CCCCC=C3C2,-5.01,augment
1965,CC=CNCNCCCC[C@@H1](CCN1[C@@H1]C)[C@@H1]C(C)CCCCC1CO,-2.47,augment
1966,COC1(C=NNC[C@@H1]1C=CC=C[NH1]C2)CC2=O,-3.77,augment
1967,C[C@H1]C[C@@H1]CNC=CC=CC(=C)SCC(C1)=C1CC(F)C,-3.39,augment
1968,COC=CC=CC(=O)CCC(=O)C1=CC=CC=C1CSN=O,-4.57,augment
1969,C12[C@@H1]CCCNN=CCNC=C1CCC(C=O)CC2=C,-4.53,augment
1970,CC[C@H1]C(N)NCC1[C@@H1](C)[NH2+1]N1CCCC=O,-1.8,augment
1971,CC=CC(C)C=NCCCC(=O)CCCC=C,-2.58,augment
1972,COC(C)CCN=NCN(C)C(O)[C@@H1]CCC=CC1=CC=CCO1,-2.97,augment
1973,CC(C)C#CNC[NH1]CCCC1=C(C)OC=CNC=N1,-2.53,augment
1974,CC([C@H1])(C=CC=CC=CC=CC1=CC1)C2C[C@@H1]CC[NH1+1]3CCCC=C32,-5.38,augment
1975,CC=CCC(C1=[C@@H1]C)CC1=CC=CO,-4.24,augment
1976,C=C1CC[C@](C(C)CCN2NOC)C12C,-4.16,augment
1977,CC=NC=C(S1CN2C=C21)CCCCC(C3)OC=C4C3C4(C)C#C,-3.95,augment
1978,C[C@H1]C[NH2+1]C[C@@H1](O)C[C@@H1](C)CC#CC=C=CC=CC1CC1F,-3.89,augment
1979,C[C@H1]CCCNCC(C1CNC=CN=C)=NN1C(O)C[C@@H1]2CO2,-2.36,augment
1980,CC=CC=CNN(CSCCNC1C=CSCC=CN=C1)CCC=O,-3.33,augment
1981,COC=CC=CC1(O)NCCC=C1NCCC(C=C)F,-3.0,augment
1982,C1C(=O)NC2=CC(S=3C(=O)[C@@H1]4C=3C)CCC=C2C1CC4,0.0,augment
1983,CC1N=C(N)C=C1C=C(O)C=O,-3.7,augment
1984,CCC=CC(C)=CCCC1=C(Cl)CC=C1C(=O)PCCCC=CC=C,-3.5,augment
1985,OC(NC=C=C)C=O,-2.74,augment
1986,C1C=CC=C=CC=C(C=O)N1,-3.95,augment
1987,CC(=O)NC=CNC=O,-3.62,augment
1988,C=CN=CCC1C=CC=C1CNNCCNCCCC([NH1]C2=CC)=CC=C2N=O,-2.43,augment
1989,CC(C)COC=O,-2.57,augment
1990,CC(O1)C=C=CC=C1CC=CC=C2C(C(=C)C=C2)CC3[C@@H1]C4CCC3C4,-5.82,augment
1991,CC(C)(C1[NH1+1]C2=O)C1(SCCCC(C)NC2)C3CC3,-4.43,augment
1992,CC(=O)CCCCCCS1CCNC2C1C3CN2C=CC=C3C,-3.27,augment
1993,O=C[NH1]C=C1C#C1,-3.05,augment
1994,CSC1=CNCNC=CC(C2=CC=CC=C12)F,-3.59,augment
1995,C[C@@H1]C[C@H1](CCC)C[C@H1]CCOC(=O)C=CCCCN[C@@H1](O)CC,-2.71,augment
1996,CCN(C[C@H1]CCCNC1CC)S(N)CCO[NH1]C(C)C=C1,-4.19,augment
1997,CNC(=O)[NH2+1]CC=O,-3.33,augment
1998,OC(CC=CC(O1)[C@@H1])CCOCC#S(SC=CC1=C2)C2,-4.54,augment
1999,O=CCOC=C/C(OC)=C/C(=C)C=CC=CCF,-2.99,augment
2000,CC(C)[C@@H1][C@@H1](C)[NH2+1]C=O,-3.46,augment
2001,CCC=C=NC1=C(CCC=C1C=O)OC,-3.54,augment
2002,CC1C[C@@H1]1CSCCCCC2(C)NCCCC2C=[C@H1]CCCSCCCCCC,-2.2,augment
2003,C[NH1+1](C)CCCC(CNCCC)CNNC(CCCC)C=C=CN,-0.99,augment
2004,C1=CCC2=NC=C1C=C2C=O,-3.85,augment
2005,COCCCC1C[NH1+1]1CCC[C@H1]([NH2+1]C)CCCC(C=CC=CC)C2CC2,0.0,augment
2006,CC(C)N=CCSCOC(=O)C=CC(=C)NNNNC1CCCC=N1,-2.22,augment
2007,CC=CC=CCF,-2.24,augment
2008,C1CC=C(N)OC2(SC)NC(=O)CCCCCCS1N=N[C@@H1]2C,-4.2,augment
2009,O=C(C)NC[NH1+1]CC[C@@H1]CCCCC(C)(CC=CF)NC,-1.67,augment
2010,CCN=CC=CCNNC(C)C(=O)CC(=O)N[NH1+1]N(C)CC1=CCCC(C)C1,-2.57,augment
2011,CC(C)[NH1+1]C(N)C(=O)NCNCC1[C@H1]CCC=C1NC=CC=CC=CCOC,-4.32,augment
2012,C1OC=CC=CCN1CC(=O)NSCF,-2.86,augment
2013,C1OC=CC#CN1C,-2.78,augment
2014,C=CC1=CC(=O)C=C1C[C@H1]NCCC(C)=CC(C)=CC#C,-3.4,augment
2015,C1N(C)CN1C=O,-2.82,augment
2016,C1C=CC=NC=CNC=C1OC,-3.81,augment
2017,CCC1C[C@@H1](C)OC[C@@H1](N)C(C)C(OC=CC)C2OC21C,-4.28,augment
2018,CCNC=CC(=O)NCCONCN=C=CC=CC=CCNC1[NH1]N=CN=C1C2C=C2,-3.33,augment
2019,CCC=C(CSCC(=O)C(C)CF)C(F)=C,-2.35,augment
2020,C[C@@H1](CCC1)CCCC=C1CC=CC=CCCCNF,0.0,augment
2021,CCCC=NC=C=C=COC(=O)CCNC=O,-3.46,augment
2022,CCC=NC=O,-2.72,augment
2023,COC=C1C=C2CS1=CC[C@@H1]2NC[C@@H1]C=O,-3.38,augment
2024,C=CCC(C(=O)NC=CC=CC=C(Cl)C=O)=NC=NN=CCC,-4.19,augment
2025,CCNC(O)=NOC(OC)CC1=CC=CC=C1CSNCCCCC,-1.47,augment
2026,C1C=C1CC=CCNC=CC=C2C=C(CC=C2)COC,-4.07,augment
2027,CCC=C(CCCOC1(CC2)CCCCCC=CC=CC=CF)C=CC21,-4.4,augment
2028,C1OCCC=C1ONC(OC)(O)C=CC=C2OC2,-3.5,augment
2029,CCC=CC=C(O)C=O,-3.12,augment
2030,O=CCCCC=C(C)CC1=CC=CC=NC1C=CCCOC=C2C=C2C,-4.54,augment
2031,CCC=C(C=CC=CC)CCSCC(=O)CCNC=CCC(O)CC=CN=CN=C,-3.99,augment
2032,CC=NC(SCNC)=CC=O,-2.93,augment
2033,C[NH1+1]CCN=C(C=NNC(=O)C=CC=CCCNC)CC=CCC=CC=CN=CCCCF,-3.16,augment
2034,O=C(NC[C@@H1]=CC=CC=CC=CNC(C)CON)OC=CCC1(C)C=CC=COC1,-4.36,augment
2035,CC=NCOC=C=C=O,-2.94,augment
2036,CC=CC=CCCCCC(CCC1C=N1)N=NCCCC=CC=C=C,-2.9,augment
2037,CC[C@](C=C(CNCCO)CC=NC1)CCCCS1C=O,-4.67,augment
2038,C1C2=NC(C[NH1+1](O)[C@@H1](C)C3CC3OC2)NS1,-4.21,augment
2039,C=CCCC(C)CCC=CC=C=O,-3.77,augment
2040,CCOC(=O)C=NN(CCOCCCNCCN)C=O,-0.14,augment
2041,C1CN1NC(=NNC=C)NC2=CCCC=C2NC=CN[C@H1][C@H1]CCCCC=O,-2.64,augment
2042,CCCC1CC=CNCCC1CCCC(=O)N2C3CC[C@H1]2CC3=C,-4.71,augment
2043,C12C3N(CS[C@@H1]OCC=O)C=C3C=CC1(Cl)C=C2,-3.8,augment
2044,CC1=CC=CCN2[C@@H1](C)CCC21,-3.73,augment
2045,C1OC(=C)C(C=CC2=CCC1(C3)C2CO)C=C3C#C,-4.89,augment
2046,C=CC1C=CCC=C=C1CNONC=O,-4.31,augment
2047,COC=CC=CC=O,-2.89,augment
2048,NC(N)C=CNC=CC=CC1=NNC/C(C2=C/C=C/C=C2)CCOC1(F)F,-4.62,augment
2049,CC=CC=C=C[NH3+1],-2.98,augment
2050,CCOC(=O)[NH1]C=CCCCCN[C@@H1]CNCC1CC(C)O1,-2.96,augment
2051,CC1C[C@@H1]1CCC=CCCCC2=CC(C)CC2C,-3.8,augment
2052,CCOCC[C@H1]CC[C@H1]SCN[C@@H1]C(C1)CCSON1CC[C@@H1]C2=NC2=O,-1.72,augment
2053,C[C@H1](CC)NCCCNC(C)CC1=NC=CC1C=C,-2.41,augment
2054,C[C@@H1](CN)C=O,-2.37,augment
2055,C1C=CN=C=C1COCCCCC,-2.53,augment
2056,CC1C2C=CC=C1C2CCCC3C=C3,-3.41,augment
2057,C[C@H1]C[C@H1](C)C=CC=O,0.0,augment
2058,CCCC=CCNC(O1)C=C2C=C1CC=C2C=CC=O,-4.22,augment
2059,C1CC=CC1(NC(S2)CNN=CCCNOC)N2CC=CC=C,-2.71,augment
2060,C=[C@H1]C=N[C@@H1]N=O,-3.28,augment
2061,CC=NCC,-2.39,augment
2062,CCCC1=CN(C)NCCC#CNCCCNCC=C=C1C,-3.99,augment
2063,CC(C1)C=CNC=NC#C1,-3.61,augment
2064,CO[C@H1](C)C(C)NSC=CC(CC(C)ON[C@H1]C)CC=O,0.0,augment
2065,CCCCCC#CCC1=C=C1OC=2CN=CC=C=2,-3.42,augment
2066,CCN(C\N)SCCC1CCCCN1C=O,-3.6,augment
2067,CCC=CC(C)C#CCC[C@@H1]C(=O)C1CC1[NH3+1],-3.14,augment
2068,CONC[NH1+1]=CC#N,-2.81,augment
2069,CC[C@@H1](CC)CNN(F)C=CC=CC=CCC=CCN=C,-3.41,augment
2070,CC[C@@H1](O1)CC=CCC1(C)COC(CCCCC)CCCCCF,-2.37,augment
2071,COC=CC=C(C=CC=C=NCCCC=CC(=O)C=CC=O)COCOCC,-3.67,augment
2072,CCNC(=O)C(=O)C=CCC#CC=CC#C,-3.05,augment
2073,CCNCCC(SCNCCCCCC(=O)NC)=NNC=SCl,-0.8,augment
2074,C1C(=C)N=C(C=CSC1C(=O)[C@H1]2)CCCC2,-4.29,augment
2075,CC=CCCCNCCNC(=O)NCC1NSCNNN2CNCC=C21,-3.28,augment
2076,C=CC=C([NH1+1])OCCCCC=CN=CC=CC=C[NH1]C([C@@H1])(O)C=C,-3.18,augment
2077,C1CO1,-2.12,augment
2078,O=C(NC[C@H1]CCC=CC=CC1(C)C=CN1)CC=CC=CC=CC=O,-4.84,augment
2079,C1OC2=CC(CCCC3N21)C=CC[C@H1]3CC[C@H1]N4[C@H1]5CCC4=C5,0.0,augment
2080,CCC1=CNC(C)N1C=O,-3.12,augment
2081,C=C(C=C(C)SCCN[C@@H1])[C@@H1]COC1=NN=CC=CC1C,-2.84,augment
2082,CCCC(O)CC=C(C=CC=O)[NH1+1]CCC=O,-2.72,augment
2083,C=1CNSN=C=1,-3.22,augment
2084,COC=C(C[NH1+1]([C@@H1])CC1C=C1CS)CC[C@H1](C)CCC=CC,0.0,augment
2085,CC(C)OC=CC=CCCCCC(=O)N1CCCCC1C,-4.19,augment
2086,CCCC=CC#CN=SSC[C@@H1]CCCC=CC=CC=NNN1CC1=O,-3.34,augment
2087,C1[C@](CNC=CN(C=O)ONC)(C)C=CC(=O)CO1,0.0,augment
2088,C1C(C)([O-1])CON=CC=CCOC=C1O,-3.97,augment
2089,CCCC(NSC(=O)NC1CCC=CC1C)=O,-3.5,augment
2090,CC(O)C[NH1+1](N)C(C1=O)CCC1CC=CC(C2)=CS2CCC,-4.14,augment
2091,CC=C1C=CC=NN1C2=CC=NC2=O,-4.63,augment
2092,COC1=CC=CNN/CC=NC1=O,-3.58,augment
2093,CCC=CC=C(C=CC1CCC(C)C=O)C2=C3CC132,-4.59,augment
2094,CCNC=CC[NH1+1]C(N)CC[NH1+1]1CC=CC=C1,-2.69,augment
2095,C1CC=C[NH1+1]1C=NC(C(=O)CCCCCOCC=O)C,-2.25,augment
2096,COC(C)C=[C@@H1]NC=CC1C=CCC1=N,-3.57,augment
2097,CC(C=O)=C=CSCCC=O,-3.42,augment
2098,C1C=CC=CC#CNC(N)CC1[C@@H1](C2CC=CC)C2,0.0,augment
2099,CC(C)[C@H1](C=C1[C@@H1](NC)CCCC)C1SCN,-2.35,augment
2100,CC1NC1(CCC[NH1+1]C=O)N,-3.27,augment
2101,C[C@H1]1C#CCC(C)C1CCC=C,-3.39,augment
2102,CCOC=CCCC#CC1CCC=C1C2=CC(CCCNC=C2)CC#N,-4.42,augment
2103,CC=CCC(=O)CNC=CC=O,-3.15,augment
2104,O=C(C=NC=CNNC(C)CCNC=C)N=CN=CC1CCC=CC=C1CCOC,-3.43,augment
2105,CCCCC(C)CC(C=O)ONC=NC(C1)CC1(C)CCF,-3.14,augment
2106,CC=CC=CC=NCCCCNNCCNC=NC=CC=CCCO,-2.2,augment
2107,CC(CCC=C)CCC=CC=CN=CC=CCCCC=NCC,-3.92,augment
2108,CC=CC(C)=CCCCC#CNCCNC(C1)=CC=CCC1CCC,-2.88,augment
2109,COC=CC=C1NC/C2NC=CC3=CC=C(SC=C3)C=C2NCC1OC,-4.39,augment
2110,CC1=NC=C1NC(=O)C2=CC(=O)C=C2CC(C3)CS3,-4.5,augment
2111,CCOC=C1N2C(=O)CC=CN(O)C(S)COC2C=C1CCCC=CF,-3.23,augment
2112,CNC=CCC(SC1C)C(F)[C@@H1](CCCC=C(C)C)CC1,-4.25,augment
2113,C=C1NCC2C1C3=C(C)C2CCCC=C3[NH1+1](C)CCC=O,-4.04,augment
2114,CC=CC=CC=CS1CN1CNCC=O,-3.17,augment
2115,C1=C(CC=CCN1)CCl,-3.31,augment
2116,CC(C)[NH1+1]=NCSC=CS1(C)=CC=CNCCCSN1CN=O,-3.92,augment
2117,COC=CC=CC=CS1OCC[C@H1]1OC=O,-3.19,augment
2118,CC=CC=CCNC1(O)N(C)CC1=S2C3=C2CC=C3,-4.08,augment
2119,CCCC=NC1=CCC=C=NC=CCCCCC12NC=CCP2C,-4.36,augment
2120,C1CCCCC=NNC=C1NCCCCN2NNC(C)=CC=CC=C[C@@H1]2CO,-3.82,augment
2121,C1C2(N)C=C[C@@H1](N)C(=O)[C@@H1]CC=CC=C2C1,-4.37,augment
2122,C1CC=CCCCN1C=NCC[C@H1](C2)[NH1+1](O)C=CC2,-4.16,augment
2123,CC(=O)N=CC=CNC(=O)CCNSC=O,-3.55,augment
2124,O=CCCCNC(=C)C(C=CC=N)CCl,-2.53,augment
2125,C=C(C)[C@@H1][C@@H1]CCOC=O,-2.74,augment
2126,CC1[C@@H1]2CCC=C12,-3.09,augment
2127,C=[C@H1]NC=O,-2.74,augment
2128,CCOC=C(C)CC(NN)S(O1)[C@H1]1NC=CC=CC(C)=C,-3.65,augment
2129,CC=C/C(=O)C=O,-2.95,augment
2130,CCOC[C@@H1](C)C=C[C@H1][C@@H1](O)C=O,-2.73,augment
2131,C[C@@H1]CNCCC#C[NH1+1]N1CNC=CC1,-3.1,augment
2132,CCCC=C(CC)NC(C)CN[C@@H1](C)[C@@H1]C=O,-2.32,augment
2133,C[C@@H1]CCOC1[C@@H1]C(=O)C=NC=CC=C/C=CC=C1F,-4.04,augment
2134,C1OC=C1C,-2.68,augment
2135,C=C(NCNCOC=C)COC=O,-1.56,augment
2136,CSC[C@@H1](CC(=O)C1CCS2CC=NOC1)C=C2C=CP,-3.79,augment
2137,C[C@]1(C)[C@@H1](C)NCOC(O)CC1C(=O)COC=C,-3.78,augment
2138,CC(C)[C@@H1]C1=C=N1,-2.82,augment
2139,C12NSCCCCC=C1C3C(=O)C4=CC5=NNC=C4N=C5CCCCC=C=C3C2,-5.49,augment
2140,C12OC=CC=CC=C1C=CC2ON,-4.61,augment
2141,CC=CC=CC1SNCCO[C@@H1](C2)C2NC(=O)C=CC=C3CC3(N)N1,0.0,augment
2142,CCCCCC=CC=COC=CC=O,-2.78,augment
2143,FC=CC=O,-2.28,augment
2144,CC=C(C)N=CC=C1CC1(C)COCC,-3.11,augment
2145,CCCOC(NC(C)CNC(N)NC=O)CC1CS1,-2.17,augment
2146,CCNC=C(C(C1)CC(N)CCCC=CC=C=N1)CCCC=O,-3.64,augment
2147,C=1C=CC=CC=1C(=O)C(C)NC=C2CCC=C[NH1]C2,-4.52,augment
2148,C=C1CCCC2=C1CC(=O)NC=CC=C=C2NCCCCC3CC3=CC,-5.54,augment
2149,C[C@@H1]CCOC(C(=O)CC)C(C)NC=C(C)CNC=CS,-2.35,augment
2150,CC=C[C@@H1](C=NC=CC(=O)C)CC=CCCC(O)NC,-3.57,augment
2151,C[C@@H1]CCC1N=[C@@H1]OC[C@H1]1C2C(=O)C(C)CCC=C2O,-3.73,augment
2152,CCC[C@@H1](C[NH2+1]CCCC1)C1Cl,-3.34,augment
2153,COC=CC(C=O)CNCCC1NSC=NC1=C,-2.45,augment
2154,C=CCSCNC(N1)C=C1NCNC[C@H1]CCC(=O)CC2C=C2,-2.79,augment
2155,CCOC=CC=C=C=C(CC=CO)N[C@H1](C1)NCCCC1CCC2=CS2,-4.57,augment
2156,CCOC(=O)NC(=O)NCCCC(C)CC[C@@H1](C)NC1=CC=CC=C1,-3.52,augment
2157,C1C=CC=CC=CN(CC=NC[C@@H1](O)CC1O)NC#C,-4.01,augment
2158,CC1CCNCNC(C=CC=CC1CCCC(=O)C)[C@@H1]C=C[C@@H1]SC,-4.7,augment
2159,CC[NH2+1]C[C@@H1](C)C=O,-2.86,augment
2160,O=C(CC[C@H1]N)C(C)(O)CC=C1C=CC=NN(OO)C1(O2)CCCCC=C2,-4.62,augment
2161,C=COC=CC=CC#CCC=CC(C)(O)NC=NN(C)CC1=CC1O,-3.4,augment
2162,CCC[C@@H1](C1)C(C(=C)CC)(C)NCCCCCCCN1N,-3.7,augment
2163,CC(=O)N=[C@@H1]C=CNCCC=O,-3.46,augment
2164,O=C(C)C1=C[C@@H1]1[C@@H1]NC[C@H1]CCC=CCC2CON=N2,0.0,augment
2165,CC=CC=C1N=CC=CC=CC(C#N)C=C2C(C)CC=C2COSS1C,-4.91,augment
2166,CC(C)[NH1+1](SC)C=O,-2.87,augment
2167,CCC1CC[NH1+1](O)SCC(C)C2=NC[C@H1]1CC[C@H1]CC=CS2,-5.43,augment
2168,CC1N(C)CCNOCCCC2[C@@H1]C=CCC12O,-3.94,augment
2169,CC(CCC1)C=C1NC(C[C@@H1]NCC2)CC(C)C2,-4.39,augment
2170,CCOC=CC1(CCNC(=O)C=O)CCC1C,-3.16,augment
2171,NC(=O)CCNCCC=CC1=CS(O)(C)CC=C([N+1](=C)C)CC2=C1C=CC#C2,-5.31,augment
2172,COCCC(CCC(=O)NCCC=CN=C1CC1)OCCC=CC[C@H1]C,-2.22,augment
2173,CCCC=NCC=CC(=O)/C(=O)NC=CCC1=CC1=NC=CS=O,-4.62,augment
2174,COC(=O)CC=O,-2.88,augment
2175,O=CC[C@@H1]COC=O,-2.41,augment
2176,C1CCC[C@@H1](C(C)C)CCC=CC2=CN1CCO2,-4.12,augment
2177,C[C@H1]C1NC(C)N(C)CCCC2CC1NCC2C=O,-4.14,augment
2178,CCN=C(OC=CC=CCC(O)C(N)CC[C@@H1]NC)CC=NCC=CC=N,-1.06,augment
2179,C1C=CC=CC(NCCN(N)CCC=CC#N)C2C=C2N=N1,-5.3,augment
2180,CCC1C=CC(CCOC1C(C)C=C(OC)CS)C=O,-3.03,augment
2181,NC[NH2+1]C[C@@H1](C1)CC=CC=CCC=CC=C1N2CCCCC2,-5.3,augment
2182,CCC=[C@H1][C@@H1],-2.17,augment
2183,C[C@@H1](C)CCCCN(C[NH1+1]CCC=CCC1=CC=CCC1)CCC=C=C,-2.71,augment
2184,CCOC=C(C=O)C=CC=C=CCCOC,-3.24,augment
2185,CCC1NC2(C=CC=O)CCC2NC(C)=C1,-4.06,augment
2186,COC(C)OC=O,-2.24,augment
2187,CNC=CC=CC(COC(C)C(=O)[O-1])C=CN,-2.96,augment
2188,NC=NC=CC=C=C(SCC)NN=C(OCCC)CC[NH3+1],-2.59,augment
2189,CCCC1C(C(=O)C=C1CC)C(C)CC,-3.64,augment
2190,CC=CC=CCCCC=O,-3.34,augment
2191,CC1(C)CC(C[C@H1]COC(C)CNC2)CC2(C)NN1,-4.41,augment
2192,C1CCCC(=O)NC1C2[C@@H1]CCC=C2C(=O)[O-1],-4.3,augment
2193,CC=C=CC,-2.37,augment
2194,CC=C(C(=O)C(S)C=O)C=CC=C(Cl)CNCC,-3.49,augment
2195,C#CC=C=NCC(=C[N-1]1)C=NC=CN1C=CC2=CNC(O)C=CC=CC=CC=CO2,-3.72,augment
2196,CC=CC=C(C=CC=O)OCC(C)SC1N(C2=CC=C1CC2=O)C=C,-3.84,augment
2197,CCOC1=CC=C/C=C1/C=C(C(=O)C=C)C=C2N=CS2O,-4.02,augment
2198,C=C(N)[C@@H1][C@H1]C(=O)C=O,-3.01,augment
2199,COC=CC=C[C@H1](NC)C=O,-2.48,augment
2200,C1[C@H1]C=C(C=O)CCCC(C)O1,-4.18,augment
2201,C1COC=CN1C=CC=O,-3.41,augment
2202,CCOC=CN(C=C(F)C(C)=CC=CC1)C(C)CO1,-3.92,augment
2203,O=C1C=CN=C(C=CC=CCC1C[C@H1]C(=O)[C@H1])CC[C@@H1]CN=NOC,-5.13,augment
2204,C[NH1+1](C)[C@H1]CSCNC(CCCCN=CC=CC=C)C=C(F)CCC,-1.51,augment
2205,O=C(C[C@@H1](N)C1CCC2N1CCl)C=C[C@H1]2CC#CCCC=CC,0.0,augment
2206,CCCC1C=CC=C/C=C1NC=CC=CC=CCCBr,-4.11,augment
2207,CC1=CN=C(O)C1CCC=C[C@@H1](CC)CC=O,-3.43,augment
2208,C1C(=C)C=CC1=CN=O,-4.52,augment
2209,CC(C)[NH1+1]CF,-2.33,augment
2210,CCNCC=CCNS=NCNC(=O)CC1CCC(C)(CC=C1)C=CCC,-4.26,augment
2211,C1CCCC=C1CCCC,-3.2,augment
2212,C=C(NCSNC=NC=O)C=CC=CC=CSCCF,-3.33,augment
2213,O=C(CC)C=CN1CCCCSCC=NN1CC=CCF,-3.64,augment
2214,COC=CC(/C=C/C=CC=CN=N/C1CC2Cl)C2S1,-4.51,augment
2215,C12CNC=C(C=NC=O)CC=C1C#C2,-4.9,augment
2216,[NH3+1][C@H1]C=CNC=CCC(OC)=CCOC=CC=CCSNCCC=O,-2.44,augment
2217,CC=CC1=CNN2C(C3[C@H1]C=C2C=C3C=O)CCCCC1C,-4.98,augment
2218,CCCCCCNSPCCCC1CN(C=O)C1CSCl,-3.3,augment
2219,CNC=CC(N(O1)N2CCCC=[C@H1]NC(C)C1=CC3=C2)C3=O,-4.52,augment
2220,CNC(=O)CCCC(N)C1CCC=CC=C1C,-3.63,augment
2221,O=C(CCC=CNN=CC1=CNCNC2=O)C=C(C)C2C1C[O-1],-4.79,augment
2222,NC(O1)C=C=C=CC=C=NCC=COCS1,-4.75,augment
2223,COCCC1(C=O)CC(C1(C)C(=O)C)CC2=CC2=NC(=O)[O-1],-4.09,augment
2224,CCC=CCCC=C(C=C(C)CC)CC(CC1C)=C1ON,-4.51,augment
2225,CC=NC[C@H1](O)C(C)C=CC=C(C)CCNCCNOCCNC,0.0,augment
2226,CNC=C1C=C(O)C=C1CC(=O)NNNCCCC(C)CC=CC,-3.82,augment
2227,O=C(O)C=C=CC=C1S(C)(C)C2CC2C=CCCCC1,-4.95,augment
2228,COC=CC=O,-2.4,augment
2229,CC=CC=CCCC=CC(=O)CCC(C)OC(=O)C,-3.02,augment
2230,O=CCCC(CC=CC=C([C@@H1]CCCCN)C=NC=CC)=CC=NC=C1C=N1,-4.41,augment
2231,C=C1OCCC=C1,-2.92,augment
2232,C[C@H1]CCCNC1C=CC(N)C=C2C=C2NC=C1C[C@@H1]CC[C@H1](C)CC,-3.51,augment
2233,CC=C1N(C)CCCCOOCC1C,-3.8,augment
2234,CNC(CSCC=CC1=CCC(C)C)C1CF,-3.95,augment
2235,C#CC(=C)C=C1CNN(O)CNC(=O)NC=CC=C1F,-4.19,augment
2236,CC(=O)NN(C=NCC(C)C=CCC(C)C=CF)F,-3.9,augment
2237,C[C@@H1](C[C@H1]CCNCC=C1C=C)C=CC1CCCC,0.0,augment
2238,C1CCCCO1,-2.69,augment
2239,CCC(CC[NH1+1]C)=CNCCOCCOC1=CC=NC=C1N,-0.64,augment
2240,CCNC(CCCC1OCC=C)(C)N(CC=NC=O)S1,-3.6,augment
2241,CC=CC=CCOCC(C)[C@H1]1[NH1+1](C)CCNNC=CC=C1CCC2C=CC2,0.0,augment
2242,CCCCC=CCOC=C,-2.35,augment
2243,COC=CC=CCN(N1[C@H1]C)NCNC=CCCCCC=NN=CC=NC=CC1,-3.82,augment
2244,C#CCOC1=CC#CNN1C=O,-3.27,augment
2245,C#CC,-1.67,augment
2246,CCCCCN(CCNC)CCC1C[C@H1]C(=N)C=CNC1C,-3.42,augment
2247,CCCC1=CCCC=C2C=CC(CCC2)CC=C1C,-4.3,augment
2248,CCNC=C(C)C(NC(=O)CCNC[C@H1]NCCC=1CC=CC=C=1)C,-2.8,augment
2249,O=CC[NH1+1]CF,-2.3,augment
2250,CCNC(=O)CCCSC=CC=NC=CC=CC=CCBr,-3.59,augment
2251,C=CCCC1N[C@H1]CCSCC[C@H1]NC2=CC=CC=C2CC1,-4.95,augment
2252,CC=CC=C(C)CN=CN(C)NC(=O)C=O,-4.1,augment
2253,CC(C)C(=C)NOC=CC=CC(C)N(C)C=O,-3.24,augment
2254,CCCNC=NC=C(OC)C[C@@H1](NNC[NH1+1]1C2C[C@@H1])CCC[C@H1]2OC[C@@H1]1C=CC=CCC=C,0.0,augment
2255,CC=CC=CC(=O)[C@@H1][C@@H1](C)CCOC=O,-3.1,augment
2256,O=CN=C=C=C/C=CC(=O)C#CC=NC=CC=CC=C(F)C=O,-4.2,augment
2257,CN/C(=C)C(C)N(F)C=O,-3.01,augment
2258,CNC(=O)[C@@H1]C(S)CCCOC(=O)O,-2.84,augment
2259,CCC(C)(OCN=CCOC=CCCBr)C=C,-2.79,augment
2260,CS(=O)[C@@H1]CF,-2.58,augment
2261,CCC[C@@H1]C1CCCNC1CF,-2.92,augment
2262,COC=CC=C(C=CS1C(=N)C=CC1=C)C=O,-3.94,augment
2263,C[C@H1]C=NC=C(CC[NH1]C(=O)C=CNC[C@H1](O)C=CC=CC)C=CC=CF,0.0,augment
2264,CCCCCCC=[C@H1]CC=CC=O,-3.11,augment
2265,CC(C)(C)C(N)CCC(N)CC=O,-2.74,augment
2266,CC1OC(=O)NN1CCOC=O,-3.23,augment
2267,C[C@H1]1C=C2C3=C1C4CN[C@@H1]3CCCC4CC=C2F,0.0,augment
2268,CC1NCCCN1CC2CN(C)CC=C(C(=O)CNC=CCC3C2)C3,-4.82,augment
2269,C1C(C)CSCC([C@H1])C(=C)CCONN=C1,-4.22,augment
2270,CC=CC(=O)C=CNCC=CCNC1SNCN1CC=CS=C,-3.69,augment
2271,COCCNC[C@H1](O)CCC(CC)NC(C)CCC(O)CC=O,0.0,augment
2272,C[C@H1]C=C[C@@H1]CSC=O,-3.05,augment
2273,C12C=CC=CC(C)CCC3=CC13CCC2=O,-5.12,augment
2274,CNC=CCCCC=CC=COC(CCNC=C)C=CC=CCl,-3.27,augment
2275,C1[C@@H1]([O-1])C[C@H1](OC)CC=CC=C1Cl,0.0,augment
2276,CC1=C=CC=C(C)C(F)C=NCNCOC(C)=CN1,-3.96,augment
2277,CCC=C[C@@H1]SCCC(=O)[C@@H1]1CC1=O,-3.66,augment
2278,CC1OCCC=C1CC[NH1+1]C=O,-3.27,augment
2279,CC=NC=C(C=C)[C@H1](C(O)C=CC=O)C=CC=C,0.0,augment
2280,OC(C1)C[C@@H1]1CCNC(Cl)CC=NN=CC=CCC,-2.93,augment
2281,CCN(CCCNCCC1C=NNC1C[C@H1])CCCCC=CC#C,-2.03,augment
2282,CNC(=O)CCSC(C)C(=O)CCC[C@H1]C=CCC,-2.41,augment
2283,CCCC(C=CC=COCCC=CC=C1CC2=CC=C1)COO2,-4.88,augment
2284,C12CCC=CC(NN=C1CNS([NH1+1]3)CCCC=C3C)=N2,-4.9,augment
2285,C1CCC(N[C@@H1](O)[C@@H1]CC=CC=C=C12)OC2,-4.08,augment
2286,CC=1CC(C)=C=1,-2.65,augment
2287,CC(C)C1C=CC=C1C(C)N=C[C@@H1]CCOC=CC#CC,-2.92,augment
2288,CCC=C(C)S1(C=O)=CC=C(CNN(C)CC(=C)N)C1,-3.24,augment
2289,CC(C)C(=O)C(C)(CC)[C@@H1]C=NC=C,-2.82,augment
2290,CC=CC=CN=CCCC=C1N(C(=O)CCC2=CCC1)S2C3=CC=CC3C,-5.25,augment
2291,CC1NC=CC=CNNC(=C)NC12CC(=O)NN2C[C@H1]CCCCC=CC=C,-3.2,augment
2292,CCC[C@H1]([C@@H1](C)OC([C@@H1])C[NH1+1])CCC(=N)N(C)CCC,0.0,augment
2293,CCCCCNC([NH1+1])CSCC[C@@H1](C(=O)N)CCOC=CC=CC#C,-2.28,augment
2294,CCCCC[NH1+1]CC(SCC[C@H1])(C)C[C@H1]=CC=CC=CC=C(F)C,-2.97,augment
2295,CCC=CN(CCC=C)CCC=CNC=C(C=C)O,-2.55,augment
2296,COCCC(NC=CCC=NC=CCF)C1CC1=O,-2.74,augment
2297,CNCS#CCC=NC=CC1=CSCCC=C1C=CC2=CC2,-4.34,augment
2298,CCCC=CNCC=CC(S)=C=O,-3.53,augment
2299,CC(NCCOC=CC(C)C=CC=NCNNCC)C=C,-2.96,augment
2300,O=C(C1CN=CC(C2)CS2C)OC[C@H1]1CCCCC=C,-3.49,augment
2301,CC=CSC(C=O)NCCC=O,-2.98,augment
2302,CC(C)(C)CC(C)C[C@@H1](C)C=CN(C)C=O,-3.54,augment
2303,CCOC=O,-2.11,augment
2304,C[C@](OC=CC=C(C=CC)C[C@H1])(C1)[C@H1]CCCC1=C,-3.89,augment
2305,CNC(=O)/C=CC=C(C1=CC2C3C=CN2CCC)C3C4C=C1SC(=O)C4OC,-5.29,augment
2306,CC=NC=CNCC1CN(C)NN1C=O,-3.83,augment
2307,CCC(C)CCl,-2.26,augment
2308,CC=CC1=CC=CNC1C2CNC=CCSC(=NN(OC)C=C2C)CC=C,-4.15,augment
2309,CCC=CC=C=NONCOC[C@@H1]C1OC(C)=CC=C1F,-3.61,augment
2310,C=CC=CNCCCCN=C1C=CC=CCCS2C=C2NC1CCC,-4.14,augment
2311,CCCCC(CC)C[C@H1](CSCOC)C([N+1]=CCC1[O-1])C1Cl,-3.49,augment
2312,C=C(CC=C(CO)NC=O)N([C@H1])CCNC=CCCCCCOC#C,-1.36,augment
2313,CCC(C1C=C1)NC[NH3+1],-2.83,augment
2314,CC(=O)NCCSCC(=O)CC=CNCC=O,-3.32,augment
2315,CCC=CC(C=NC1=CC)=CC=CSCCCCC1=NC=CC=C,-4.75,augment
2316,CNC(C)CCC=CC=CC=CC=CS(C)=CC=O,-3.84,augment
2317,CC=CCC(C1OC=C)N1CC(=CN[C@@H1](C)C=O)N,-2.48,augment
2318,COC=C1CCCC=C1NC([NH1+1]CCN[C@H1]CC2CCC=O)C2OC3=CS3N,-3.19,augment
2319,C[C@@H1]CC(CN[C@@H1]C[C@H1]NCOC1=CCCC(C)C12)C23C=C3,-4.46,augment
2320,CC(CCCS)C[NH1+1](C)[NH2+1]CCCNN=CC(C)C(F)CCCC=CCC,-1.32,augment
2321,OC(C1)(C=CC=C2NC3C=CCCSC=C1C2C3[N+1]=CCCC)C,-4.63,augment
2322,CC(NCCCCC)=O,-2.88,augment
2323,CCCCC(O)C=NC1=C=C1C(=C)COCC=NC=O,-3.53,augment
2324,CC=C1C=CC=[C@@H1]CC#C1,-3.67,augment
2325,O=S(N)NC(=C)C(C)CC1=CC1C=O,-2.93,augment
2326,COC=CC=CCC(CNC(C)C(C1)O)N=CO1,-3.29,augment
2327,CCOC=CC=C1C(C)CC=C1COC=C(CCCOO)C=O,-3.53,augment
2328,C=12CN=C2C(=C)/C(F)CCC=1,-3.54,augment
2329,CCC=C(C)CC(C(C=O)O)NCC1SC1O,-2.42,augment
2330,CCOCOCC=CCCNC(=C1)N1C#CF,-2.62,augment
2331,CC=CSCCN=CNC=CC([C@H1])C(=O)NNNCCCOC=CC(=C)S=NC,-3.1,augment
2332,CN(CC1OC)OC2[NH2+1]C3=C(C)CC(=C)C=C1C=CC3=N2,-4.41,augment
2333,CC=CC=CNC=CNC=CSCNC(=O)CCCNC=CCCN=C=C=C[NH1]C=O,-2.77,augment
2334,COC=CC=O,-2.4,augment
2335,CC1CCCN1NC=CC(=O)CC(C)C=O,-3.89,augment
2336,CC[C@@H1]CCNC#CNC(=C)CCC(=O)NC=NCCC=O,-2.59,augment
2337,C1COC=NN=CC=C2N(SCCC=CC(C)SC=N2)C=CN1O,-5.09,augment
2338,CNC#COC(=O)CC(CCCO)C=NC(C)=CC=CC(=O)NN,-3.38,augment
2339,CC=CC=C(C[C@H1])CCNCCCCCC[C@H1](CCCCCC)CCCCCOC=C,-1.82,augment
2340,CN(COC=CC=CC=CC=O)C,-3.31,augment
2341,COC=CC=O,-2.4,augment
2342,N#CC=CCC(O)CCOCCN(C=CN=CN)CCl,-2.39,augment
2343,CCC[C@@H1](CCC=C([NH1+1])SC)C(=O)NC1=CC=CC2=C1C2(C)C,-3.86,augment
2344,CCC1CC2NC=CC21N[C@H1][C@@H1]CCC(C=CC(=O)N=CN=C=CCC)C,-2.62,augment
2345,CCCCC1=CC#CC=C1C2[C@H1]=CC=C3C=C2N=C=C3,-4.42,augment
2346,CCC(C=CC=O)=CC=NCC(C1)CCC1,-3.34,augment
2347,C1C(C)=C(C=CCC=O)OC=C1C,-4.36,augment
2348,O=CCN1NS2C3(NCC(C)=C3CNO1)O2,-4.04,augment
2349,C1[C@@H1]C=C1CNC=CNCNC2(C)C=CCC2COC,-3.24,augment
2350,C[C@H1]1CCCC=C1C2CCC=C2OC=NC=CNC,-4.17,augment
2351,COC(COC=O)CCC(OC)CC(C#CBr)=O,-2.55,augment
2352,CC(CC=CC=O)C=CCNCC=CC(O)F,-3.85,augment
2353,CCC1=C(CC2(C)N1C=O)C2C=CCCC3CC3N=C,-4.22,augment
2354,C1CC(C=C=C=C2C1(C)C)CC2,-4.02,augment
2355,CCC=CNCCCCC(C)=CNC1CC1F,-3.01,augment
2356,CC[C@@H1]C=C1C2=C[NH1]C=C2OC(CCC=C3C)=C31,-3.96,augment
2357,CCCCCOC=CNC(C12)[C@@H1]1CC=C(C=C3C=C3Cl)C2C=C,-3.51,augment
2358,C1[NH1+1]CC2C3(C=CC=C3CNC(C)N1[NH1]2)CF,-3.93,augment
2359,COC[NH2+1]NC1CCC2=CC=CNCCC1C=CC2=S,-3.87,augment
2360,CCNOCNC=NC(CN1)C(C)CC=N1,-3.78,augment
2361,CCNS=C(C(C)C(=O)CC(C)=CC1=CC=CC=C)CC=CC=CC=N1,-5.0,augment
2362,CC(C1)[C@@H1]CN[C@@H1]1C=O,-3.95,augment
2363,CC(=O)NC(=O)NC=NC=CCl,-3.71,augment
2364,O=C(C1C=CNCC)C=CC=CO1,-3.55,augment
2365,CCC[C@@H1]=NONCCNCC(=O)C=CCCC=O,-1.94,augment
2366,CC=CCCCCC(CC[C@H1]1[C@@H1])CC[C@H1]CCC[C@@H1]CCC(O)C[C@H1]C2CC21,-5.46,augment
2367,CNC(=O)C=C=O,-3.35,augment
2368,CCCC=NNS(O)C=CC=NN1C=C1Cl,-3.49,augment
2369,CCNC=C(C)CC(=O)N=CNCO,-3.42,augment
2370,CNC=CCC1C=C(C=CC=C1/C=CC2=C3C=CC)C2C3C=O,-4.68,augment
2371,COC=CC=C(C=CC=C)C=O,-3.0,augment
2372,COC=CC1(C)C=C[C@@H1]N1C(=O)CCOC(O)C=CC=CC=CC,-3.85,augment
2373,O=CC=CC1=C(COC=N1)CCCCOC(C)CC,-3.17,augment
2374,CNC=CC=1C(C)=CSC=1C=O,-3.6,augment
2375,C1C=CC=C(COC)CCCN[C@@H1](C=CC=CN=O)CCC=C1CC,-5.11,augment
2376,C[C@@H1](O)[C@@H1][C@@H1]CCCNC(C)C=O,-1.27,augment
2377,C=C1CC=CC=C=C=C(F)CCC=CC=C1CCF,-4.42,augment
2378,C1OC(C)CCC=CC(C1[C@@H1])C=CN=CC,-4.31,augment
2379,C=1CC=CC=C=1,-2.47,augment
2380,CC(C)(C=O)C=CC=NCCC=CC=C,-2.97,augment
2381,CC=C(CC=CCCC(C)CC1=CC=C(Cl)S1N=O)CC=C,-4.05,augment
2382,CC=CC=CCCCC=O,-3.29,augment
2383,CC(C)NC=C=CNCSC1(CC)CC(C)=CC=CCCCC1=C,-4.5,augment
2384,C1CCCC1,-2.38,augment
2385,CCC(CCC)=[C@@H1]C(O)C=CC=C(C)CF,-2.99,augment
2386,CC=CC[C@@H1]([C@H1]12)[C@@H1]1C=CC2CCCCCC3C=C(F)CC3C,-3.68,augment
2387,CCOC=CC(C)CCCC(CC)NC=O,-2.43,augment
2388,C1C=CCCC=C=CC(C=O)C(C)=NC1,-4.01,augment
2389,C[C@@H1](CCS(=O)CCNC=CN=C1C=NOC[NH1+1]NC)C=C1ONCCC[NH1+1]C2C#C2,-2.83,augment
2390,CN(C(O)C(C)C=N)C=CC1C[C@H1]CCC1,-3.95,augment
2391,CCCCCCNC=O,-2.63,augment
2392,CCN[C@@H1](C)[NH1+1]([NH2+1])CC([NH1+1])C=NCNCCCNCC,-0.56,augment
2393,C1=CN1COC=CSC2=NN=C3C=C(C=CCC3)C2O,-4.02,augment
2394,CC1(C)CSCN1C=O,-3.26,augment
2395,CC=CC=CC=NNSCCCCN(CC1OC=CC2S1CF)C2F,-2.9,augment
2396,CC(C)(COC=C1)C1=NC=NCO,-4.02,augment
2397,C1NC(O)NCCCCOC(=O)CC=COCC=CC=C1,-4.71,augment
2398,C1C=CC(=O)CC(COC=O)C1=C,-3.76,augment
2399,CCCC(C[NH1+1]C=O)(C)C=CC(C)[NH1]C=CC1=CC=CCO1,-3.5,augment
2400,CCC=CC=CNN(C(=O)C[NH1+1]C=NCC)NNCOCCC1C=C1,-3.0,augment
2401,C1=C(C(=C)C)CC=NNNC=CC=C1C,-4.47,augment
2402,CCC(C1[NH1+1]C=NCN(N)CN)C(=O)C1C(N)C=CCC(=O)C=O,-3.36,augment
2403,CCC(=C1)N=C1C=CC=CC2=C(C=O)CC=CC=CC2C,-4.54,augment
2404,C1CNC=CC1,-2.66,augment
2405,CC(C=O)N(C[C@])C=O,-2.84,augment
2406,C12C[C@@H1]CCCCN1C=NC=C2CF,-3.66,augment
2407,CCOC=C[C@H1](CC(=O)NC1=O)NSCCCC1SN=NC(C)C,-4.68,augment
2408,N#CCC[C@@H1]OC1C(C)CC(CC)CC(S)S1,-2.6,augment
2409,O=C(NSOCC)C=O,-2.87,augment
2410,C1CN[C@H1]1C=CC(C(C)=CC=CCOC)CCCCCC=NC=C,0.0,augment
2411,CCNC=CC=CSC=CC=NOC(C=1)=CC=CCC=1C#C,-4.63,augment
2412,CCCC=CC(NC(=O)C1CCCCOC=CC2)CC2CO1,-3.92,augment
2413,CC1[NH2+1]COC=CC=NC(F)(N)C=C1C=CC,-3.66,augment
2414,CNC(=O)C=CC[C@H1]CCCC=O,-3.71,augment
2415,C1CC=CC=C(OC#CCNC2C(O)CC=O)C23C=C31,-3.42,augment
2416,CCN=NC(C=CSCC=O)=C1C=C(CC=C1CCC=C)C,-3.58,augment
2417,C1C=CC=C2C1(NCCC=CC3=CC=CC3C=CC#CCC)CN=N2,-4.44,augment
2418,C1OC2=CC=C[C@@H1]NC(=O)C=CC=CC(C3)CS2C3S1,-5.16,augment
2419,CCC(C)(O)CCC=C=NC=CC#N,-3.48,augment
2420,CC=CC=C=C(CNC)OC([NH1+1])CNC(=O)NC=NN=O,-3.31,augment
2421,C1CCSC1CCC2C#C2,-3.02,augment
2422,C1CC=CC=C(C2=CC=C1CC[NH1+1]O)NC2([C@@H1]3)CCCS3CCC=O,-4.87,augment
2423,C1SCC=NN=C(N1NCCC(C=2)CCCCC=2CC=CC=C)CC,-4.4,augment
2424,C1OC=NNC(C)CC=C1C(C)(C)C=CC=NC=CC(C)CC,-4.57,augment
2425,N12SCCC[C@H1](CC=CC=O)C1O2,0.0,augment
2426,O=CCCOC=O,-2.37,augment
2427,O=C(C)NC=CC=C(F)C(C)C=NC1C=CC=CS1C=CN=NC=CSC,-5.04,augment
2428,CC(CCC=C)C(F)=CC=CC(C)C=O,-3.5,augment
2429,CNCCCC([C@H1])CCC=NCCC=O,-2.35,augment
2430,O=CC=CNC(C=CC=CC=CS=C)CN(NC)C1C[NH1+1]C=C1,-4.12,augment
2431,CN(C)[C@H1](O)C=C(C)CC=C(C=1)CCON=1,0.0,augment
2432,CCCC=CC(C)NC(C)CC1[C@@H1](C)C(C=C1OCCCCNCC)C=CC,-1.65,augment
2433,C1C=NC=CC(CS1(C)CS)CC(C)=C2C=CCC=C2C,-4.06,augment
2434,COC=C1N[C@H1]CCCC=C1CCC[NH1+1](C)N[NH1]CCCOC=C2CCS2,-1.76,augment
2435,CCCCC=C=CCC=CC([C@@H1](C1CCC)CS1)C=CCCCC=O,0.0,augment
2436,C12C(C)O[C@@H1]COC=CC=C1NCCN(C)CC=C2CC,-4.07,augment
2437,CCCC(C)N=CC(C[NH1+1](O)CCCC[C@@H1]NCC1CCCCC12C)=C2,-4.28,augment
2438,CCN[C@H1](CCC(N)CCCN(CNC)C)C(C)ONN1N=C1,0.0,augment
2439,CC(C)NNCC=O,-2.97,augment
2440,O=C(NCNC=C)CC=CC=CC=C[O-1],-4.04,augment
2441,CC1(N)C(O)C=NC=C1N(C(C)C(=C)CC#C2)C2,-4.12,augment
2442,CC[NH2+1][C@@H1](SN)[C@H1](C)OC(C)=CCCC#CC,0.0,augment
2443,C[C@H1]CNN(CCC(=O)C1C#C1)N=O,-3.12,augment
2444,NC(=O)C=CC=C(CNC(C)ONC=CS=O)C=CC,-3.62,augment
2445,CC=NCC=N[C@@H1]C=CC1CCSC=N1,-3.35,augment
2446,C1C2(C(=O)C)C=NC=C21,-3.59,augment
2447,CC[C@@H1]1CCCC=C1CCNCCCCNNCNN(C)CC=O,-1.21,augment
2448,CC=C[C@H1](C)N=O,-3.73,augment
2449,CCCCC(CS)C=CC(S)CC[C@H1]([NH2+1])C=NNCC,0.0,augment
2450,COC#CNC=NN=C1CNS=C(C2CCCC2(C)CCC13)S=C3SCC,-4.3,augment
2451,O[C@H1](OC=CSS[C@H1]CC=C1CN=C2C=C2)CC1CF,0.0,augment
2452,CC=CCCOOC=O,-2.74,augment
2453,C[C@H1]CC=CC(NCC=NC=O)CC(F)C=CC=C,-2.94,augment
2454,C1C=CN=C1C,-2.83,augment
2455,NC(O)C1=C=CC=C1CC=[NH1+1][C@H1](CC2=O)C=CC=CC2CC=C=C,-3.96,augment
2456,CNC=CC(C)NC=O,-2.96,augment
2457,CC=CC=CC(C(CO)CCCSCC=C)CC=CC=C,-2.88,augment
2458,CC1N(CC)CN1C=O,-2.87,augment
2459,CC=CC=CCSCCCN(C1)C=C=C2CC21C=[C@@H1]CC=CC=CCC,-3.9,augment
2460,C[C@H1]C=CC=C(C)CC1NCCNC(C)=CC=CS1,-4.37,augment
2461,C=COC=CCN[C@@H1]=CCCNC1CCCCOC=CC=C[NH1]C=C1C,-3.85,augment
2462,COC=[C@@H1]C=O,-2.4,augment
2463,COC1CCCN1CC=CC=O,-3.53,augment
2464,CCC=CC=CCF,-2.33,augment
2465,COC=CC#CCNC(=O)CC[C@@H1]1C=NC=C1CC(C2)(N)C2,-3.93,augment
2466,CC=CC=CC([C@@H1](O)CCC(=O)CCNCCC)=C=C1CS1,-2.61,augment
2467,CC(C)CCCCNCCC=CCC=C(CNC)O,-3.26,augment
2468,CCCCNC(C[C@@H1](C)CCCC=N)CC=C1CC1=N,-3.5,augment
2469,C1C=CC=C1NC[C@@H1](C)CBr,-3.09,augment
2470,CC=NN1C(C)NCC=C(N(C)C=CCCC=C)CC2C=CC=C2CC1,-4.4,augment
2471,CCCN=CCCS(N1)N1SC2CC=NCC=CC=CSC2CN,-3.09,augment
2472,CC=CC(=O)NC1=C2C=CSCNC=NC2C=C=C=C1C=C=SC,-4.77,augment
2473,CC=CC=C(C)C=C(N)C1CSC(CCCN[C@H1](C)O1)C,-4.26,augment
2474,C[C@@H1](CC)NC1ON2C(C=N)C=CC(=O)NC=CC=CCC2C1,-4.56,augment
2475,CC=NCC([C@H1]C(=O)C1=O)C1,-4.16,augment
2476,C1=CC=CC2=C/C=C1C3C(COC)C=CC2C(C)C4CC4=C3,-4.84,augment
2477,CSCC[C@@H1](CC)CC(CC=O)C/C=CC=CC=C,-2.85,augment
2478,CC1C[C@@H1](C=CC=C1NNCCC)C=O,-4.37,augment
2479,C1[C@H1]OC=CC1CCNC=C2NCNC(C)C2=O,-3.86,augment
2480,CC=C(CCNN)CCC=CCCC1N=C1CCOC=O,-1.74,augment
2481,CCOC(C(=O)C[C@@H1][C@@H1]1CCOC2C1S)=CC=C2,-3.72,augment
2482,C1CC=CC(F)(F)CCC=CC=CC(O)C(ON)C2NNC=C1C(C)C2,-4.0,augment
2483,C1C=CCCCC=CC(C2C)=CC=CC=CCCC1OC2COC,-5.07,augment
2484,CNC=CC=CC(C)=CC=CCCC1C(C)C=NN1,-3.92,augment
2485,C[C@@H1](CCNC)CCC12CC=CN1C3CCC4=C3CC24,-4.2,augment
2486,CCOC=CC(C)CNC(C)=CN=O,-3.69,augment
2487,CCC1=CC(NCC=C)CC(CN(C)[C@H1]12)C(=O)[C@H1]CC2C=O,-4.46,augment
2488,CCCSCS=C=C,-2.51,augment
2489,CC=NC=C(COC=[C@@H1]CCNC(C)C(N1)=N)CCO1,-4.02,augment
2490,C1OCCC=C1C(N)=C(S2)CC=CC=C2,-4.47,augment
2491,CC=CC=CC=CCNC1(C)C=C(C)C1NC(=O)CF,-3.55,augment
2492,C1OC=C2C(C=CC=C(CC=NC=C13)C(C)S24)C=C3NC4=O,-5.12,augment
2493,CCN(C)C(=O)NC=O,-3.52,augment
2494,C1C[NH2+1]C2=C=C1/C=CCCOCCC(C=O)C2C,-4.46,augment
2495,CC=CCC1(CCNN(O)CCC=C)CS1C=O,-2.72,augment
2496,C=CNC(COC(=O)CC)C(F)CCCOC1=CC1=S,-1.04,augment
2497,N=S(=O)C=O,-3.02,augment
2498,CN[C@H1]CC=CN[C@@H1]C1C=CCC=C1,-3.39,augment
2499,C[C@H1]NN=CNC(O)N=CCCC=CC=CCCC1C=C1NCCSC(CCCC)CC,-2.61,augment
2500,C1C=NC=C(C(C)C=O)C=N1,-3.98,augment
2501,C=CC=C1/C=C1NSC/CNCC2=N[C@H1](C(C3)=C2C=C4)C34C,-3.77,augment
2502,C=C(CCC=C)N(O)C(C1)CC=CNN1C2=CC=C3CCCC=C3C2=N,-4.73,augment
2503,C[C@H1](CCNC=C)C=CC=O,0.0,augment
2504,CCOC=CCC=CC(CCCC(COC=CC=CCCCCF)C)=CC=C,-2.8,augment
2505,O=C(CC=C1C)C2C(F)=C1C=C2C=CC,-3.99,augment
2506,COC=CC=CCCF,-2.08,augment
2507,CC(C)(NC(C)OC(C)CNC=O)CC(=O)NCC=CC=C,-2.79,augment
2508,CC(=O)N=C(C)C=CCC=CC=C=CCCS(C)C=O,-4.27,augment
2509,C1C2CN2NCSCCNCCCCCN(C=CC=CC=C=CC=CC=C)S#CC1,-5.17,augment
2510,CC1=C2C(C3=C(F)C=C13)CC2[C@@H1](C)[C@@H1](OCC4=O)C=CC=C4C,0.0,augment
2511,CCCCCCN=C/C(C1C(O)C=NO1)CCC=CC,-2.95,augment
2512,O=C(C)NC[NH1+1](C)C=O,-3.0,augment
2513,O=C(CNCOCOC=O)C(=N)C1=CC=CC=C1CNO,-0.93,augment
2514,CCCCC=C(NNO)C1C(=O)N(C)CO1,-3.5,augment
2515,C=CC=CC=CNC=CC=O,-3.29,augment
2516,CC[C@H1](O)[C@@H1][C@@H1]CCC(C[NH1+1]1)(C)CC=CC1(C)C,-3.85,augment
2517,C[C@H1]CCN(C(=O)C=O)[C@H1]NNC1=NC1,-2.77,augment
2518,C[C@H1](O[C@H1][C@H1](C1[C@@H1]CCC=CO)CCC)C(F)C=C1S,-3.83,augment
2519,C[C@H1]CCNC(C(C)=C1C=CCCC1)C=O,-3.56,augment
2520,ONN([C@H1])SC=NNC=O,-3.84,augment
2521,C1CCC2C1C(CCF)C=C3C2=C3S=O,-4.56,augment
2522,C=CC=CC=CNCCC[C@@H1]1CCCC2CNCCCC12F,-4.17,augment
2523,CCN(C(=O)CCC=C(O)N=CC(=O)CCCCNC)C1=CCCC1C,-1.9,augment
2524,CC(=O)C=CC=CCN(C[NH1+1]1C)C=CC=N1,-3.93,augment
2525,COC=CCCC([NH2+1]CCCC=CCC1=CC1=C)C#CC=N,-3.39,augment
2526,CCCC(N)[C@@H1](C1)C2=C1C=C(Br)C2CCC,-3.62,augment
2527,CCN=CN=C(C1C)CC=NC=C=C1CCCCF,-3.35,augment
2528,CC(C)CN1C(CN=C1NCCCCCC=C)(OC2)C2C,-3.76,augment
2529,CCC=NC(CC1=CC2(C)CCCC=CC(C)C3)=CC=C2C(C)C=C31,-5.52,augment
2530,COC[C@@H1][NH1+1](C)C=O,-2.37,augment
2531,C1[C@@H1]C=CN(C)C[C@@H1]C1CSCC(C)CC=CC=C,-3.7,augment
2532,COC(C)CNC(S)C(N)CCN=CC=CC=CBr,-2.41,augment
2533,O=C(C1OOC=CC=C2C=C2)NC=C1C=CCS=NC#N,-4.01,augment
2534,COC=CC=CCCC=CCN(O)C(C=CC=C1N=CCC1O)NO,-3.74,augment
2535,C=CSC1CCCC=CC=CCCCCC1F,-3.97,augment
2536,CC(C)C=O,-2.65,augment
2537,O[C@@](CC[C@@H1]CC=CCC=N)C=CCCOC#C,-2.55,augment
2538,CCCCCC1=[C@@H1]CCC1CCCC2N[C@@H1]CSCO[C@@H1]2C=CC#C,-4.03,augment
2539,C1CC2C=C[C@@H1](NCCC(=O)C=O)C(C)[C@@H1](C)C21OC,-3.97,augment
2540,C=C(C)NNC=CC=C(C)CC(COC=C)C=C[C@@H1](C)CC=CC,-3.39,augment
2541,CC[NH2+1]C=CC=CC=C(S/C(=C)C=CC#N)S,-3.33,augment
2542,CCC1=C(C=CCC1C)C=O,-3.63,augment
2543,CCOCCNCCCNCC(=O)C=O,-1.04,augment
2544,COCCNC(=O)[O-1],-2.96,augment
2545,CC(CC=CCC1CCSC=C/C=O)CCC=C1OC(=O)C,-4.44,augment
2546,CCSC(CCCC(=O)CC)OC=C/C=CC=CC=CSSC,-2.8,augment
2547,C1N(CC[C@H1]1)NNC=CC(=O)CNC=C2NC3CC(O)NC3CCC2C,-5.5,augment
2548,CCNC(C)CCC(C)CSC1(O)C=CC(=C)C=NC1N[NH1]C,-2.13,augment
2549,C=C1C(C=NC=C=C=SN)N1CCCC=CF,-4.42,augment
2550,COCSC(CC(C)[NH1+1]1CCN(C1C(Cl)=CCl)C)C=C,-2.7,augment
2551,C1C=CC=CC(=O)CCN1CNC(=O)C=O,-3.91,augment
2552,COC=CC=CC1CNC(=N)CC=NC=CCNCCC=CS=CS1C,-4.58,augment
2553,CC(C)(SNC(=O)[C@H1]NSC(CCC)CCCC1)C=CN=N1,-5.07,augment
2554,C[NH2+1]C=CC=C1CC1(C)C=O,-3.44,augment
2555,C1CC2CNCCN1CC(=O)NCC2C=O,-4.02,augment
2556,O=C/C/C(=C)/C=C/C=C/N=C(S)C=C=C=C=C=CC=CF,-4.71,augment
2557,CCC1CC=CN(C(=O)C=C2C=C3C=CC2=C)C3=NN1C,-4.31,augment
2558,C1OC=CC=C(ONC[C@H1]C[C@@H1]CC=C(C)C=O)C=NN1,-4.74,augment
2559,N1C(=O)N=C1N=CCCNN=O,-4.48,augment
2560,CC1CC=C(C2=C1C(=C)C=O)CC=C2[N+1]=CC=CC=CCCCC,-4.56,augment
2561,C1C=NC(CC=C1)N[C@@H1]CCCCCC(C)(ON2)CC2C,-2.65,augment
2562,CCCCCCCCC=CN1C=NC2=C1OCCCC=CC=CC=C2C,-4.13,augment
2563,C12CCC3CCC=C3CC(C)C=C1C=CC2C=O,-4.92,augment
2564,CCOCCC[C@H1]CC(N)NC(C)CCN=CCCCF,-0.63,augment
2565,CC(OC=CC1=CC=C2C=CCC=C1CC(C)CC2CNC=N)NCCCNCCCCC,-3.8,augment
2566,C1CCCC(C(=O)N2CCNC2CC3CC3[NH3+1])N=C1C,-3.71,augment
2567,CC=NC=C=C(NNC1CO[C@H1](N)C2=CC=CC=C1C2CCC)C3N(C)C=CC=C3,-5.07,augment
2568,C=CCNN(CC=CC=CNCCNCCC(C)ON)NC1=CC=CC=C1,-2.92,augment
2569,CC[C@H1]COC=CC(O)NCCC=CC(C)N=CC1CS1,-2.63,augment
2570,C1CCNC=C1C=CC(C2)C=NCCN(CC)C=C2,-4.16,augment
2571,CC=CC1=CC1N=C(O)CC=CC=O,-3.84,augment
2572,CC=CC(O)C(C)N=C(NNC1[C@H1]N[C@H1]CCCC[C@H1]([NH1+1])C1)C2=CC2=N,-3.78,augment
2573,C1CCC=C=CC(=O)CC1C2(C)CCSC=C2,-5.13,augment
2574,C1CC2CC=CN2CC(C)C3N1C(C)NCCCCCCCC3,-5.14,augment
2575,CN(COC=C)C=O,-2.58,augment
2576,O=CN=CNCC(O)=CC(C)C=C,-3.25,augment
2577,C1[C@H1]CN=CNC(C=CN=C(O)CO)C2=CN=CC=C2CS1,-4.33,augment
2578,C=CC(CCCC)COC=C1C=C1NC(N)C(C)=C=C,-3.46,augment
2579,CCOC=CC(=N)C=CC=CC[C@H1]CCOC1[C@H1]C=NC2=C1C=CC3=CC=CC=C32,-4.42,augment
2580,CCCCCC1C=CCCN1CC2C3CC=CC3C2,-3.87,augment
2581,CCC=CN1C(=O)NCC1CCCC=CCC(C)C(C)N,-3.54,augment
2582,COC(C=CC=CCC(=C)N(CC=C)C1=CC=CN=C1SC2C)C=CC=C2,-4.52,augment
2583,CCC(=C)NCCC(C[NH2+1])C[NH1+1](C1)CC(O)CC1CCOC=C,-2.87,augment
2584,CC=CN(C)CCC=O,-2.99,augment
2585,CC=CC=CC[NH1+1]=NCC(C)NCCONCCC[NH1+1](C)CCC=O,-0.46,augment
2586,CNN(C1C=CC)ON=CC=CN=CC1CC(C=O)CC,-3.84,augment
2587,CC(C)NCCCCCC[C@H1]NC[C@H1]C(C)CCCC=CC=C,-1.65,augment
2588,CCC=C(C)CC(=O)C1CC1CCC(NN)[C@@H1]CCC2C=CC=CC=CC2=N,-4.37,augment
2589,C1OC=C[NH1+1]1C2N=C2N3[C@H1](C)C(O)C3CC=COC,0.0,augment
2590,C[C@@H1]CC[C@H1]=[C@@H1][C@H1]CCOC(=O)CC1CC2CC2=C1C,-3.08,augment
2591,CCC=CC=CSNC(NC=CCC)NC=NNC1NNSSN1OC,-3.98,augment
2592,O=CC=CC[C@@H1]1[C@@H1]OC=CCCC=C(OCC=O)N=C2CC2O1,-4.25,augment
2593,CC(C)CC(C(=O)N[C@@H1](C)C=CC=C(N)C)=O,-2.82,augment
2594,C[C@@H1](C)N=[C@H1]CC(C=O)C(C1)C=CC=C1F,-3.84,augment
2595,COC=CC[C@H1](C)[NH1+1]CCCC1C(=O)CCC1C(Cl)C,-3.89,augment
2596,O=C(C)C=C1[C@H1](C=CNCCNCC(C)C)C=C1C,0.0,augment
2597,CCC1CC2CCN1CC(=O)C3CC=CN=C2C=CC=CS3,-4.96,augment
2598,O=C([O-1])CC=CC=CCCOC(N)C=NC=O,-3.48,augment
2599,COC=CC(C=O)C(CC[NH1+1]N)CCC=C,-2.12,augment
2600,C1C([O-1])[C@H1](C)C1C[C@@H1]CCC[C@H1](O)C=CCC=C=O,0.0,augment
2601,O=C(C)C=CC=CNC(OC=C)C=CC(OC1)CN=CC=C1O,-3.72,augment
2602,CC=CCCOC=NCC(C)NC=CC(=O)NC=CS(C)CC=CC#C,-2.86,augment
2603,N#CCCNCC,-2.66,augment
2604,CCN=C(C)C=O,-2.9,augment
2605,CC[NH2+1]C=CCCC1C[C@@H1](N)[NH2+1][C@@H1]1CCC=C,-3.98,augment
2606,CN(COCOCCC)NCCCC=CC(=O)C=C,-3.72,augment
2607,CCC=NC(OCCC1=O)N=C1N,-3.55,augment
2608,COC(C)[C@@H1](N(C)CCC1=CC=CC=C1)C=O,-2.76,augment
2609,CC=CC=CNC=CN[C@@H1](NC)SC=O,-3.01,augment
2610,O=C(N[NH2+1])[C@H1]CCOC=CCCC=NC(O)C1CC=CC2=C1S2NC,-2.05,augment
2611,CN(C=C(NN)C(C)CNC)NN(C1)NC=CCCC=CC=C1C=C,-4.14,augment
2612,COC=CC1C#C1,-2.3,augment
2613,C1CCC=CC1(NN(C(CNN(C)CCCCC)CC#CCONCOC)C)O,-1.04,augment
2614,O=CNC(S)NCCOC=C[C@H1]C=CC1=CC1PC=CC=O,-3.65,augment
2615,CCNC(C(=C)C=O)N(C)N=CC(C)(O)C=C,-2.46,augment
2616,C1C=CC2(O)CC1(CC3C(=C)C=CC=CNCCC=C3N(C)C)SC2C,-5.52,augment
2617,CC=CC=C(NC)CCOC=O,-3.19,augment
2618,CO[C@H1](O)[C@@H1]=C1CCCCC(C)N(C=CC=CC=CC)COC=C=C1,0.0,augment
2619,CC1=C2C=CC=C1N2C=O,-3.51,augment
2620,CCCOC=C(CCNCCCCCC[C@H1]1[C@@H1])C=CC=C1,-4.7,augment
2621,CNC=C(CCC=C(O)CCC=CC=N1)N=C1,-4.04,augment
2622,CC(C)CCCC(=O)[C@H1]CC1=CC=CC=C1C=O,-3.29,augment
2623,CCCCNOC=CC=CC(=O)NCCC=CNC,-2.71,augment
2624,C=C=O,-2.42,augment
2625,CC=C(C1)C2=C=C=C(OC=O)OCC=CC=C1C=C(CC)CCC=C2,-5.05,augment
2626,CCCON=CC=C/C(OC)C(C)=CC=CC(=C)NC=CC=CC=CC=C,-3.72,augment
2627,C#CNC=CCSNCC(F)(C)C=CC=NC,-2.59,augment
2628,COC=CCC(CCC1CN1NC=C)C=CC=CC,-2.97,augment
2629,CC(CCNC)=O,-2.88,augment
2630,CCCCC(C)(O)C=CC(C1)=C1Cl,-3.02,augment
2631,CCCCCCC(NC)=O,-3.02,augment
2632,COC=CC=CCN1C=CC=CCC(C)NN2[C@H1]1C[C@@H1]C2=CO,0.0,augment
2633,CCOC=O,-2.11,augment
2634,CCOC=CN(NC1S=2C(=O)NC=CC=CC=CC=2C13)C3,-4.44,augment
2635,CCC=C(CN[C@@H1](C)[NH2+1]CCCNC=CC=CC=CC=CCCS1C)C1CC=C,-4.64,augment
2636,C1COC[C@H1]1CC=NC=O,0.0,augment
2637,C12COCC1(S(=O)NC[NH1+1](N)C[C@H1]CCC(C)CC=CC=C)SS2,-2.49,augment
2638,CCCNC(C)N=C=O,-3.19,augment
2639,C1C=CC=C1C(=O)COC=CC=O,-3.65,augment
2640,CCC1CCC2C=C21,-2.99,augment
2641,C1C=CC1C=NCCCNC=CC(C)C(=O)NCC2=NN=C(C)C23C=C3,-4.3,augment
2642,C[C@@H1](C[NH2+1]C=O)CCC,-3.37,augment
2643,C1OC=CNC=CC=C(C=O)C=C2C1=N2,-4.01,augment
2644,CC[C@H1]CC=CCCCN(C)CN=CC=O,-2.59,augment
2645,C1COC(=O)CC1(C=O)[C@@H1](O2)CCCCC2C=O,-4.19,augment
2646,CC=CC=CC=O,-3.26,augment
2647,C=CC(C)C=CC=C1C=CS=C1NCC=CC=NNC=CC=CSC#C,-3.94,augment
2648,O=CC=CN=C(C)CCCC(=C)CC=CSC=CS=CC,-4.03,augment
2649,CCN(C)OC=CC=CNC(=O)C=NC=CCC=CC,-3.4,augment
2650,CC(=O)C=C=C1NCC2CC2([C@@H1])CCC1,-4.93,augment
2651,C1C=CC=CN1C=O,-3.17,augment
2652,CC1CCCN1CNC=CC=O,-3.5,augment
2653,C1C(C)(CC(C)=C1C=CC=CC2=NCC)O2,-3.73,augment
2654,O[C@@](NCCC=C=CC=CC=NN=C(CC=COC)CC1)C=C1C,-4.55,augment
2655,CC=CC1=CC(COCC2C)(C)CC(=O)C1NCCCC2CCC,-4.64,augment
2656,CC1N(C)[NH1+1]2C=NC[NH1+1]2CCNC1=O,-3.97,augment
2657,CCC1=C=C=C([C@@H1]1CCCC=NC=CNC=CC=C[NH1]C)C=O,0.0,augment
2658,C1C(C)[NH1+1]1C=NC=C2CCCC=C2CC,-4.54,augment
2659,CCOCC1(C)[C@H1](C)[C@@H1]1CN(C=O)C[C@@H1]CCOC#C,-2.46,augment
2660,COC=CC=C1CSCNNCCCC=CCCC(=O)N1,-4.13,augment
2661,CCC=CC=CC[NH1+1](C)[C@H1](NC(=N)C(=O)C=CC1OCCCC)C=C1CC2CC2S,-2.9,augment
2662,C=1OC=CC=C=1,-2.6,augment
2663,C1C=CC=C([C@H1]1C=O)C,-3.24,augment
2664,CC=C(N)CCCCNC=O,-3.51,augment
2665,C=CC=CC[C@H1](CCCC([C@@H1])CCCC1)NC(C)C1CC(=O)CC,-4.97,augment
2666,N#CNN=C=C(C(=O)NCNN(C(N)C=CC=CCF)C=C)N=CC=CN,-2.28,augment
2667,CCOC(C1C=CC=CCN2C=CCC=C2)=C1C=CC(O)C,-4.02,augment
2668,CC=C1C2=CC(CCC=NC([C@@H1])CCC1C(C)C=NC)=C2F,-4.09,augment
2669,C1NNCN1CNCCNC(=C)N(O)C=CCC,-2.25,augment
2670,CC=CN=C(C1OC(=O)CCNN(C=O)C2)S1CC=C=C=C2,-4.61,augment
2671,COC=NC(S)C(C(=O)CC1CC2(C3C1C)CCC3C)ON=N2,-4.39,augment
2672,C1OC=CNC1,-2.74,augment
2673,COC=CC=CC=CC(=O)CC=CCCCCN=C=CC(=C)C=NC,-3.67,augment
2674,C[C@@H1]OC(C)CC(C1=CC=CNC1CC=C)C(C)N,-3.1,augment
2675,CCC=CCC[C@@H1](O)C(C)SC=O,-3.26,augment
2676,CC1=NCC=NN(OCC(=O)NCCCNC2=O)C2N1,-4.37,augment
2677,CCC=CN=C(CNCC)[C@H1]CC[C@H1]1CC12CCN([C@H1]2CCC=CCCC)C,-3.96,augment
2678,O=C(C)C=C=CC=CC=O,-3.74,augment
2679,CC(N)(CCl)C(CCCC1N)CCC[NH1+1](C)CCCC=C1,-4.02,augment
2680,C[NH1+1]1C(CCC2=C1)C2,-3.31,augment
2681,CCSCCC(OC)CNC(=O)[C@H1]C[NH3+1],-1.97,augment
2682,COC=CN=CC=CC=CCCl,-2.79,augment
2683,COC=CC=C[C@]NC[C@H1]C=NC(=O)C[C@H1][C@H1]CCC=CC=CC(=O)CCC=C,-3.13,augment
2684,COC=CC=O,-2.4,augment
2685,C[C@@H1](C)CC=CC=C(NC(O)C=CCNC1=NCC=COC1C=C(C)CC2)C2,-4.79,augment
2686,CC=CC=C(CO)C(=O)C(=O)C[C@H1]CCCCC1CC=CCC1,-3.03,augment
2687,CC=CCCNC=CC=CNCOCCNC(=C)CCC=C1C=NN=NC1,-2.32,augment
2688,C#CCN(NC=CCCC1(C)NC2)C=C2C(=C)C(C)C1,-4.48,augment
2689,CC[C@H1]=C[C@@H1]([NH2+1])NC(=O)CCOC1=CC=CC(F)CC=CC1C,-3.15,augment
2690,CC1=NC(CC1)NC(=O)C(C)C(=O)C(C)(O)C#C,-3.79,augment
2691,CCCC=CC(C[NH2+1]C(CC(=O)CN)NCCC=O)C,-2.71,augment
2692,C[C@H1]C=CNC1S2CCCCC=CC3CC=NCC32C1,-4.52,augment
2693,C1CCN(C)C12NCC=C2,-3.4,augment
2694,C[C@H1]OC=C[C@@H1]C=O,-2.57,augment
2695,CCCCCS(N)C(=O)NC=O,-3.85,augment
2696,CCOC(CCOC=O)=C=CC=C,-2.95,augment
2697,CCNCCOC=CC1C=CC=CC=C1CCCCC=O,-3.7,augment
2698,C12C=NCCCN1CC=CCCC=C2OCC,-3.96,augment
2699,CNC(=O)CC1C=C(C(C)C=CC=CC=C[NH1]C2=C[C@@H1]2)N=C1O,-4.49,augment
2700,O=CC(CCC(=O)C=NC=C=C1Cl)N1NC=CC=C,-3.67,augment
2701,CCCCC(C=C=C=C=C)(SC1=NC=CCONC1)S=O,-3.81,augment
2702,O=C(CC=CC(CC=C=CC=CNC)CC)CCCC=CN1CC1,-3.34,augment
2703,CC(C)CNC(N)CCNNC(C1)(C)CCNC=C1C2=CCOC2C,-3.6,augment
2704,COC=CCCCCCN(O)CC(N1)(N)NC(C)C1(C)C(N)C,-2.09,augment
2705,C#CC=CN=CC=CCC1NC[C@H1]CCCC(F)C=C1,-4.07,augment
2706,O=CC=CCC(N=CCC1C=C2C3=C2CN)(S)NN(C)C13,-4.44,augment
2707,C=CCC(N1)COC=CCNC=C(CCCC)OCC1,-3.59,augment
2708,C12C(=C)C=CCC1C(=O)C=CC(O)C#CN3C=CC=CN3C=C2,-5.28,augment
2709,C12CCN[C@@H1]1C[NH1+1](C=CNN[C@@H1]C3=NC=CC=C)C=C[NH1]C=CC3=N2,-4.77,augment
2710,C=CCCCC=CC=CCCNC(C(C=O)NC=CC)=CC1=CC12CCO2,-3.09,augment
2711,O=C(C)NC=CC1=C=C1NCNC2=CC(=C)C=CC2=O,-5.29,augment
2712,CCCCCCCN(C)CC1=CC=CC1(CC=C2C)C2(O)NC=O,-3.33,augment
2713,C[C@H1](C)NCCNN1CC=NC=C1C=O,-3.05,augment
2714,CC=CCOC=O,-2.59,augment
2715,N=CC=NN=CC=C=SNCCC1=NN(CC)CC=CC=CCS1=O,-4.67,augment
2716,CC=CC=CCSN1S(=O)NCNC[C@H1]CCCC(=O)SC=NN=CC=NN1C,-4.49,augment
2717,CCNCCC(C(=O)CC=C)N=CC=CC=C=CCF,-2.48,augment
2718,CCOCCCC[C@@H1]CC(C)CCNCNC=O,-2.3,augment
2719,CC=CC=COS([NH2+1])CCCCC=CCCC(C)C=CC=CO,-1.52,augment
2720,C1CNCC2(N=NC=C12)C(=O)C3=CSC=C3C=CSN=CN=N,-4.52,augment
2721,CCN1C(C)C=CC=CC=CS(=N)C=C1C2=CC(=C)CC2C,-5.02,augment
2722,C1CC=CCC(C2)(C3)C3(C)CC(C=C1C)C=C2,-4.74,augment
2723,C1[C@@H1]C([C@H1]=C2C(NC)CC(=O)/C)CC=C(C)CC2=C1,-4.17,augment
2724,O1C(C)(N2C=NC(=O)C=CCF)C3=CC32CCC=C1,-3.59,augment
2725,CC[NH1+1]SC[NH3+1],-2.42,augment
2726,C[NH1+1]([C@H1])OCCC=CC=CC(C=CC=CC=C(F)C(C)C=C)C1=C=C1CC,-4.03,augment
2727,CCCC1NCCC(=O)NCCCN2C=CC(C=C2C)=C1,-4.66,augment
2728,C[C@@H1](CC1CCC=2C=C1C=O)CCC=2CSNC(O)N,0.0,augment
2729,CC=CC=CC(C12N)C=C2C1N,-3.78,augment
2730,C1[C@H1]C1=O,-2.81,augment
2731,C=1C(C)C=C=1,-2.26,augment
2732,CC(C)C=CC(C=CC1=N)C=CN1C=CC=CC,-4.68,augment
2733,CCCCC1=CNCN(O2)CCCC=C(N=CNCCC=3N4C=3N)N4S1C2,-4.08,augment
2734,CCCC[NH1+1]CCSCCSSCCN1CCC[NH1]C=C1F,-3.08,augment
2735,C1C[C@@H1]CCC=C1N(C2)OC=CC2(C)CCCOO,-5.08,augment
2736,O=C(N)C=CC1(C(=O)N=C[C@H1]CCC)C=C1CO,-3.24,augment
2737,CCOC=CCNC(C)NCCCC(CNC=CCN=CCC)CC1=C2N=CCC1=N2,-2.82,augment
2738,COC=C1N=CNS(O)CC=CCSC=C(O)C=C2C=C2C1(C)CC,-4.23,augment
2739,CCOCCC(=O)NCCC=C(C)C=O,-3.35,augment
2740,C1[NH1+1]OCNN1C=CC=C(C)NC=O,-4.02,augment
2741,CC=CC1CC([C@@H1](C2)CCN3C2CC1=O)C3C,-4.26,augment
2742,COC=CC(OCC1C)(C)N=C(C=CSC1NCC=CC)OC=COC,-3.68,augment
2743,C[C@H1]C[C@H1](C=NCC)CCCC1C2CN=C(C)C=C2C(C)S1,0.0,augment
2744,C1C=NC2C3C=C=C1S(O)[C@@H1]CCCCN(O)C=C3C2,-4.52,augment
2745,C1OC(=O)CN1C=O,-3.07,augment
2746,CCCCCCN(NCCC[C@@H1](Cl)C=NC=CC(=C)CC)CC=CC1=CSO1,-2.61,augment
2747,N#CCC1=CC=CC=C1C=CC=C(Cl)C=CO,-3.73,augment
2748,CC=NC[C@@H1](CCC=O)C=NC=C1CCC=N1,-3.36,augment
2749,CCCC=C(C1[C@H1]C=N)CNC(=O)C2CC=CC=CC=C1C=C2,-4.54,augment
2750,CC1CCC(C=C1N=CCCCNC=C)N(C)C=C=O,-3.5,augment
2751,CC(C)(C)C(CCC(=O)OCNC(C)=C=C=C1)CC1,-4.46,augment
2752,CCOCC1C[C@@H1]1OC[C@@H1](O)CCCC[C@H1](C)CCCC=C2C#C2,-2.44,augment
2753,CCCCC[C@@H1](C[NH2+1])CNC=NC=CCOC=O,-2.39,augment
2754,C12CC=CC3=C1/CC=N[C@H1](CCC=NC=CCC4C=C4C3CC)C2,-5.18,augment
2755,CCCCCNCC1CCC=C1C,-3.19,augment
2756,CCC=CC=CN(C)NC=C[C@@H1](CC)CCCBr,-3.34,augment
2757,C[NH1+1](CCC=C)C=CC(C)C1C=CCN1SCNC=NN(C)CCF,-2.37,augment
2758,CCCCSC(C1=O)CC1,-3.58,augment
2759,C#CC=C1C=CSCN2C(N)[C@@H1]([C@H1])[C@H1](O)C=CC[C@H1](C)N21,0.0,augment
2760,C1NC(C)CC=CN=CS(C=O)CN2C=CC=C[C@@H1]2C[C@@H1]1,-4.35,augment
2761,C1COC=CC=CS1NCCC[C@H1]CCC(C)CCF,-2.8,augment
2762,CCC1CC2=CC=CC=C12,-3.53,augment
2763,CCCN=C=CC1SC(O)C[C@H1]C(C)CC1C=CC,-4.15,augment
2764,O=CNNNCCN=C1N(C2)N=CC#CC23C(C)NC13,-4.03,augment
2765,CCOC=CC=CC=CN=C(C)CC(=C)CC[O-1],-3.03,augment
2766,CC=CC=CC=O,-3.26,augment
2767,O=C1CCC=C=C1,-3.29,augment
2768,C12[C@@H1]=C[C@@H1](NNC3=O)CCCC=C1N=C3NC4C=C42,-4.66,augment
2769,C[NH1+1](CC)CCCC(C)(C)CCC=CC=NN(O)CCCC=CC=CC,-3.41,augment
2770,CC(=O)CCCC1C=C1P=NC2C3C=C=CC=C3[NH1]N2CC,-4.52,augment
2771,COC=CCSC=CC(=C)C(=C)C=CCC(C)(C=C1C=C(N)N)C1,-2.63,augment
2772,C1OC(C)[C@@H1]C=NC=CC=CC=CCCCC=C1C,-4.6,augment
2773,C=CNCNN(C=CC=CC=CC1=CC=C)CC1C(=O)[O-1],-3.76,augment
2774,C1CCCC=C2N1C(=O)N2NC=CC(=C)CCF,-3.66,augment
2775,C1[C@H1](CCC=C)C=C1C(CO)C=O,-3.72,augment
2776,C[NH1+1](C)CCC=CC(C)CF,-2.53,augment
2777,CC1SC1CCC=CC(=O)SC=NCCC=C(CCCC)C=CC,-3.11,augment
2778,C1CCCCCC=C1N2C=NC(SC)CC=CC=CC2(C)C,-4.9,augment
2779,O=C([C@H1]1)CCCC=CC(Br)CC=CC=CC1=C,-4.8,augment
2780,C[C@@H1]C=C=NOC(C)=CC=CS(C)=O,-4.07,augment
2781,CCCCC(/C(CO)C=C(N)C=C=C)(C=CC=C)N1CCC=CS1C#C,-2.85,augment
2782,O=C(CC=CCC1C)CSC2=C1C=CC=CCCCCC2F,-5.23,augment
2783,O=CCC=CN=CCCNC(N)CC=NCC=C=CC#C,-2.89,augment
2784,O=C(C)C=CC=CC(ONCCCC[C@H1]C(O)N(C)C=C)CF,-1.58,augment
2785,C1CC=C=N1,-2.75,augment
2786,CC=CC=C1NC(=N)N=NN(C)CCC2C1CC3N(C)CCC32,-5.31,augment
2787,CCN(C)C1=CS1C(=O)C=CCOCCCCCF,-3.15,augment
2788,CCC#CC1(N2)C=CC=C1CCCOC=NC(C)CC=CC=C2,-4.06,augment
2789,C1CCCC[C@H1]1CCCC=O,-3.8,augment
2790,CCC[C@H1]CCC[C@@H1](C)NCCCC=O,-2.49,augment
2791,COC=CC=C[C@](OC1)(C)O1,-2.71,augment
2792,C1CCC2C=C1C=C2CCCNC3CNC=NC3C(CC=CC)=O,-3.31,augment
2793,C#CCC=C=C(SSC)C(=C)N=CCCCCCC=C,-3.01,augment
2794,C=[NH2+1],-1.45,augment
2795,CCCC#CC[C@H1],-2.2,augment
2796,CC(C)NCCC(NCCN[C@@H1][C@H1]CC=CC=C(C)CC=CC=O)=CC=CS,-2.61,augment
2797,CC=CC=CCNC[C@H1](OCCN(COC[C@@H1]1C)C)OC=C1,0.0,augment
2798,CCC=CC=C1C=C1NCOC(OC)[C@@H1](C)CC(C)CSSCC,-3.43,augment
2799,CCC=CC=C(NN[C@@H1][C@@H1](C)CN(C)C=C)NC(=C1)C1CCCCC=C,-2.02,augment
2800,CC=CC=O,-2.7,augment
2801,CC=CC1C[C@@H1](OC)C(C)(O)N(C)CC2CC21F,-3.16,augment
2802,CC=CN=C(N1C=CN=C2CCC=C2CCCC3)OC3C=C1OC,-4.87,augment
2803,C1NC2=C1CNC(=C)NC=C=C(OC)C(C3)[C@H1]3OC=C2,-4.25,augment
2804,O1C2(N)C3C4CC=C[NH1]C#CC3C42C1CF,-4.27,augment
2805,COC=CC=CCNC=CCSC(C)C[C@H1](CC=CC)F,0.0,augment
2806,CC=CCCCCC=C(CCCC1=O)C1COC,-3.51,augment
2807,NC=C1C=C2C=C1NN2C,-3.58,augment
2808,C[C@@H1]C(N)(C)CN[C@@H1]CCNC(C)[NH1+1]CCC(O)C=CC,-0.11,augment
2809,O=CCC=CN=C=CC=CC=CC=CC=NNC(C(=O)CC=NC1)C1,-4.37,augment
2810,CNCCC[C@@H1]CC1C(C=O)CCCC2=CC=CC=C12,-3.79,augment
2811,CC(C)N=CCNC(=C)C(=O)C=O,-2.7,augment
2812,C[C@@H1](C)CCCC[NH1+1]CCCC(S)C(C)CC=O,-2.07,augment
2813,C1OC(CC=C(CNC=CC2)C2)CS(N1CC3NC4CNC3)CCC4,-5.55,augment
2814,CC=CCCC=NC=NC(=O)CCC=CC=CC(=O)NN=O,-4.48,augment
2815,COC(=O)[C@@H1]CNC(C)C1C2C=C2OC1C[C@@H1]C,-3.24,augment
2816,COC(=O)CSC([C@H1])[C@@H1](C)[C@@H1]1C(O)C=CC1C(C)C,-3.08,augment
2817,CCN=CC=CC(C=C/CCC=C1/C=CC2=O)C=C1C=C2O,-4.59,augment
2818,CC(=O)C=C=CC=CC(C(=O)N)CCNNCC=O,-1.45,augment
2819,C1CC=CCOC(C)C=CC(C)=C1C,-4.2,augment
2820,O[C@@H1](C)N1C=CC(=O)C(Cl)=C(C=C(C)CN1C)CC#C,-3.53,augment
2821,C[NH1+1](C1)C=CCCO1,-2.95,augment
2822,CC[C@@H1](C)CC(C)NC=O,-3.15,augment
2823,C[C@@H1]C=CCSSC1C=CC=C1CC=CC=CCCl,-3.64,augment
2824,C1CC(C)C=C1CCC=C[C@@H1](C(O)NONC2C)C=CS2C=C=C,0.0,augment
2825,CC=CC=CN=CCNC(=O)NCC(=O)O[C@@H1]C,-3.58,augment
2826,C1=CC=CN[C@H1](O)CC2C(=C)C=CC#[N+1]CC3=CC=CC3C2C=C1,0.0,augment
2827,C1[C@H1]CC=C1CC(CN)=C(CCC(=C)C=CF)S(=O)NCCCC,-2.73,augment
2828,CC[NH2+1]N(Cl)CCNCC[C@H1][C@H1]CC(=O)NCCC=C(C)C,-1.47,augment
2829,C1CC2=C(N[C@@H1]([C@H1])PC=CCCCS=C2)NC1,-4.96,augment
2830,CCNC(C[NH2+1]CCC)C=CCC=C=C1NN1SCN,-2.6,augment
2831,CC(C)=C(CO)C1CNCCC(C2)C=CC=NC=C=C1N=NC2,-4.13,augment
2832,C1CCCC[C@H1]1C(=C)C(=O)CC(O)[NH1+1]OC=CC=CC=O,-4.52,augment
2833,CC=NCC(CNNC=CC=CC=C)C=CC=N[NH1]C=C1C=C1,-3.93,augment
2834,CC=CN=NS(C(C)C[C@H1]C=CN=C(C)C1F)=CC1=O,-4.87,augment
2835,O/[NH1+1](NCCCCCC(OC)=CONN)CCCC=CC=CCCC,-0.62,augment
2836,C[NH1+1](C)CC(CC1=CCC=CC=C2N=CCS2=NC=CC=C1N)=C=C=C,-4.91,augment
2837,C1[C@@H1]2OC=CC=C1C=C[C@@H1]2CNC=O,-4.21,augment
2838,COC(=O)CC(NCSNCC[C@H1]CCN1CCOC1)CCCC,-0.86,augment
2839,C1C=C[NH1]1,-2.09,augment
2840,CCC(CC)N1C=C(C1C)CC(C)CCOC=CC2=NN2,-3.98,augment
2841,C=12CC[C@@]C=CC=3CCC(=O)CCNC(O)C=3OCC(C)NC=1C2,-4.45,augment
2842,CCOC=CCC[NH1+1](C)CCCCCC(=N)C1=CC=CS1N=NCC=O,-2.6,augment
2843,C1CC=C1C=NC=C,-3.09,augment
2844,CC1OC[C@](C)CC=C1CSCC[C@@H1](C2=CCC=C=C2)C=C[O-1],-4.37,augment
2845,CN(NC(=O)C=C)C(C)=C(C)C=CC=CC,-3.8,augment
2846,CCN=C(C=CC=C=CCC1=O)CCC1CNN=CCCCC2C=C2CC#C,-3.45,augment
2847,COC=CC(Br)=C(S)CCSC=CC(=O)[O-1],-4.02,augment
2848,COCCCCC=CN(C1)C1=O,-3.33,augment
2849,C1OC[C@@H1](C)C1C2[C@H1]C(=O)C3(O)C=C2N3CCF,-3.48,augment
2850,C1CCCCN(CN=C(C)C(C)C[NH2+1])[C@@H1]1C[C@@H1]C(C)(O2)CC2C,-3.34,augment
2851,O=CCOC=CNC1(C=CC=C1OOC)CC=CC2CC2CCl,-3.22,augment
2852,C[C@@H1](C)C1C23CC=CC=C2NC(=O)C=C3N1C=CC,-4.46,augment
2853,C1C[C@H1]CCOCNC=CC(C)C=C1C(O)C=CC=O,-4.36,augment
2854,NC(O)OCC=NCC=CC=CCl,-2.93,augment
2855,CC1(C[C@@H1][C@H1]CCN(C)C=CN=C1C=C)N=CN=CNCN=O,-4.11,augment
2856,COC=CCC=C/C=C/C(=O)NCN1N(C)[C@H1]CCCC1=O,-4.13,augment
2857,C=C(C)CCNC(C)NC(=O)NC=NC=CCC(Cl)C=CN,-4.01,augment
2858,N=C=O,-2.43,augment
2859,C1C2=NN1C(C)=CC(COCCCCO2)C=C=C,-4.19,augment
2860,C1S(C[C@H1]1NNCCCC=CS)(N2)(C)CCC2CF,-3.65,augment
2861,CCC=CC(C=CC=C1N=C(S)CCC(CC2C[C@@H1]C)=NC=O)S2CC1,-4.29,augment
2862,C1[C@H1]C=CCCCCNC(=O)CC=CCCS1,-4.64,augment
2863,CCCCCCC(O)CCC=O,-2.82,augment
2864,CC=C=CC=O,-3.04,augment
2865,O=C(CC=CC=CC(=C)CO)C=CC=C(F)CCCC#C,-3.56,augment
2866,CC1OC(=O)N1CN(C=CC=O)CCN=C=CCC,-3.46,augment
2867,C=C(C)C=C(C)OCC=CSCCl,-2.71,augment
2868,CCOC(=O)NC(CCC=C1OC2)(CCCC)CC=C1ON=C2,-4.2,augment
2869,C1CCC(CCC[C@@H1]1C(=O)[C@@H1](C)C=CC)O[NH1]C=CC,-3.95,augment
2870,CCC=NNCCCC=CCNC=O,-2.5,augment
2871,COC(=O)NS1CCS[C@H1]S(C(C)=C(C)C=C)C=C1C,-4.3,augment
2872,C1CSC=CC1=C,-2.86,augment
2873,COC(=O)NCCNC[C@H1]NCC(C1)C[C@H1]CCC1C,-2.98,augment
2874,CCC(CN1C=CC=C1COCC)(C)N(C=CC2=CC=CC2)CC=CC#C,-3.96,augment
2875,O=C(CNCCC=CCCCCC[C@@H1]CCC(F)CSC=NC(C)OCC1)C1,-4.94,augment
2876,C1OC(=O)C2=C1C[C@@H1]NCCC(C)CNC2NCCCCC=O,-2.95,augment
2877,C=12CC3(C)C=1C=C3CCCCCC2C,-4.24,augment
2878,CC(C)CC(=O)NC=CC=C=CC=C1C=C1Cl,-4.37,augment
2879,C1CCCC[C@@H1](C=O)C(=O)[C@@H1]CCOC(C)=C=CC=C1,-4.71,augment
2880,C1=CC=CC=C(C=CCC=C)C1[C@H1]C(C)COC=CCCOCC,-3.56,augment
2881,CCCCC(S)C=CC=NC(=O)C1C=CN=C1OC,-3.35,augment
2882,C[C@](O)C=NC1=CC(=C)CN(C)C#CC=CN(C)C1C=C,-4.22,augment
2883,OC(C)NC=CC=CCCCCCCN(CC)CC=CC(=N)N=C1N=C1,-3.19,augment
2884,CCCCCCCN=CCC1C(C=O)C=S1C,-3.23,augment
2885,OC=CC=NCC=CC1=C=C1O[C@@H1]CC=C,-3.26,augment
2886,COC=CC[NH1+1]C(OC(=O)C(=O)NC1C2CCCCC)CC2NN1CCO,-3.07,augment
2887,C1C=CC=C(C(=O)N1CC)N(N)CCSC=CC=CC#CCC,-3.48,augment
2888,CC(=C)N(C)C=C(CC)CCCCNCCOC#CC=CC#C,-3.2,augment
2889,CC(C=O)SC(N)C=C=CC=C=SCC=C1CS1,-2.98,augment
2890,CC(C)(C)N(C)CC=SNC(=O)C=O,-3.18,augment
2891,CCOC=CC=NC(C(=O)N=O)(C1=CC=CS)C1,-3.4,augment
2892,CCOC(C)=CCCCNC(=O)C=NC(C)CC(C)N1CC1,-3.26,augment
2893,CCOCCOCCOC(C)SC=CC=CC=C(C)[NH1]C(=O)N=NN=S,-3.3,augment
2894,CC=CC=CN(CNC(=O)NC=CCC=CC1)C=N1,-4.36,augment
2895,CCC=CSC(C=O)CCC=NC=C(Cl)N=CC=O,-3.6,augment
2896,COC=CC(C=C[C@@H1]CCCCCCCC#C)=NN=CC1=CC=CC1(N)CCCCF,-2.72,augment
2897,C[C@H1](C=O)CC(=O)NCCCOCBr,-1.79,augment
2898,O=C(COC=NC1=NC2=CC=CC=C1CCCCC23)C3,-4.89,augment
2899,COC=CC=CCCC=CC(=NOCCCNCC)C,-2.67,augment
2900,CC(C)C(N)C1(N)C(C(=C)C)CCC=NC=C1NN=NCNOC=CN,-1.94,augment
2901,CC=NC(C=NCC)(C)C=O,-2.97,augment
2902,CNC(C(=O)CC=C(CC=CC=CN)CS1COCC)(C)CC1C,-4.05,augment
2903,CC(C)CCC=CC=CNC(=O)C1CC=CN1N2C=CC=CC(C)=CC=C2,-4.76,augment
2904,CNOC[C@H1](C[C@@H1](C)NCCC=CCC)CCF,0.0,augment
2905,C=CCNC(N)=CCC=CC=O,-3.62,augment
2906,C[C@@H1]CCCC(NC(=O)C(C)NC1(ON)C=C)C1(C)F,-3.3,augment
2907,CCC=NC=CN=CN1C=CC=NCN[C@@H1]C=NC1COC=C,-4.17,augment
2908,C1CC=C1C,-2.37,augment
2909,CNC(=O)CC1CNC(CCCCC(OC)C=CSN(C)CC)=CC=N1,-2.86,augment
2910,C=CC(N)CCC=NCC(N(C)C=O)=CC1=CC=CC=C1CCCCOC=C=C,-3.15,augment
2911,C1CC=CN=C1CNC2=CC=NC=CC(O)N3CCC=C32,-4.23,augment
2912,C1C=CC=CN=C1C(C)C=O,-4.4,augment
2913,CC(CCCC=CNC(C)CC=CC=CC=C)C=NC=NCC=NC,-3.09,augment
2914,OCOC[O-1],-1.94,augment
2915,C1C=C[C@@H1](C=NCCCN[C@@H1]SC=C1C(=O)N=O)CCCC=CN=C,0.0,augment
2916,C12C(C(F)C=S13O)C=CC=C3C=C4C=CC=C24,-4.63,augment
2917,COCCNC=CC=CC=C1C=N1,-2.85,augment
2918,CCC=NC=CNC1=CC2C=C3CNC(=O)N3C=C1C2,-4.42,augment
2919,C1=2C=CC=C1C=2O,-3.56,augment
2920,CSCC=NCC[NH1+1]NCSCN(CCCN[C@@H1](C)C1=C)O1,-1.97,augment
2921,C12C[C@@H1]COCC(C(=O)C1(F)N)N=S2,-3.85,augment
2922,CC1C2C=C(NC(=O)CC=CCC)[C@H1]2C1,0.0,augment
2923,C1CC[C@H1]1NC(=O)NCCC2C=C2Br,-4.3,augment
2924,CCNC(=O)CC1CCC=CCCNC(=O)C2CC21C=CC=O,-3.69,augment
2925,CN(C(C1C)NC=C1)CCC=O,-3.71,augment
2926,CC(=O)CCN=C1C=CNC1CCCCCCC=NC,-2.9,augment
2927,CC(C)C=CC=NS(C(C)C(=N)C=CC=CSC)CCC,-3.68,augment
2928,CCCCCC(C)=CC=O,-3.44,augment
2929,CC=CC=CC1NC=CN1CC[C@@H1](N)C(=O)CCC,-3.57,augment
2930,C[C@H1]C[C@H1](C[NH2+1]C1=O)C=CC=C1,-3.61,augment
2931,C1CCC=C(C(=O)C=C2CCO)CC12C,-4.22,augment
2932,C=NN,-1.86,augment
2933,CCCC=CCNC(=O)CCC(=O)NCCC#C[NH1]C(O)CCCC,-2.28,augment
2934,CCCC(CCC=CCCC(NC)CC=C(C1)N)=N1,-3.36,augment
2935,O=C(O)[C@@H1]CNS(C)=CC=CC=O,-3.6,augment
2936,C1[NH1+1](C)C=C1NS=CC2SN2C=C3C=C=C(C=C3Cl)C,-4.84,augment
2937,C=COC=CNC=C1N(C=O)CC1N=C(C2CC(C)CC=C2)F,-4.35,augment
2938,C1CCC=C[C@@](C)=C1,-3.23,augment
2939,C1CCC(N[C@@H1](C[C@H1]C)NC[C@H1](C2)C2C)C1C=CC=CC=C,-3.92,augment
2940,C1C(C)CN1CC[NH1]C,-2.94,augment
2941,CC(C1)C=CC=CS1CNCCC(C)C2CC2,-4.03,augment
2942,C=CC#N,-2.08,augment
2943,C12OCSC3N1CC(C)CCC=CC=C4N3NC4OC2,-4.65,augment
2944,CC=CC(=O)C([NH1+1])C=O,-2.94,augment
2945,CC1(C)C#CNC1N,-3.41,augment
2946,CC[C@@H1]C=C(CC(C=CCC1[NH1])=C1)CC(=O)CCCCCOC(C)O,-2.63,augment
2947,CO[C@H1](O1)C1(CC)CC=CC=CBr,-3.28,augment
2948,C1NCNC1=O,-3.05,augment
2949,C1CCC1CCC(N)C=CC=O,-3.6,augment
2950,CCCC[C@H1](N)CSCCNOCCC=CC,0.0,augment
2951,CC=NC=CCC(C1=CC=CC(C)C1CNCSCC2C[C@H1]C)C(C)CC2,-5.0,augment
2952,C12CNCN2C=CC=C1SC=CC(C)C=CC=C,-4.09,augment
2953,C[NH1+1](O1)CC=CC#C1,-3.63,augment
2954,CCN=C1OC=CNCOC(C=CC)=CC2=C1NCCC=CC=NC=NC#C2,-4.61,augment
2955,C1C=NC=COC=CC1CC2C(=O)CC3CC3OCC=CC=CC=CCC=C2,-6.08,augment
2956,O=C(CCCC(O1)OCC=N1)CCCC(CF)CCF,-2.09,augment
2957,CC[C@@H1](CC)ONCC(=O)NCCC[C@@H1](C)N=CC(C)CC(=O)C,-1.4,augment
2958,COCCC=C(C(=O)C=O)OC,-2.95,augment
2959,CCCC=CCCOC=NCC(C)CC[NH3+1],-1.78,augment
2960,C1[C@H1]CCCCN1C[C@H1]SC(S/C=CC(C)NC=CC)CC=C(Cl)S,-3.85,augment
2961,CC=CC=CCCSC1CCNCCC=CC=C1CCC=CCC,-4.44,augment
2962,CC1CC(C2)=C1CNCNC(C)C=CN=N2,-4.64,augment
2963,CC=CC=CCC1=CC(S)C[C@@H1]1C=O,-3.75,augment
2964,CC1=NN1SCC2NC=CC=C2C,-3.19,augment
2965,C[NH2+1]C=CC=CC[C@@H1](C)C1CC(C)CC1C=O,-3.95,augment
2966,CC(C)CC(CC1C(C)C2CN1C=O)CC=C2,-4.22,augment
2967,CC=CC(C1=CCC)C=C=CC(C(COC12)N23)O3,-4.46,augment
2968,FC([O-1])CCCC1C=CCCN1C=NC#CNCCC=CC=COC,-3.89,augment
2969,O=C(N)N=C(C(CSC1=O)C=CC=C1C(=O)C=CC=CO)C(CC)=CSC,-3.58,augment
2970,C[C@@H1]CC=NC(=C)N=C(S)C(C)CC1=CC=CN1CC(C)CCC=C,-2.98,augment
2971,CC[NH1+1]CC(C)C=O,-2.6,augment
2972,CCOC(C(CC1)CCCOC(C)C2=CC=O)NCC1C=C2CC,-3.71,augment
2973,C1S(C)(C)C=C1F,-2.31,augment
2974,CN[C@@H1][C@@H1]CC(=O)NCCC=CC(C(=O)OCC)C1=CC=C(C)C1,-2.47,augment
2975,OCOC#CN/NCOC(S)NC(=C)C=CC=CF,-3.16,augment
2976,COC(C)C=CN=C(CCF)C=O,-2.98,augment
2977,CCCCC1=CC=CC(N(C)CC1)OC(O)C[C@@H1](C2)O2,-3.13,augment
2978,C[C@@H1]C([C@@H1])C=O,-2.7,augment
2979,C[NH1+1](C)C=C(SCCCNNCCCC1CC12C=CN=N2)CCC,-1.64,augment
2980,COC=CC=C(C=O)CC1C=C(F)C1=NC=O,-3.57,augment
2981,CC=CC(OCCNC[C@H1]NC[C@@H1]1C(C)CCN1)CC(C2)CO2,-1.62,augment
2982,CC=CCC=CCCCCOC=O,-2.94,augment
2983,C=1OC=NC[C@@H1]=1,-2.54,augment
2984,C1NC=CC1CCCCC[C@@H1](C)NCC#CN=C,-3.08,augment
2985,CC[NH1+1](C)NCCOC=SC=NC=CC(C)=C=C,-3.47,augment
2986,O=C(NCCCCCCCF)C=CCC(C)CC=CC(C)C,-2.73,augment
2987,C1C2NNCN12,-3.24,augment
2988,CCCC=C=C(SNCSCC#N)CC1C=NC1C,-3.43,augment
2989,CC=NC(SC[C@@H1]CC1C(C)(O2)C=CC=CC)=CC=C2CCCOC=C1,-4.66,augment
2990,CC=CC=COC(C1)N(NN)C=C1C=CC=O,-3.88,augment
2991,C1C(CC=C1)(C)CC=CC=O,-4.0,augment
2992,C[C@@H1](C[NH1+1]CCC(C)CCC(C)[C@H1])C=CC(C)NC(C)CCCCC,-3.32,augment
2993,CC[C@H1]C=NC[C@H1]N=C1C(CCC)(O)NCCCC=CC=C1S#N,-2.52,augment
2994,C[NH1+1]CCN[C@@H1](C)NNCCC(=C)CC=CF,-2.1,augment
2995,O[C@@H1]([NH2+1]CCCCC=CC1=CNC=C1)CC=NCC,-2.66,augment
2996,CC(C)C(N)C(N)CC(O)C=CNNC(C)C=CCOC(=C1)S1,-1.12,augment
2997,C[C@H1](CCC=CC=CC(C)C=C1C=C(F)C1=2)C=2C=C,0.0,augment
2998,CNCCC=CNCCNC=O,-2.94,augment
2999,CCNCNCCCC[C@@H1](C)C[NH2+1]C=O,-1.31,augment
3000,C1CC=CC2[C@@H1]CCC=CC=CC=CCCC(CC)C2C=C1,-5.41,augment
3001,C[C@H1]CNNCC(=C)N=C(CCC=CCC1=C(F)NC[C@H1]1)CCCC=C,-3.06,augment
3002,C=C(C=CCCCC=CC=CCCC)CNN=CC=CC=CC(C1)C1F,-3.44,augment
3003,CCC=C=C=C(C=O)C=CC(F)C=CF,-3.21,augment
3004,C=CCNCNCCN1C=CC=C1C=NC(Cl)C=NC=O,-1.45,augment
3005,CNC[C@H1](C)NCCCCSC=C1C=NC=CCC=CCCNCCOOC1=C,0.0,augment
3006,O1C(=O)C=CC=C(C=C1C(O)OO[C@H1])CCC2CC2Cl,-3.95,augment
3007,CCCN=NC=CN1CCCCNC1=C,-3.35,augment
3008,CCC(=O)C=C(C1)N1SC=CN=C(/C2)CC=CC=C2,-4.24,augment
3009,C1CCC=CCNCC(NCCCC)(C)CC=CC=CC=C2C=C2N=C1,-4.97,augment
3010,CCNC(S)C1CC(=O)CCC=CC(CS)C1CCC,-3.49,augment
3011,C[C@@H1]CCCNC(N[C@H1](O)CCC=O)C(O)C#CC,-1.52,augment
3012,C[NH1+1](C=CCCF)CN[C@H1](S)C=NC(=O)[C@@H1](C)CCCOS,0.0,augment
3013,C=CCN(C1)C[NH1]C2=CC=CN=C12,-4.35,augment
3014,CC=CC(=C)CCCl,-2.53,augment
3015,CCNC(CCN(C)CNC=CCNSC=NNNC)(C)C#CN=N,-1.86,augment
3016,C1CCCN[C@H1]C(=O)C=CCC2=C=C2CC1,-4.41,augment
3017,C1C=NCCN=C1CCCN2CCCC=C2CN,-2.94,augment
3018,CCC(SC=NC)(O)C(=O)C=O,-2.62,augment
3019,CCOC(CCC=C)N(N)C1(C(C)CC12C=O)C=C2C,-3.16,augment
3020,CCC[C@H1](C1)NC([C@@H1])CCCCC=CC=CC=C1S2=CSSSS2,0.0,augment
3021,C12C(=O)N(C)CNC[C@H1](O)C(C)C=NCC1C2,-4.15,augment
3022,O=CCPC=1NCC=CC=1CSCC,-2.98,augment
3023,C1=CN=CNN(C=C2C=CF)C2CCC1F,-4.03,augment
3024,C1OC=CCNC(=C)C=CC=CNCCC2C(C)CCC21S,-4.63,augment
3025,CCC=C(NC=NC[NH1+1](C)CC=CC)N=CNC(O)ON,-3.2,augment
3026,COC=CC1CC(C)[C@H1]CCOC2=CC=CC=C12,-3.98,augment
3027,C=CCC1=NCC=C1NCC2CC(CC=C3C=CCCCCCCF)(C)CC32,-3.43,augment
3028,CC1CCNCN2C(=O)C=CC=CC=CC=NC=C2C(CC)C=NC1,-4.88,augment
3029,C1C(C)C[NH1+1]NC2C3OC1C=CCCC=CN(C=O)C23N,-4.59,augment
3030,C1CCCSC(C2=C[C@H1]2CC(=O)N=C)C=CC=CC=CC=C(Cl)C1=O,-5.53,augment
3031,CC[NH2+1]CCC[C@@H1][C@H1]C(=O)CC=CSCCCCCC([C@@H1])C,-1.42,augment
3032,C1CC=NC=C(CCNC(=O)C=O)OC1,-3.86,augment
3033,CCOC=CC(=C)C1=CC=C[C@H1](C)C1NCCNCC[C@H1]2NCCC2CCC,-3.54,augment
3034,C1OC=CC=C(/CC=C2CC(=O)C=CC=CC=CC=C)C=C21,-4.58,augment
3035,CCOC=NN1N=C(C)CC=C1SCCCOC=NCCOCCCC,-2.94,augment
3036,C=CC=CCC(=O)C=CC1=NC(C)CC2CCCC2CCC=CC#C1,-5.26,augment
3037,CCNNC(OC)(O)NCCCCC([C@H1]CNCC1N(C2)CC)=C1COC2,-2.34,augment
3038,CCCOC(C1)C=C(F)N=CC(=O)CSS1[C@H1](C[C@@H1]C)CC(C=CC2)=C=C2,-3.72,augment
3039,CC(COCCCOCC=O)CC1C=CC=C1CC=CC=O,-3.46,augment
3040,CC(O)C=NC=CC(C)C=CCC=CC=COCO,-3.6,augment
3041,C1CN1CC=O,-2.47,augment
3042,CCNSCC=CC1(C)CSC=N1,-3.11,augment
3043,C[C@](C)[C@H1](C)NC(=O)[C@@H1]C=O,-3.26,augment
3044,CCC[C@@H1](CCC1CSC)C(=O)C=CC2=CC=CCC2CC=C1C=C,0.0,augment
3045,CC(C)[C@@H1]C=NCC1NC(C)C(=O)NC2=CC3=NN(C)CCC3C2O1,-4.62,augment
3046,C12[C@@H1]C1C=CCN(C(=O)C3=CC=C(Cl)C3C=CC)C2C,-4.81,augment
3047,CN(C=O)C=CCCC=[C@@H1]CS(O)CCC1CC12C=N2,-3.84,augment
3048,CNNC(=O)NCN1CNC(C2)CC=CC3=C2C1=C=C3CC,-4.87,augment
3049,CCC=CNCNNCNC([NH2+1]C)C=1C=NN(C)C=1,-3.1,augment
3050,CCCCNCC=CCC(C)CCC=O,-2.61,augment
3051,CC=C(CCCCOSOCCC=O)CC=NN(C)SCCF,-2.05,augment
3052,C1C(=O)[C@@H1]1CNC=CCC(C)C2C=C=C=S=C2N=O,-4.37,augment
3053,CC[C@@H1]NCNCCCOCCC[NH1+1](CCCC)NC=O,-0.28,augment
3054,CCCC[NH1+1][C@@H1](CC1SC=NC(O)NCCOC=CC=C)N=CC1=C,0.0,augment
3055,O=C(C)NC=C1CC=CC=C1C=O,-4.09,augment
3056,CC1=C(N2CCCCNC2(C=NC(=C)C=CC)C1N)CCC=O,-3.51,augment
3057,COC=CC=CN=C(C)CC(N)C1CC[C@@H1]C(=O)CC[C@H1]1C,-4.32,augment
3058,C1[NH1+1](C)[C@@H1]1CCCC=C2CC(=O)CNCC3C=CC2=CC3F,-3.91,augment
3059,COC=CC1(C)C(C=CCCCC12CNC=O)N=C2,-3.96,augment
3060,COC=CC=CC=C=CC(=O)C=O,-3.52,augment
3061,C=C=O,-2.42,augment
3062,C1CC23SC1[NH2+1]CCC3NC(C)C=C2,-4.16,augment
3063,CCC=CC=CC[C@@H1](C[C@H1]CCCC[C@@H1]CCCCCC)C(=O)CCCC,-2.09,augment
3064,CC(C)(O)C(CNN)[C@H1](C)CCC(C)=NNC,0.0,augment
3065,CC[C@H1](C)C=C(S)C=CCC(=O)NC#CCCCN=O,0.0,augment
3066,C#CCNC=CCC1=CN=C(CC)NC1C2=CCC=C2CF,-3.71,augment
3067,CC[C@H1](C)CC(=O)COC(C)=CC(C)CC=CCF,0.0,augment
3068,CC(C1)C=C1OC(=O)CCCCC=O,-3.14,augment
3069,CC1=CC=CC=N1,-2.94,augment
3070,C1COCCN(NC(=O)CNC=NC=C(C2)CC=C)C=C2CC=CCC=C1,-4.89,augment
3071,CC1NC=CC=NN(NC=NC2CC=CC=C12)N=O,-4.68,augment
3072,CCNC(N)C(=C)C(=O)NC=CC=CC=NNOCCCCCCC,-2.88,augment
3073,C[NH1+1](CC1CC=CC=C1)CC(=O)N(S)NNC(=O)CCC=O,-2.93,augment
3074,C1C=NC=C1S(=O)NCC=CC2=CC=CC=C2C(=C)CF,-4.91,augment
3075,CCN(C(C1)S1)C(=O)C2C=CC=CC2C=O,-3.24,augment
3076,CCC[C@H1](C1CNC2CNC(C)C2C=O)C=C1C,-3.29,augment
3077,CC=CC=CC=CCC#CNC=NC=CC=CC(C)C(=O)CSCCC=CC(=C1)ON1,-4.69,augment
3078,O=C(O)CN1C=CN=C(N)C=CC=C1CC=CCC=[C@H1]CCOCCC,-4.09,augment
3079,COC=CC=C(C=CC1=N)C=C(N2)C=C1CC=CN(C)OC3=C2C3CC,-4.82,augment
3080,CC=C1C=CC=C1OCCCCN[C@H1]C(O)CCCC=C,-3.84,augment
3081,COC(=O)CC=CC=C/C1(NSCCC(=O)CC#C)NN1CCCC=CC=CC2CO2,-3.59,augment
3082,C1[C@@H1]CCC2N[C@@H1](C)CC1(S3CCCCC3C=C2)C,0.0,augment
3083,CCCCCC1C[NH1]C=CC1(O)C=O,-2.67,augment
3084,O[C@H1](C[C@@H1]CCC=CC(N)CN(C)CF)Cl,0.0,augment
3085,C1=C[C@@H1]C(O)C(O)C(N)C=CC2C=C1ON2CCCO,-2.95,augment
3086,C12C=NC3=C1C=C(C=CC=C4C)C4OC(=O)N3C#CC2,-4.58,augment
3087,C1C=CC=CNNC[C@H1]C(N)C(=O)CCCCCCCC(F)C=CN=NN1C,-5.19,augment
3088,C1CC=C(C2=O)C=CC3=C2C=CN=C13,-4.03,augment
3089,CNC=CN=CPSC=CNC=CC=CC=C(CC=O)CC=CC=N,-3.54,augment
3090,COC=CC=C(O)C=CC=CC=C(C(=O)CCCCl)CC,-3.48,augment
3091,C1C(C)NN(O)C2(C)NN(N)CCOC=CC2CCC=C=C1C,-5.34,augment
3092,CC=CC=CC(=C1)[C@H1]1C2CCN(S)C2C3=CC=CC=C3C=C,-4.34,augment
3093,C=1C=CSC=C=1,-2.44,augment
3094,CC(C)C1SCC1=O,-3.39,augment
3095,CN(C)[NH1+1]=C=[C@@H1]CNC=CC[C@@H1](C)[NH1+1]OCOC=CCF,-1.11,augment
3096,C1C=NN=C=C(C(C)OCCCNC=CC2SC1N)C2C=O,-3.99,augment
3097,C1C=CC=NC1(CC(O2)[C@@H1]C=CC3=C2N3N=O)OCCCCCC=CC,-3.78,augment
3098,O=CCNC=CC=CNCCCC=CC=NN(N)N=C(C)C1C=C1,-1.89,augment
3099,C1CCCC=COCNCC(CCC=O)CCO1,-3.21,augment
3100,CC=NN(C=O)C(C)NC=C1C=NC=CNN2NCCCCCC2(CC=C)N1,-3.49,augment
3101,CCCOC(C)=NC=CCF,-2.42,augment
3102,C1OC(=C)CCNCCC2CC2(C)CC(F)=C1,-4.43,augment
3103,CC(C)OC1C(C)CCC1C=O,-3.23,augment
3104,CC=NCC(S1(=O)C[C@H1]CNCCC[C@H1](C)ON=CCCCC=CC=C1)=C,0.0,augment
3105,CCC#C,-1.73,augment
3106,CC1[C@H1]=CCN1CC2=NC=CCC=C(N)C=CC=CC2,-4.93,augment
3107,CCNC=C(C=C1CC(C=CC2=CC=CC=C2O)CC=3C)CC=3S1,-5.01,augment
3108,CCC=[C@H1]C=CC1=CC=NC=CCCCC[C@H1]CNCCC1C=C,-4.63,augment
3109,COC=CC=CC(=C)C(=O)C=CC(O)C=CCl,-3.95,augment
3110,C=C(C)CSCC(=O)N(Cl)NC(C([C@H1])C12NCC)CC1C=C2O,-4.69,augment
3111,O=CC=CNCC=CCF,-2.8,augment
3112,CCC[C@@H1]CNC=CNC(O)CCC[C@@H1](C)CCCCC=CCCC=C=C,-2.35,augment
3113,C[C@@H1](O)CC1CC=C2C13NC(=O)C2C3,-4.3,augment
3114,CC1C=CC=CC1=C,-3.24,augment
3115,CCOC=NOC=CC1=CC=C(N)OCCC(C)C2=CC=C1C=C2CC,-4.23,augment
3116,CC=CCCSC=C(CC)CCNC([C@@H1]1)CCCC[C@@H1]1C=O,-4.0,augment
3117,CC1=CN=CC=N1,-2.73,augment
3118,O=CC1C2(C=CO1)CNCC=CCC(F)CC2=C,-3.74,augment
3119,CCNC=CC1=CC=CCS1C2=NNC(=C)C=C2,-4.56,augment
3120,CC=NN(CC)C=O,-2.68,augment
3121,C1OCCCC1=C,-2.98,augment
3122,O=C(CNNCC1NC)CN1CCCC(C)C2C=CC=C2CC,-3.77,augment
3123,C1S(O)OC=CCNC(=O)C(O)CCC=CC=CC=CN1CCCC#CF,-3.84,augment
3124,C1COCCCC1,-2.91,augment
3125,CC=CC=CNCCC=C(OC)CC=CC1=CC=CC=CC(C)C=CS1C=C,-4.63,augment
3126,CCNC(=O)[C@@H1]C1CCNC=C2N[C@H1](C)C=CS=CN=CC2CC1,0.0,augment
3127,CCOC=CC=CCC=CC(C)(C=O)C=NC=O,-3.16,augment
3128,CC(N)C(C)CCC=CCC[C@@H1]CCCCCCCCF,-2.47,augment
3129,C1CCC=CC=C1ONC(CN2C(=O)[C@H1]C3CCCC)=C3CC=NC=COC=C2,-4.98,augment
3130,C1=CC1CCC=CC=C2N([NH1+1])CCNC(O)CC=CC=NC=C(C)CC2C,-4.37,augment
3131,C1CCCCC(NCCC2=CC12CF)C,-4.17,augment
3132,COC(=C)C(C)CC(CCCCCC=CC=O)C=O,-3.26,augment
3133,CCC1CCNCCCC=CCCCC1NC[C@H1]CC2SS2,-3.8,augment
3134,CCN(OC)C=O,-2.3,augment
3135,CCC=C(C)CCCSC(C)C1NC2CC3CC=C2NN3C#C1,-3.9,augment
3136,C1=2C(C)C=C1C=C=C=2,-3.29,augment
3137,COC=C1C=C1CNC=CC2=CC=C(C)N2C[C@@H1]C3C=C=CC=C3,-4.85,augment
3138,CC[NH1+1](CS1C2C(C=C1C=O)CS=C)C2C=O,-3.39,augment
3139,C=C1CCC[C@@H1]CC2NC1[C@@H1][C@@H1]([C@@H1])[C@@H1]CCCC2C(C)CC=C3C=CC=CC3,0.0,augment
3140,CCC[C@H1](C)CC=CNCC=CC=O,0.0,augment
3141,COC=CC=CC(C=C1CC=CC=C1N)(C)N=CSCSC2CN2C,-3.18,augment
3142,CCCC(CCC=CC(N)C=NC=O)C=O,-2.98,augment
3143,C[NH1+1](C)[NH1+1]C[NH1]C(=O)OC=CC(O)N=CCC,-2.53,augment
3144,NC=CC1=CC=CCC1C=O,-3.45,augment
3145,CC(C)N=C(CCCC[C@H1]=CCCCCC(OC)CC)C=C,-3.03,augment
3146,CCCC1[C@@H1](C2C[C@H1]CCNN[C@@H1]C(C)C=CN=CC)OOCN2CC1,0.0,augment
3147,CCN=NC(CCNC)=CBr,-2.89,augment
3148,C1[C@@H1](C)C=C1[C@@H1]CCC(=O)NN2CCC(C)CN2CCCC3CO3,-2.98,augment
3149,CCNC=CCC(C=O)=CC,-3.28,augment
3150,CCOC1SN1NNC(C2)NC23CCC=C3CF,-2.59,augment
3151,CC1CC=NCN1CCN2CCN=CC3=CS34CCC2=CC4C(=O)C,-4.25,augment
3152,COC=CC=O,-2.4,augment
3153,C=CC=CC(COCC1CC2=CC=C1C=CC=CN)=C[C@@H1]2CC=CCCCCCC,0.0,augment
3154,CCC1=C[NH1+1](C=N)C=C1N[C@H1](C2)C(C)=CC2CF,-3.83,augment
3155,CCCCNC(C=O)CCC=CC,-2.46,augment
3156,CC(C)(C[O-1])NC=CNC=O,-3.49,augment
3157,C=CC[C@H1](C1C)NCC2=C1CC=NN=CCNC=CC=CC2C#C,0.0,augment
3158,CC=[NH1+1]C[C@H1]([C@@H1]CCCC(C)C(C)C1[NH1+1]CO)C=CCCC=NN1C,0.0,augment
3159,CC(NC[C@H1]OCCC)C=O,-2.83,augment
3160,CCNNCCC=O,-2.61,augment
3161,CC(C1)CC=C1CCCC(NCCC[C@@H1]C=CC=CCCC2N=C2)=NC,-3.36,augment
3162,O=C(OCC=CNN(O)NC[N+1](=O)C=CC(=C)CC1C)C1=S,-4.88,augment
3163,C1C=CC=C(CCC(N)C([C@H1])C=CC=CC=O)C1,-4.62,augment
3164,C=C=O,-2.42,augment
3165,CC[NH2+1][NH2+1]C([NH2+1])C(C)=CC=C(C(=O)CCCCOC=O)C,-1.29,augment
3166,C1CCC=CC1N,-3.61,augment
3167,COC(=O)C=O,-2.5,augment
3168,C1OC[C@H1]CCC1,-2.85,augment
3169,CCC12C(CS)N(C(O)C=NC(N)C(C)C=C)CCCC1=N2,-3.19,augment
3170,C1OC=CCC1,-2.72,augment
3171,C[C@H1]C1CNC(O[NH2+1]C(C=CC2)C=C12)P,-4.16,augment
3172,C1=CCCCN(C=NC=O)C=C1,-4.47,augment
3173,CC1SC=CC=C1N(C)C[C@H1]C=O,-3.88,augment
3174,C=C(CCC(=O)CC1=CC1C)CC=NC(C=CCC2)CC2,-3.92,augment
3175,O1C(C)/C(N)CCC1C(=O)NNC=CC=C(Cl)C,-3.84,augment
3176,C1CC[C@@H1]1CO[C@H1](C)NC(C)F,-2.7,augment
3177,O=CNCCCCCNC=CC(C)CO,-2.46,augment
3178,CCOC=C(C)CSC[NH1+1]C=NC=O,-2.81,augment
3179,CN(C)CC1CC(C=O)=CC2=CC(=C)C=NN=CC3C1CCC4=C3N2OCC4C=C,-4.98,augment
3180,CCNSC=CN=CC1CC12CNC=C2CCC#CNC,-3.4,augment
3181,NC(O)C=CC1=NC=C1F,-3.3,augment
3182,CC=CC=C(NN(C)CCC(O)NCC1=O)C1=O,-3.73,augment
3183,CC(C)C(=O)C(=O)C=O,-3.06,augment
3184,C[C@H1]=O,-2.33,augment
3185,C1C2(C)[NH1+1]1N=CN2C=O,-3.37,augment
3186,O=CC=CCC1C2=CN([NH1+1])C1CC[C@@H1]CCOCC=C2,-4.35,augment
3187,C=CC[C@@H1](C)CC=O,-2.96,augment
3188,CCNC(=O)C(=O)NCC[C@@H1]C=CC=CS=1C=C(O)C=1C,-3.38,augment
3189,CCCC=CCNS(C)N=CC=CC(OC)CC=O,-3.45,augment
3190,CCC=CC=CC(F)CCNCCC[C@@H1]NNC=NC=O,-2.37,augment
3191,C1CCC=C1/C(C2)NC=S\CCCCC(F)=C2O,-4.42,augment
3192,CCC=CC=CC(=C)C=O,-3.53,augment
3193,CC1CCCCC=NN(C)C=CC2=C1C=CC=C2NCCCCCC3CO3,-3.84,augment
3194,CC=CC=CN(C[C@@H1])CCC[C@@H1]C1CC(C)C=C1C,-3.51,augment
3195,CC(C=CC=CN(CC)C=O)[C@@H1](C=CCCCCC=C1F)N1N,-4.22,augment
3196,CC(C=C=CC(N)CC1N[NH1]C(=O)NCC2)CC1=CNC2,-4.82,augment
3197,CC=CC(C(=O)CNCC=[C@H1])[C@@H1]SCOC=NC=O,-1.68,augment
3198,FC=CC=CC=O,-2.87,augment
3199,CCCCOOCCC=C(C(=O)NCCCCC(C)OCC1)C1,-4.04,augment
3200,C12CCN1COCCC(O)C(C3)CC4C=C3CCC42Cl,-4.44,augment
3201,CCCC=C=CNC(=O)NOC(C)OC(C)C,-3.64,augment
3202,CC=C(CCC1N2)C1C3SC4=C2C=CC=CC=C4S3=O,-5.29,augment
3203,CCOC(=O)OCC=O,-2.57,augment
3204,CC=CC=C1N=CC=NC1=O,-3.69,augment
3205,C#CNCC=C,-2.15,augment
3206,C=CCNCN=CS/C=NN(C1)C=C(C=CCOC1C2C)C=CC=C2O,-4.77,augment
3207,C[C@@](CNC=CN=CC=NC1=O)=CCCC1,-4.09,augment
3208,CCC=CC=CC=C/C=C/SC1C2C13CC(C)=C2C3,-4.22,augment
3209,C1CCC1C23OCCC=C2C=C[NH1]C=CC=C3NC4OC=CC4CC,-5.16,augment
3210,C[NH1+1](C(CC=CC)C(=O)NC=O)NC=CCCCCCC=NNNC,-1.71,augment
3211,CC1C(CC=CC2=CN(C)C=O)CC=C12,-4.45,augment
3212,C1COC1C2C3=CC4=C2CCC3NC=C4C=CCC,-4.22,augment
3213,COC=CC=O,-2.4,augment
3214,CC[C@@H1]1CCC2CCCC=C1NCCCO2,-3.93,augment
3215,C1CCCC(CN[C@H1](C[NH1+1]CCC(=O)C=CCC(Cl)C)C1CC2)O2,0.0,augment
3216,C1CN1NN[C@@H1](C=C2C=O)C=N2,-4.24,augment
3217,C1[C@H1](O)CC=2N1CC(=O)C(C)C(O)(C)NC=2OC,-3.46,augment
3218,C=1CN(C=O)NC=C(C=1)C=C2CCOC2CCCCCC,-3.91,augment
3219,CC(C)C=C(C=O)CCCO,-3.61,augment
3220,COC=CC(SCCC1=NN1CC=CC(C)/C2=CC=C3)C=C23,-4.27,augment
3221,CC(C1)(CC)CC=C1CCNC(=O)NC2=CC=NN(N)CCC=CN3CC23NC4C=N4,-5.07,augment
3222,O=C(CN)C=CC=C(C)CCC[C@H1]CC=CC=CF,-3.67,augment
3223,C[C@@H1]CNNNC(CC1CC=O)N=C1C=O,-3.76,augment
3224,CCCC1C=CC=CC=C1CCCCSCN=[C@H1][NH2+1],-4.12,augment
3225,CNC=CCC(=N)C=CCOC(=C)N(C1)C=CC=C1F,-3.5,augment
3226,C12[C@@H1]CNC(C)=NC1C(C)C2(C=N)CNC=3C(C)(F)C=3CC,-3.67,augment
3227,CC(C=CCCOCCCC=CCC)C=CC(=O)NCCC=O,-3.64,augment
3228,CNCNCN[C@H1](N)CNC(N)N=CC(C1)CC1SCCSCCOC,0.0,augment
3229,C=C=CCC(=O)NCCC=[NH1+1]OC=NC=O,-3.34,augment
3230,C[C@H1]CCCC(=N1)C1OC=O,-2.83,augment
3231,CCC(C)C=C(CNC=C)C(=C)C=CC=CC=C[NH1][NH1+1]CC,-3.84,augment
3232,C1OC=CC=C/C=C1COC=C(C)C(C[C@H1]C(=C)CC)=CC(=O)C=O,-3.74,augment
3233,COC=CC1NC=CNC(C2)N[C@@H1]2C[C@@H1](C)CC1S,-3.99,augment
3234,CC12OC=CC=CNC=C=C(C#N)C=CC(C)=C1C=C2,-4.18,augment
3235,CCOC1=CC=CC1=O,-3.32,augment
3236,CC=NN=C(COC(C)N)CCCC(C(C)C)CCC=NO,-1.15,augment
3237,C1COCC(=C2)C(N)CC=CC2CC(C(=C)CC)=C1C=C,-4.08,augment
3238,C1NCOCN1CC[C@H1]CCCC2=C(CCCCC=C2)CCC,-4.25,augment
3239,O=C(C=CC1=CC(CC12CF)SCC2C3=O)C3,-4.54,augment
3240,C[C@@H1]CCC(O)C=CC=O,-3.04,augment
3241,CC=CC=C(C(C)NNN)C(C)NCCC1CCCCC1CS,-2.24,augment
3242,CCOC(C)[C@@H1](NCCC(=O)C(C)(O)CCC)C1CC=C1,-1.61,augment
3243,COC=CCCOC(C)C(=O)C=CC=C1C=CCCS1C=O,-4.18,augment
3244,CSC1=CC=C=C[C@H1]1,-3.0,augment
3245,CC=CNCC(CNC=CC=O)C=O,-3.13,augment
3246,O=C(C=CCCOC=C1CF)C#CN1,-3.61,augment
3247,C1C=CN=C1/C=CC=CCC=CCC2C[NH1]C(=O)NC=CNC23CCCSO3,-5.43,augment
3248,COCCC[C@@](CC1)=CC(=O)C(=O)NC=NC[C@@H1]CCC1C,-4.52,augment
3249,CN(C1=O)CCC1(F)CCNC=CC=C(N=O)CC=C,-3.55,augment
3250,C1C(CCC=C)C#CCCCC1NCCCCCNC(=O)C,-3.92,augment
3251,COCCCC[C@@H1]CC[C@@H1](O1)NNCCC1C2[C@@H1]CCC2C=C,-2.48,augment
3252,CNC=CC=CC=C1C(N)[C@@H1](N)C2(C)NC=CC(OO)CC=CC=NS21,-4.78,augment
3253,CCOC(=C)C=C=CC=O,-3.24,augment
3254,C1OC(=O)C=CC2=CPC=C(NC)C=CC(F)=CCC[C@@H1]2OC1COC=CC#C,0.0,augment
3255,O=C([O-1])CC=CC1=CC=C2C=C12,-4.38,augment
3256,C=1CCCN=1,-2.61,augment
3257,OCOC1=CCN/C=N[C@H1](C)C(C2(C=C21)CC=C=O)CCF,-3.6,augment
3258,CC(=N1)C1C=CCC(O)(C)C(C)C,-3.49,augment
3259,COCC(CO)C(CCNC=C1)C(O)C=N1,-2.65,augment
3260,C1CN=CC(N)CCCN[C@H1](C)C(=O)NC=NC(C)C=CNC=N1,0.0,augment
3261,COC=CC=C=N[C@@H1]C(N)[C@@H1](CC)C=O,-2.7,augment
3262,CN(CCC=C(C)CC=O)C1CN(C)CC=CC(C)=C=NN1,-4.26,augment
3263,CC=NC=C=C(C1CN(C)NSCCOO[C@@H1]C2CCCCC=C2C)C1,-3.43,augment
3264,COC(CCC1=CC1C)C=CCCCC,-2.94,augment
3265,COCCC[C@H1]1C(C=O)C=C=C(C=CC=CSC=CC=C)CO1,-3.84,augment
3266,CC=CC=CC#CC(CC[C@H1]C)=O,-3.42,augment
3267,CC=NC=C=CN(N)CCC=N[C@H1]C=C1C=C[NH1]C1,-3.51,augment
3268,OC(N)C1[NH1+1]NCC[NH1+1]1C[C@@H1]C=O,-2.68,augment
3269,CCNNC(NC(=O)N=C1C=CC=C1CCCC)C=CC=CC2=CCS2,-3.99,augment
3270,O=C(CNCCC(C)C=CC=CF)C1CCC=C=C1,-3.69,augment
3271,CC(C)CC[C@H1]=C=CC[NH3+1],-2.81,augment
3272,COCCNCC(=C)NCCCC(C[NH1+1]1CCCC1)C,-1.07,augment
3273,COC=[C@@H1]OC=C(C1)[C@H1]C(C2)C=NC=CC=C21,-4.03,augment
3274,CC[C@@H1]CCCSCCCC1CNC=CC1C=NCN,-3.34,augment
3275,CC(C)CCSCCC(C)C[NH1+1](C)C=CC=O,-2.99,augment
3276,CCC=CC=CC=CC(=O)N1CCCCC1=N,-4.13,augment
3277,CCOCCNCCC(=O)CCCCCNCCNC=C[NH1]CC=C,0.0,augment
3278,C1C=NN=C1C=CCC=C,-3.54,augment
3279,O1[C@H1](C)[NH1+1]CC=C1NCCNCCN(C)C(C)C=C,-2.01,augment
3280,C[C@H1]1OC=CC=C(OC(=O)C(C)CC1C=C)C(=C(O)CC)C#N,0.0,augment
3281,O=C([O-1])C=CN=CCOC(=NC)CCC1CC1([C@H1])C=NC#CC,-3.9,augment
3282,COC=CC(C=CC=CC=CS)(O)NC=O,-3.04,augment
3283,CNCNC(C[NH1+1]CCC)C(C)C=CC=O,-2.97,augment
3284,CC[C@@H1](C=O)C=CC=CN(C[C@H1])C=NC(=O)C(C)(C)O,-3.09,augment
3285,C1OC=CC=C1,-2.67,augment
3286,CC=CC(C(=O)CC=CC=O)NCCC=C1CC2=CC1=CC2,-4.27,augment
3287,C1OC=C2C=CC1C[C@H1]2C(C[C@@H1])(O)C=CCC[NH1]C=O,-3.86,augment
3288,C1C(C)(C=CC=C1)S(C)(=O)C2=CC=CC=C2NN=NCOCCC=CCOC,-3.58,augment
3289,C1#CC(=O)N1NCC2C3C=CC(C)ON(C)C=CC=C2N=CCS3,-4.49,augment
3290,C[C@@H1]C[C@@H1](C=O)C(C1)C=C1OC(C)CC,-3.24,augment
3291,CC(C)C1C=C=NCC(=O)CC([NH1+1]C2)(CCCC2O)CC=C1,-4.76,augment
3292,N1C=NN1COC2NC=CC=NC=CC=C3C=C32,-4.65,augment
3293,COC=CC=CCCCC[NH2+1]C[NH1+1](C)CC(N)CCC(C)(O)C,-2.21,augment
3294,C=NN(O)C=CC=O,-2.93,augment
3295,C1C=CC=CC(C=O)CC1,-3.71,augment
3296,C=CC=CSCNC(C)CCNCCC=O,-1.63,augment
3297,C1CCC=CC=C1C2CN(O)N=CCCCOC[NH1+1]C(C3)(SN)S3S2,-4.42,augment
3298,CCOC=O,-2.11,augment
3299,COC=CC=CCC=CCCC(=O)C=O,-3.22,augment
3300,CCCC(C(=O)CCC(=O)CCCC1CC)CC1CCC=O,-3.85,augment
3301,CCOC(=C)[C@@](CNC)C=C(C)NC=O,-3.08,augment
3302,CNC(C)C1C=CN(C1(C)O)C=C(C2)N2,-3.77,augment
3303,CCC=CC[C@@H1](O)[C@H1](CC=O)NCCC1C=C1S,0.0,augment
3304,CCOC1=CCCCC1C=O,-3.55,augment
3305,CC=CC(NCNCSC=NCNC)=C1C2=CC21CC,-2.47,augment
3306,O=C(C)NC1=CC2=C(F)NC(CNCC1)C=CC=C2[C@@H1](C=3)C=3,-4.33,augment
3307,C1COC(=O)NC(C)CNSNCC=C2C=C(C)CC(CCC=CC2)C1,-5.59,augment
3308,C1OC(=O)C=CCC(C)NC1N[C@@H1]CC[C@H1]2NC=CC2(C)C=CC=C,0.0,augment
3309,COC=NC=C[C@@H1](C=O)NCCNCNC1(NCCCS12COC)NCC2C,-1.75,augment
3310,C=C(SC=NC=CCC1(CC=CC)F)C#CCCC=C1CN,-4.42,augment
3311,CC(C)C=CC/C=NNCOCC1C2=C=C2C=C1ONN=COC,-2.66,augment
3312,CC(C1)C=C2C(N1CC=NC=O)CN2CC=C=C,-4.18,augment
3313,C=CC1N[C@@H1]CC=C1C=O,-3.49,augment
3314,CC1OC(CC2C=C1SC2=O)CCCCCS,-4.06,augment
3315,CC=NNC(C1=CC(N(C)[NH1+1]CCOOC2CC=C1S=S2C3)=C)C3O,-4.18,augment
3316,CC=C1C=C(OCC2NC2C3NC=CCN3C=C)C1Cl,-3.95,augment
3317,CC(C)[NH1+1]CC[C@H1](N(C)CCCC[C@H1]C)CCCC=O,-2.27,augment
3318,C1CCNC=CCCC1[C@@H1]NC=NN([NH1+1])CNCC(C)(NC)CC=O,-2.72,augment
3319,O=C(ON=CCNC(=O)C=CC=C1C)N1N=C2C=C2CCCC,-4.38,augment
3320,CCNC=CC=CCCC=CC=O,-3.48,augment
3321,C[C@H1]CC[C@H1]NC1C2C(C)CC1C2C=O,-3.44,augment
3322,C1[C@@H1]C[C@@H1]1CCNCCCCCC=O,-3.48,augment
3323,C1CC=CC=CCCC=CC1C(O2)NC[C@@H1]C3CC=C(CCCC2)C3,-5.44,augment
3324,CCC=NCCC=O,-2.75,augment
3325,C=1C=CC=CNCC[C@H1]CNCSCC[C@@H1](C)C(COC=1)C=O,-5.55,augment
3326,C1C=CNC(C2(C=O)CC2NC)C=CS=NNNNCCC=C1CCNN,-4.75,augment
3327,C[NH1+1](C)CCC1C=C1NC(=O)N[C@H1](C)C=CC=CBr,0.0,augment
3328,C12C=CC(C)NNC1CSCC3(OC=4)C2CC3C=4C,-5.18,augment
3329,CCOC=CC=CCCC=C(CC)CC1NC(=C)C=C1C=O,-3.83,augment
3330,C=CC=CCNN[NH1+1]CC1CC2C=CC2[C@H1](C)OC=CC=CC=CC1=C,0.0,augment
3331,CC=CC=C(C=O)C=CCC=O,-3.72,augment
3332,C=C(NNCNNCNC(C=NC=CCC(O)C1=O)C=CC=C12)C2,-4.64,augment
3333,CSC=CC(=O)C=CC=CC=CC(CNN=O)C(=C)C=O,-4.42,augment
3334,COC=CN=C1CC2C=C1NSC=CC=CC=CC=CC(C)N2,-4.54,augment
3335,CC(C)CNC=CCCN1C(N)=C(C)C(C)=C1,-2.9,augment
3336,CC(C)C(CNC(=C)C=CCC)(C(=O)C)CCC=CC=CNSCCC,-2.8,augment
3337,C=12C[NH1+1]CC3=C(NCCCCC=CC=CC(C)C3C=CC=1C2)C,-5.32,augment
3338,CC(=C)C=CN=C=CBr,-3.77,augment
3339,O[NH1+1]C1C[C@@H1][C@@H1]1NCCC=O,-3.09,augment
3340,C1COC=NNN=CC=CC1C=CC=NN(NNCO)C=NOCSSC(C)C2C=C2C,-4.7,augment
3341,CCNNNC=C(O)C=CC=CC=O,-3.33,augment
3342,CC(C)OCCCN(C1=O)C(C)N1C=CC=O,-3.88,augment
3343,C[C@@H1]CCCCCCC=CC=CCNN(C=O)CCC=C=O,-3.1,augment
3344,C1CC=CC1C(CN)C(=O)CC(C)CCC2CCCC2=N,-2.87,augment
3345,O=C(OC=C(C)C=NC[NH1+1]C)CNCCNC1=NCCC=C1C,-3.06,augment
3346,CCC=NCCNC(C)C1CC2(N)C(OCCC=CC1)C2,-4.53,augment
3347,C1C(C)=C(C)C(=O)CC2NC=CC=CC=CS=CNS2=CCC1,-4.93,augment
3348,CC[C@@H1]CCC[C@@H1](O)C[NH2+1]C=O,-3.35,augment
3349,CC=CC=CC(CCC)C#CCC(=O)[C@@H1]SC=CCCCC,-3.09,augment
3350,O=C(NC=CC=CC=CC=CF)NCCC=C=C,-3.8,augment
3351,CC[NH1+1]C=CC=CCNC=CCC[NH2+1][C@H1]CCCC=CC=CN=CN=CC=CN=CC1C=C1O,-2.97,augment
3352,CCN(CC)OOCCNC=O,-1.7,augment
3353,CC=CC=CC=CS(NC(O)\C1=NC=CC1)CCl,-3.2,augment
3354,CCCC(PNC1=CC=O)CC1=N,-4.48,augment
3355,C1C=NC[C@@H1]1CC=O,-3.1,augment
3356,CC=NC=C1C=C1C(C=O)OC=NCC,-3.19,augment
3357,CC=CC=C(CC(N)CCC=1CC2O)C=1CC2CF,-4.35,augment
3358,C1C(C)CC(C)C=C(OC)SC1[C@H1](O)CCC=SC#C,0.0,augment
3359,OC(C)C=CN=CCC=NN(C(=O)C(N)NNC)C=CC(=C)[NH1]N=O,-2.38,augment
3360,C[C@H1]C[C@@H1]NC(=O)C(=O)NC=CNCC1N(C)CCC1,-3.1,augment
3361,CC[C@@H1](C)C(O)OC=CC=C(N)CC[NH2+1]NC=NC=CCCC#C,-2.88,augment
3362,CCOC(=O)N=C(C)C1C=C1,-3.34,augment
3363,CC[NH1+1]CCONNOCCSCN[C@@H1](CN)C1(C)C=CCC1CC=C,-0.29,augment
3364,CCCC=NC(=O)NC=CNOC1CC(C=CC1)C(C)CC=C=C=C,-4.4,augment
3365,C1[NH1+1]CC[C@@H1](CC)C=CSC(C)CCC=CC=C1C=CC=C(C)C,-5.7,augment
3366,O=CNC=CC=CCCC(C)=CC=CC=C(N)C=CCC,-4.07,augment
3367,C1C=CC=NC=C1N(C2)S2=O,-3.95,augment
3368,C1CC=CC=C1C(O)C(=O)C2CCNC=C2OCC=CC=CC,-3.97,augment
3369,C=CC=CC=C(F)C(=O)C=CCCCC(C)[C@H1](C)C=O,-3.79,augment
3370,C1CN=C=CC1(C)C=O,-3.53,augment
3371,COC=NCCCC=CC(C(=O)N[C@@H1]CC(=O)CC1=CC1O)CC,-1.18,augment
3372,CC(C)CCC=CCOC([C@@]1)[C@]CCCSC=CC1=C,-4.78,augment
3373,CCCCCC=CC(OC)C=NCN(CCC=C)NC=O,-2.67,augment
3374,CC=CC=CCNC1COOC(=O)C(C)CCCC=CC(C)C(C)C=C1,-5.23,augment
3375,CCCNC(C=NCC(=C)N=CC)C=NNC=CCCCCCC#N,-2.72,augment
3376,O=C(C)NCCNC[C@H1]1CCOC[C@H1](C)C1F,-3.41,augment
3377,C[NH2+1][C@H1](CC=NC)C=C=CC(C=C1C=C(C)C1N)CCN=CNC=C,0.0,augment
3378,CCCONC=CC=C1/C=C1[NH2+1]NC(=O)NC=CC=CC=NC=C,-4.28,augment
3379,CCOC=CC=CC=CNC(=O)C=O,-3.57,augment
3380,O=CN(C(C1)C)C1(C)NCC2=C=C2NN=N,-3.69,augment
3381,CC=C1C=C(C2)[C@@H1]1NCCS[C@@H1]2O[C@H1]CCCF,-3.67,augment
3382,CC[C@H1](C)OC(CC)NC=CC=CC=CS=CCC=CC=O,0.0,augment
3383,C/[NH1+1]N(CCC(COCC)C(C)C=C1C)CC2=C1C3=NC3C2,-4.18,augment
3384,C1C=C(C)N1C(C)C[C@H1]2CCCN(S3CC(=O)N)OCC=C23,-4.27,augment
3385,CCOC=CC=CNC(=C)COCONN(C1)CC1C,-1.79,augment
3386,CCCNC(=C)C=CC(C)CC=CC1C=CNC2OC1CC2,-4.16,augment
3387,CCOC=CCCNS(=O)NCCNCC=CC(=C)C(=C)C=CCS,-1.16,augment
3388,COC=CC(CS1C(=O)NC=C2C=CC=CC=C1NN)(C)C2OC,-4.11,augment
3389,CNC(=O)CC=C1N(C(=O)C(=O)N1)CCCC(C)=CC,-3.82,augment
3390,C1C2N=C(S)SCC=NC=CC=CC=C2C=CC=C1,-4.81,augment
3391,CCC(C)(O)CCCC1=NC2=CC3=NC=C1CC3=N2,-3.01,augment
3392,C=[C@H1]CC=NC=NN=CC(=O)CCCN,-2.62,augment
3393,C[C@@H1][C@@H1]C=NC1=C=C(NCC)CC=CCC=NC=C1CCC=CCC,-4.4,augment
3394,CC=NCCCNCC(C)C=CC=O,-3.1,augment
3395,CCOC(C)C=CC(OC=CC(OC)C=CC(=C)SC)CCF,-2.88,augment
3396,O=CO,-2.18,augment
3397,O=C1CCN(CF)C=CC2=C3N=CC=CC=CC=C3N21,-4.2,augment
3398,CC=CC=C(N)SC=NC=CC=CC=CC(=O)C=O,-3.63,augment
3399,CC=NC=C(C)C(S1SSC(=O)C=CC=C)C=CC=CC1=C,-4.67,augment
3400,CC[NH1+1]C=NCC[C@H1](O)C=O,-2.62,augment
3401,C1COC=C2C(CNC=O)C=CC3=C1C3=NC=C2,-4.52,augment
3402,C#CC=CN(NC([C@@H1]CCCC=CC=CC)NC)CF,-3.08,augment
3403,C1COC1C=O,-2.7,augment
3404,CCC[C@@H1](C[NH2+1]C(=C)C(C)(NC)CCCCF)COC#C,-2.76,augment
3405,CCC=C[NH1+1]=C([C@H1]CCC1=CC(O)NC=CCCCC=O)CCCC2CC1C2,-3.59,augment
3406,CC=C(C[NH3+1])[C@@H1]C(=O)CF,-2.21,augment
3407,C1C=NC=CC(=CSOCC2CC3=CC=C2)C=C3OC4NC4OO1,-5.42,augment
3408,C1C=NC=CC=C1CC(CC)NCCC#N,-3.63,augment
3409,CN(C)ONNC(=O)N(CC=CCC)SC(=O)CCCCCCC=CC=C,-3.46,augment
3410,CCCCCC(N1C(=O)N(C=CC=C)NC=CN=COCC=C2C=CC=C1)C=CC2,-5.0,augment
3411,CC=NN(C=1C)CNC=1C2=CC=CC=C2[C@@H1](O3)C4=CSNC=C3C4=C,-4.94,augment
3412,C1C=CC=C(N\C(=O)C=CN(F)C[N+1]CN=C2)C21C,-4.44,augment
3413,CC[C@@H1](O)N=CCCC=CC(C)CCCN=CC(OC=O)C=O,-1.67,augment
3414,CCC=CC=CC=C(C(=O)CCCNCC1C=C1C=N2)C2=O,-4.94,augment
3415,CC1C[C@@H1]1CC(=O)NCCC2C=C2NCC3[C@H1]CCC(F)(O)C=C3,-3.72,augment
3416,CC[C@@H1]CCC1C=C1C[C@H1]=CNC2=NC=CC(C)COC2[NH1+1]CC3CC4C(C)=C43,-4.21,augment
3417,C1COC2CN1CN2NC=CC=CCCOC(C)C=CN=CSS=S,-3.64,augment
3418,CC[C@H1]COCOC=CCC(CCCCN)C=CC=NCCCN(O)CC,-0.31,augment
3419,CC=CC=C1CNC(C)NCCOCCC2C3[C@@H1]1SC2C=C3,-4.98,augment
3420,CCC=CC=C1CCCNC1C=O,-3.52,augment
3421,CC(C1)[C@@H1]1CCC(C2)[C@@H1]2N(C3=CCC)CC=C3,0.0,augment
3422,C1#CC=C1CCCCCC2CNNC3NCC=CCC4C2CCC4C3C,-5.08,augment
3423,C1OCCCC=C1NCCNC=CC=O,-3.42,augment
3424,CCC1CC=CN[C@H1]1C=O,-3.44,augment
3425,CCOC(=O)C=CC=CC=C(O)C(=O)C=O,-3.2,augment
3426,OCC=O,-2.09,augment
3427,COC(=O)CC=CC=CN(O)C=O,-3.64,augment
3428,CC=CC=C(CC=CC=C)CN(NCCCCCON)C=CC=CN=C=NN=NC,-3.66,augment
3429,O=C(C)CC=CC1=CSCNN(C=CCCOC=C[NH1]1)C=O,-4.71,augment
3430,COCCCCNC(SCC=C(C)C=C1NC=CC=C1O)C[C@]S=O,-1.56,augment
3431,COC=CC1=CC#CN1,-3.12,augment
3432,C1[NH1+1]CCCNC([NH1+1])NC[C@H1]1CC(=O)CC(OC)CC=O,-2.26,augment
3433,CCN(CCCCC)CC1=CSC=NC(C2)C=CC=C21,-4.05,augment
3434,C[C@]CNC(C=NC=C)=C=C(C=CC=C1)C1CC,-3.49,augment
3435,CCN(C=C)/C=CC=CCC1C(N)C=C2N(C)C(C)C2C1=O,-4.19,augment
3436,CCCCC=CC1=CC=C(C=C1C)C=O,-4.29,augment
3437,O=C(CCCC=C[N+1](=O)NC)F,-3.55,augment
3438,C1C=C1C,-2.04,augment
3439,COC=CC1CC12OC(=N)C(=O)C=CC=C=COC2C=CC=O,-3.82,augment
3440,CC(N1)C(=O)CC([C@H1])CCC(C)C=CC(=C)CCCCC1,-4.99,augment
3441,C1C=CCC=C1,-2.45,augment
3442,CC(C)CSCC(=O)C(=O)C=CC(=C)C=CC(=O)NNC=CS=C,-3.91,augment
3443,CCCC=C=O,-3.06,augment
3444,CC(CCC=O)NC=CC#CC,-3.36,augment
3445,CCC1NCCCO1,-3.22,augment
3446,CC=CC=CN(NC(=S1)C2)OOCC1C=C2Cl,-4.62,augment
3447,CC=CC=CC=C1SC=CC1CC(=O)C[C@@H1]C(C)C=C,-4.25,augment
3448,CC(=O)C(CN)(C=O)[C@@](C)S(=O)NCCCC=CC=CC,-1.84,augment
3449,CCC=CC(OC=CC(O)NC(=N)C=CC)COC=O,-2.07,augment
3450,CC(=O)[C@@H1]CNC[C@@H1]CC=O,-2.73,augment
3451,CC1COC(C)=C1C=O,-3.14,augment
3452,C=C(C=CN=CCNCCCC=CC=CC1=NCC=CC=C)C=C1CN(C)C=C=O,-5.03,augment
3453,C[C@@H1]CCCC=O,-2.71,augment
3454,CC(NCCC)(C=O)CCC(C1)CC(C)C=C1C,-3.29,augment
3455,COC(=O)C=CC=CCC[C@@H1](C)C(CC=CN1)=N1,-4.07,augment
3456,C[C@@H1](C)CCC=CC(C)CCC=C(C)CCC,-2.98,augment
3457,C1C=CC=C1CCCNCCC(N)C=CC=O,-4.04,augment
3458,C[C@@](C)OC=CC(=O)C=O,-2.82,augment
3459,C[C@H1]CC=CNCC(C=O)(F)SC=C(CCCC)C=O,-2.71,augment
3460,O=C(N[C@H1]=NC1NS=CC=C)C=CC=CC=CC=C1C=CO,-3.99,augment
3461,C/[NH1+1](O)C(C)CCCF,-2.9,augment
3462,C=1CC=CC=C=1,-2.47,augment
3463,CC[NH1+1]CCCC[C@H1](CN[C@@H1]CSN[C@@H1](C)ONC1CC2C)[NH1+1]2CCC1=C,-3.8,augment
3464,C[C@H1](COC(C)CCC=CCC=CC1)C1NCC=COC(C)=C,-4.65,augment
3465,C1C2(C)N=C1CC2C=O,-3.45,augment
3466,C#CC=CC=C1CONC(=O)C(C=CSCOC=C1)C=CC=CC=CC=C[O-1],-4.26,augment
3467,CSCCCNC[NH1+1]1OC=CC=CC=C2C=C2CC=C1,-4.13,augment
3468,CCCC=C(C)NC(S)CC=CC=O,-3.47,augment
3469,C1C2(C)C=C1OC=C2NC=NC=O,-3.87,augment
3470,CCNC=CC=CC#CCNC1=CC=CC=CCC2(C)C=CC=C12,-4.98,augment
3471,CC=CC=CC=CC=CNCC(C)NCSNNCN1CCCC=2C1C=2C=O,-2.92,augment
3472,C[C@H1]CCC[C@H1](C1)CC(C)=CC=CN=C2C=CC=C1C=CNC=C3C2O3,-4.62,augment
3473,C[C@H1](C1)C=C1N2N(C(C)C3)CCCC2C(C)C=COS3,-4.41,augment
3474,C=C(NCC=CCC1CCCN1CCNCNC)CC(C)CC2C=C2,-2.71,augment
3475,CC(=O)CC=C=CC(=C)CCC=C(C)CCC(C)C,-3.93,augment
3476,CCC=CC=CC1=C[C@@H1]1CCSC=O,-3.81,augment
3477,CC(=O)CCOC=CC=C1C=C1C=C,-3.78,augment
3478,CC(C)(C1)C=C1NC=2[NH1+1]CCNC=2C,-3.71,augment
3479,CC=CC=C1CC2C1CCNC2(C)CCCCCC,-3.69,augment
3480,C1#CC(=C)N1C(C)CC(C)CCC=C(C)CCC2CC=CC=C2,-4.27,augment
3481,O=CC=CNNC=CC=CC=C[NH1]CCl,-3.37,augment
3482,CC(=O)CCC=C(CC=NC(=O)C1=CC=CC=CCN=C1Cl)C,-4.48,augment
3483,C=CC#CN=C(C1CCNC2S1C)OC3CNC(C)C=CC2C3=C,-4.41,augment
3484,CCNC=NC=O,-2.75,augment
3485,C[C@@H1]C1CCNC=CC=CC=CC1C=O,-4.55,augment
3486,C1=CCCCC=CC1C=CC(C)C=CCCNC=CC=C,-3.91,augment
3487,CNC(=O)CCCC=C=C1C=C(O)CC1C,-4.13,augment
3488,COC(=C)C=O,-2.44,augment
3489,C1C=CC=C=C1C(C)CCCCN[C@H1](C)C=C(C)CF,0.0,augment
3490,CC=C1C2=CC=CCC2N(OC=[C@@H1])C=C1C(C=C)C=C=N,-4.82,augment
3491,C1C(C)C=CC2=CC=CC=CNC(C)CCCC=C21,-5.53,augment
3492,CN=C,-1.71,augment
3493,C[C@H1]CC(CCCCCNCCO)NC=C1C=C1C=C,-4.05,augment
3494,CC(C)CC1N(C(O)C2=C1C3(C)C2CC3C)F,-4.17,augment
3495,O=C=[C@@H1]CNCSN(C1C2NC=C)C1N2C=O,-2.93,augment
3496,CNCOC(=O)C#CNC=CC=CCOCCCC=CCCCC=C,-2.61,augment
3497,OC(=O)NCC=CC=C1CCOC(C2)C=C12,-4.73,augment
3498,COC=CS(C)NC=CCCOC(C1=O)C1=O,-3.4,augment
3499,CC=CC(NC=O)NC=O,-2.93,augment
3500,C[C@H1](C)CNN(C)C=CC1CCCC=C1C=NC,-3.88,augment
3501,O=C([C@H1]1)CCC=C1CCC=CNC(C(O)NC=C)C,-3.83,augment
3502,CC(C)[NH1+1]CCCC[C@H1](C)C(=O)C1CC=CC=CC=C=SC1,0.0,augment
3503,C1CCCC(=S)NC[C@@H1]CC=C1CCF,-4.03,augment
3504,CCC1=CC=CC=C1C2CCCN2CCCC=CNC(=C)C=C3N=C3,-4.51,augment
3505,CC[NH2+1]CCC(C=CC=CCCCC1)CCC=C1NCC,-4.56,augment
3506,COCCC[C@@H1]CC1N[C@H1](C)NCCCC(C)C=NC=C1F,0.0,augment
3507,O=CCC,-2.38,augment
3508,CCCCCCNC=NNC[C@H1]CN,-2.87,augment
3509,CCCC=CC(=C)CC=CN[C@H1](C)NC=O,-2.9,augment
3510,CC[C@@H1](C)C=NCCCC[C@@H1]CCNC=CC=C(C)CC=CC1=NC1N,-2.96,augment
3511,O=S[NH1]C(CC=1COC=CC2CCCCS2C=1)C=C3C=C3,-4.38,augment
3512,O=CC=1CC=CN=1,-3.11,augment
3513,CNSNC#N,-2.87,augment
3514,CC=CCSC=O,-2.91,augment
3515,CC(=O)N1CCC(C)C=CC=CNC1C2=CC=CN=C2N(O[O-1])CC,-4.99,augment
3516,CCC=CC=CC=CC(C)C=O,-3.74,augment
3517,C1C=CC2(C[NH2+1]CCCCCC2(CC=O)C)C1=O,-5.13,augment
3518,CCOC1=C2C=CC=C1CCCOCC(C2)OCCCC,-3.47,augment
3519,CC[C@@H1]1CCOCN[C@H1](C=CCCF)C1C=CSC=O,0.0,augment
3520,CC(=O)OC=CC1=CC#CCN1C(C)C(=S)[NH1]CC,-3.69,augment
3521,CC(C)N=C1CC=CCC1NF,-3.88,augment
3522,CC(C)=CC(C1)CC[NH1+1]COC(=O)CC(=N)N1CC=O,-3.95,augment
3523,CC=CC=CC=CC(C=O)=O,-3.67,augment
3524,COC=CC=CC(=O)C=C(C=O)C1C=CC#C1,-3.87,augment
3525,CCC1CCCCN1CCNN(C)CCC(C)CCC2=NN2S,-1.63,augment
3526,O=CCCCNCCC=CN=CC=NCN=CS=CCC=CC,-3.41,augment
3527,CCC(C)CC(=O)C=CC(C)C=O,-3.53,augment
3528,O=C[C@@H1]COCOCCC=C(CC=CC=CC1)CC=CC=C1,-5.36,augment
3529,C1C=N1,-1.85,augment
3530,CCCC1C(CCC[C@@H1]1CCOC(=O)CCO)=CSC#C,-3.87,augment
3531,CCN(C)C=CCC(C(O)C(=O)[NH1]CC)CCOCF,-1.46,augment
3532,O=C([O-1])CC(C)=CCCNC=O,-4.02,augment
3533,CC[NH2+1]C=C(CCCC(C[C@H1][C@H1]C1)C2C)COC1C2C,-4.38,augment
3534,CCCN(OC(=O)C=O)CC1C[NH1]1,-2.78,augment
3535,CCOC[C@H1](C=O)CCC(CCC=O)CCC,-2.24,augment
3536,CC=CC=CNCCN1C=C=C(OC=NC=CNC=NC=C1C)S2CC2,-4.28,augment
3537,C1CCOC2=C1C=CC=C2C=O,-3.59,augment
3538,CCCCC#CC=O,-3.04,augment
3539,O=CCC=CC=CCCF,-3.15,augment
3540,CN(CC1[C@H1]CO)C=C1C(C)OC=O,-2.23,augment
3541,C12C=C(ON(O)C(C)C1/C=C3)C=CC=C2N(C)CC(O4)CCNC4CCCC3,-5.51,augment
3542,C1C2CCCC=C2C=CC(=O)NC1=O,-4.56,augment
3543,O=CC=CCNC(=O)CC=NNC#CCCC,-3.28,augment
3544,CCOC(C)C=CCNCNC=O,-2.67,augment
3545,CCCCCCC=CCCC=CCC[C@@H1](C)NC(CC)CC#C,-2.38,augment
3546,CCOC(C)C1CC(C=C1NC(=S)C2C=CC)=C2CNC,-3.94,augment
3547,O=C(CCNCSCC1=C)C=CC2=CCC3C=C2N(C)[C@@H1]13,-4.57,augment
3548,CC(C)C[C@H1]COCCC(C1CCCC=N1)C,-2.99,augment
3549,CCC=CC(C1C2C=N)C=C1CNCC(C)=CC2C(C)C(F)F,-3.87,augment
3550,CC(=O)C=CC=CNSCOS(=O)CC=O,-3.38,augment
3551,CC[NH1+1]CCNCC=NC(C1=C(CCC2C3N)NCC)CC1N2C4=CC=CCC43,-3.99,augment
3552,COC(=C)N=CCC(C)=[C@@H1]NSCCC(=C)C=CCCOCC,-2.37,augment
3553,CCSC=CC(NC=CC=N/C=C(COC1C)NCO)C1C=O,-4.33,augment
3554,CCOC(C)OCC(C1C=C1)SCCNN[C@@H1]CCCC=C(CCC=O)CCCC=C,-0.46,augment
3555,CC=CC=C(OC=CC(=C)SC(C1)CC2C)N1CC=C2,-4.98,augment
3556,COC=CC=CCCC(=O)C=CCCCC1=CC=C=CC1,-3.82,augment
3557,CCC=CC=CC(CC1(C=C(O)C1=O)CCCNN)C=C,-3.52,augment
3558,C=C[C@@H1](CC=CCC=CCO)C/C=C1CCSC=C1,-3.95,augment
3559,CCC(NC[NH1+1][NH1+1](C)CCC1)CCCCO1,-3.63,augment
3560,C=CCNCOCNC[O-1],-2.03,augment
3561,C1COC=C=[C@H1][NH2+1]SC(=O)C=C=C(C)C(=O)C=CC=C1C,-4.78,augment
3562,CC([C@@H1])CCCCC=CC(O)NCC=CC1CC1,-3.26,augment
3563,CN1C=C1CSCC(=O)CCC[C@@H1]([NH1+1])CC[NH1+1]=O,-2.31,augment
3564,C[C@@H1](CNC=CC=CC1=O)C1(C)OCCC=CCC,0.0,augment
3565,C1COC=CCCN1C(C)NC(C2)(C=CCCCC2)C=C,-4.16,augment
3566,CCCCC1OCOC=CC=C1,-3.11,augment
3567,C12OCC3CC[C@H1](C3=O)NCC1C=N2,-4.16,augment
3568,CCOC=O,-2.11,augment
3569,CC=CC=C1C=CN[C@@H1](C)C#C[C@H1]1CCC=C2CCCC=C2,-5.18,augment
3570,CCCCCNC=CNCCCCOC=CC=C=CF,-1.74,augment
3571,CCC(NCOC=O)CCF,-2.3,augment
3572,COC=CNCCC(C)[C@@H1]CCNC=O,-2.25,augment
3573,CCOC=CC(=C)NC[C@H1][C@@H1]C(=C)CN(C)C=CC=CC#C,-2.55,augment
3574,CC(C)C(C)(C)C(=O)CCCNC=NCCOC,-3.56,augment
3575,O=C(OCC=NNCC(C=CC=CC1)O2)N2OC1C=CC=NC#C,-4.38,augment
3576,CC=CCC1(CO)C(C)C=CCNCCNN[C@H1]CCCCC1=O,-4.92,augment
3577,CCCCC[C@H1](C=CCSO[C@H1]C(=C)C=CC=CC=C(F)NNN)CN,0.0,augment
3578,C1COC=CC=C1SCCNNC(O2)C34CC=CC3C42,-4.1,augment
3579,C[C@H1]C[C@@H1][NH1+1](C)C(NCC([C@H1])C1CCCC1CC)=O,-3.55,augment
3580,C[C@H1]C=CCC=CCC=CCF,-2.58,augment
3581,C1[C@H1]CN(C2)CCC=C2CCNC=CC1=C,-4.23,augment
3582,CCC=C1C=C1NC([NH1+1])CCCC=CC=C2NC=CC23CC3ON=O,-3.42,augment
3583,O=C(C)NCC(C1=CC=C[C@H1]1CCCC=CC)=CC=C2C=C2,-4.18,augment
3584,C[NH1+1](C)C(=O)CC=CC=CN1C(O)CC=C1C=C,-3.91,augment
3585,CCCCOCNSCNC=O,-1.97,augment
3586,FC1(C)C=C(C)OC=C2CC=CC1=C2,-3.82,augment
3587,COC=C,-1.83,augment
3588,COC[C@@H1]CC(CC1C(C2)CC1C[C@@]2(C)CF)C=C,-3.34,augment
3589,C1CC=C2C=C1C=CN2NC=NC=O,-3.97,augment
3590,COC=CC=C([NH2+1])CC(N)C(C)(C=[C@H1]C)CCCCCF,-2.74,augment
3591,C1C=C1,-1.8,augment
3592,CC=NC1C=CC=CCCCNCN(CNC=C)C(C=CC=CC)C1,-4.61,augment
3593,CCCN=COCCNC([C@@H1])CCC1CCC1C,-2.31,augment
3594,C1C=CC=CC=C1C=CNC[O-1],-4.3,augment
3595,COCCC(C[NH2+1]CCCCC)(OCCC(C)C=C1O)C1=NC,-2.95,augment
3596,CNCN(N1CCCC1)OCC=2[C@@H1](C)CCC=2C=O,-2.77,augment
3597,O=CC=CN(C=CCC1=CC=CC1CC=C[C@H1]NC=CC)CCO,-3.79,augment
3598,COC=CC=CCNC=CC(=C)C=CN1NN=NC=CC1CNN=CC=CNN=O,-3.37,augment
3599,CC=CSC=CCCCNC(N)C1=CC(NCCCC=C)=N1,-3.33,augment
3600,CCOC=NCN[C@@H1](C)C(OC(O)=[C@H1]O)[C@@H1](C)CCC,-2.39,augment
3601,FC=CC=C(N1C(=S)[C@H1](N)C1CC2=CN2NC3SCC4C)C34,-4.54,augment
3602,CCCC1=CC#C1,-2.66,augment
3603,CC(O)C=CCCN(C(O)CCC)CF,-3.07,augment
3604,CCCCCNCCC(N(O)N[C@@H1](C)C=O)=O,-2.44,augment
3605,O=C(C1=CC=NC=C1)C=C=CCC(C)C=C2CC2,-3.78,augment
3606,CCC=CC=C(N)C(=O)NC(O)C=CC1=NC1(C)OCC,-4.16,augment
3607,CC=C1CC(N[NH2+1]NC=O)NCC2=C(C#N)OC2=CC1,-4.3,augment
3608,O=C([O-1])[C@@H1](O)C=CN1OOC=C1,-3.78,augment
3609,COCCC(C=C/C(=O)ON)C=C\C=NC=C=CCCC=O,-3.68,augment
3610,CC=CC=CC=CC(C=O)=O,-3.66,augment
3611,CCOC[C@H1]SCCNC(=O)CC=C(F)CCCC=O,-3.62,augment
3612,C=CCN[C@H1](NC(=O)CNC1=NNCCC=CCN)C=CC=CN1,-4.58,augment
3613,O=CCCNC[C@@H1]SCC(=O)C=O,-2.77,augment
3614,C[C@H1](CCC=CC=CC#CC=C[NH1])C=CC=CS,0.0,augment
3615,CCCN1NC=CS1(C=CCCC(CCCC)CO)C=CC=C,-2.68,augment
3616,C=S(=O)[C@@H1]=C(CCC=CC=CNN1C(C(C)C=C1)C)N=O,-4.72,augment
3617,C1CC=C1C(C)CS2C(O)C=CC2C=O,-3.8,augment
3618,CC=CC(=O)/C(C)NC(C1)CCOC=C1C#N,-3.68,augment
3619,C1CCC=CC(O)[C@@H1]1N2CCCC2CCC(C=NCCC34CC3N=O)=NC4,-4.6,augment
3620,CC=C1N=CC=NSC([C@@H1]C23)CCC=C1C2(OC)ONC3C(F)CC,-4.62,augment
3621,C[C@@H1](NCCC1CCC(C)C=C1Cl)C=C=CCSC,-4.29,augment
3622,CCOC=CCSC1=CC(=O)CCCCC=CCC[NH1]C=CC=C1,-4.86,augment
3623,COC(=O)CNC=CC(CC=O)(C)CC=CC=C,-3.49,augment
3624,C1[C@@H1]C[C@H1]OCCNCOCC2=CC=C1CCCNN2CCCCCCCC=CC=C,-3.51,augment
3625,CC(C)N(CCNC(CC)C(C)CCC)C=C(F)C,-3.02,augment
3626,CC1CCCC(C)=C2S(/NC3OC)=SCN3C[C@@H1]CC=C2C=C=S1,-4.58,augment
3627,C[C@H1](OCC=1CC=CC=1CNC(C)C)N=CC=CC,0.0,augment
3628,CC(O)C1=CCCN(O)CC(C)CCOC(C)=CC1=C,-4.08,augment
3629,C[C@H1](CN[C@@H1](O)C=CC=NC=O)CC1C=C1NSNC=O,0.0,augment
3630,CC(C)C[C@H1]CC=CC(CS)N(C)CC(C1)C=C1CCCC=C,-3.13,augment
3631,C=CCOC(C)[NH1+1]CCC[C@@H1](C)CC(Cl)=CNC(C)=CC=CC,-3.39,augment
3632,CC[C@@H1]C=O,-2.46,augment
3633,O=C(N1CC1=O)C(C)OC2=CC=CC=C2C,-3.48,augment
3634,O=C(CC=CC=CC=CCC[C@H1]CC=NC1=CC=CS)C1,-5.03,augment
3635,N1=CC(C=C1CNCCCO)C(C=CC=C2C=O)SSC2C,-3.94,augment
3636,COCCCC=O,-2.41,augment
3637,C1CN(C=O)NC(CCNCCCC1C)P,-3.96,augment
3638,CCOC=NNC1C2N3NC=CC=CC=NCC=C1C(CC)=CS3C2C(O)C,-4.09,augment
3639,N#CC=CN=C(S1OC(CCC[C@@H1]O)C1CF)F,-2.37,augment
3640,CCOC=CC[C@H1](CC[NH1+1]C)CCN1CCCNS1C=O,-2.34,augment
3641,C[C@@](C[C@@H1])[C@@H1](O)CCCC1NCC2C=CC=CC2C1CCCC(C)=C,-4.37,augment
3642,CC(C)=CCC(SC=CC)(C[C@@H1]CCC[C@@H1]C=CC1[C@H1])C=CC=C1,-4.94,augment
3643,C1C=NC=C(C)CN(N)[C@@H1](C)CC1=C,-3.95,augment
3644,CCC1CCC(O)C=C1C(=O)CCCC(N)COC,-1.99,augment
3645,C[C@@H1]CNC=C1C=C1CCN(C2)NC(=O)CCC2=O,-4.08,augment
3646,COC=CC=CCCC[C@@H1]C=O,-3.0,augment
3647,NCC=NCNCC=CC=O,-3.03,augment
3648,C1C(C)C(N)C1(N)C=O,-3.49,augment
3649,OC(C)CSCCNS1[C@H1]N(C=C1C)NCCF,-2.23,augment
3650,CC(C1)CCC=C1N,-3.38,augment
3651,CCCCC=CN1C(CN)[C@@H1]CCNC(O)CC(O)C(C)=CC=C1,-3.75,augment
3652,CCOC=NCNC(=O)CC1CC=C(F)C1C=CCCCC=C,-3.4,augment
3653,C=C(C)O[C@@H1]CCCC=CC(O)[O-1],-3.56,augment
3654,C=CNCCC[NH1+1]C(C)CCCOC1=CC1C,-1.35,augment
3655,C1=[C@](CCC=C1CC=CC=CN=C[C@H1](C)O2)C2,0.0,augment
3656,CC=C1C(=O)CC(C)(C2)N2C1=C,-4.01,augment
3657,C=CC[C@H1]CCN1[C@H1]C(O)C=C1C(C)[C@@H1](CCCCC)C=O,-3.36,augment
3658,CCCC(=O)CNCC[C@@H1](C)CC=CC1CC1,-3.05,augment
3659,CC(C)CC=CC=CCCC=NC=CC=CC=CNC=NC1=CS1,-4.25,augment
3660,C1C=C[C@@H1]CCCN2CCCS1=C2C=O,-3.9,augment
3661,CC(C)CC=C=C=CCC=O,-3.78,augment
3662,C=C[C@@H1](CCC=CCC)C(C(C)(C)C=CC)(O)C=CC=CCCCCC,-3.19,augment
3663,CCCCC(=C/C)C(CCN[C@H1][C@@H1])CCC=NCC=CCF,-3.1,augment
3664,C=S(=O)[C@H1][C@@H1]COCC(C)=CCCF,-2.27,augment
3665,C=CCCC1C(CC=CC(O)C=CC(=NC1NCOC=O)C)=COC2OC2O,-3.7,augment
3666,CC=C=[C@@H1]C(C(=O)C(C)CC(CN[C@@H1]=N)C=NN)CCC,-3.69,augment
3667,CCOC=1CN[C@H1]=CC(=O)C2=CNC=1C2CC=C,-3.73,augment
3668,CCCCCC(O)CCCC(C)COCCCC=CCl,-2.27,augment
3669,COCCCCC(C=CN=CCCSCCCON=C1)C=C1SC=O,-4.4,augment
3670,OC(N1)C(C=C=C1)SCC[C@@H1](C)C=O,-4.12,augment
3671,C1CCOC2=C1C=CC2=O,-3.99,augment
3672,C1#CCCC=CC=C1,-3.09,augment
3673,C[C@@H1]C=CNC1(C=CC=CC=C)N(C(=N)C=C1NC)CC=CC2C=C2Cl,-4.25,augment
3674,C1CCN=CNN1NN(C(=O)C)CCCCCC=CCC,-3.58,augment
3675,N12C=CC1=C2C=CC=CC#CCC,-3.46,augment
3676,CC=CC=COCCC=C(Cl)NC=CC=CC=CC(=O)C=C,-3.64,augment
3677,CN1C=NC[NH1+1]1CC2N=CCCS(CN2)CCC=NS,-3.11,augment
3678,C1C=NC12C3C(C)SCC(C=CC=CC)(C[C@H1](O)C=C3)C2,-4.75,augment
3679,C1C(N)(N2)C(C)CC2(C)CC(C)C=C1CCOCC,-3.39,augment
3680,CC=CCCN[C@H1](C)SCCC=NC(=O)CCCCC=CF,0.0,augment
3681,CN(CC(=C)C=C[C@H1](CCl)C)ONC1CCCO1,-3.28,augment
3682,CCCCCCNSC1C=[NH1+1]CC=CCCSN=CC=C1,-4.61,augment
3683,NC(COS1CCC=CCC=N)C1CCCCC2=CC2C3=CC3CC,-2.77,augment
3684,C[C@H1]C=CC=CCCCC=O,-3.38,augment
3685,C[C@H1]CCC1CCC=CN(C)C=CC=COC2=C1S2P,-4.2,augment
3686,CCC=CC(NN1)C(=O)/C(=N)C=CCC=CCSCS1C=CC,-4.44,augment
3687,CCSCC[C@@H1](C1)N=CCCNCOC(C2)N2CCN1C=CCO,0.0,augment
3688,COCCC[NH1+1](CCNC=C1COC=CNC=C1OC=CC=C)CCCC=CCF,-1.5,augment
3689,C1C[C@@H1](C)NC=CC=CS=CC(CC2=CC=CC=C2C=CC)C1=O,-5.08,augment
3690,C1C2(C)CC=CC12C=CC3=C(C=CC=C(C)CCC3=O)C=C,-4.89,augment
3691,C[C@H1]C(=O)CC=CCCN1CN[C@@H1](O)CC2C=CCCC21,-3.99,augment
3692,CC(SC1=C)C(=O)C=CC=CCC1NCOC=CC=C=C,-4.59,augment
3693,CO[C@H1]=[C@@H1]C(=O)N(CN)[C@H1](C)CCC(=C)CCOCC=C,-1.76,augment
3694,CCC=CC=CCC=C(C)CC=CC1=CCCCCSN=N1,-4.91,augment
3695,CCC=NNCC(O)CCC1C=CCC(F)N1CCC=NC,-1.1,augment
3696,O1/[NH1+1]=C1NC(=O)N[C@@H1]CCC#COCNCOC=CC=C,-2.14,augment
3697,CCC(C)C=C(C=C[C@@H1]CCCNC1(C)C=CC1CCCNC)C,-3.06,augment
3698,OC=CCSCCC=CC=CC1=CCCCOC=C1COC=O,-3.51,augment
3699,CCCCC(O)[C@H1](C)CCC=CCN(O)NC=O,0.0,augment
3700,CC(C)CNCCC(=CC[C@H1](C(=O)N)C)NC(C)=CC,0.0,augment
3701,C=CC1=CCCC=C1NCCNC=C,-3.55,augment
3702,CC(C)N=CC[C@@H1](O)C=CC=NN(C)C=CC1C[NH1]1,-2.86,augment
3703,CCCC1CC2C=C=C1NS/COC2(COCCCC=NC=CC)C=CC=C,-3.68,augment
3704,CCCCC(NC=CC=O)C1=CCCC=C1,-3.68,augment
3705,CCOCC=CC=O,-2.74,augment
3706,CC=CC=C(CCC(C)CCCCCCNC)CCCCC=CC=C,-2.73,augment
3707,O=C(N1C=CCNC(=O)CF)C=NC=C[NH1]1,-3.71,augment
3708,CCCC[C@H1](CN1C=CCCCCC(OC)C1)C=CC=C,0.0,augment
3709,C1C(C)(CC2)CC(CC=C2CCCC[C@H1]3)C3C4C(=N)S4O1,-5.25,augment
3710,C1C(=C)CCNC(=O)C[C@@H1]CCC[C@@H1]1CSC=CC#CCCCCC=C=C,-4.68,augment
3711,C=CC1N(C(=O)C=C2C(CCC=CC=C1CC)CC2C[C@@H1]CO)CCC,-4.72,augment
3712,CCC=CN=CC(C)C[NH1+1][C@H1]N1CCC2CC=CC=C2COC[C@H1]1C=CC,0.0,augment
3713,C=C(NCCC1CCCC=C1C)CNC[C@@H1]C[C@H1]CCCNN[C@@H1]COC,-0.58,augment
3714,CC=NN(C1=CC=CC=C1F)C=O,-3.47,augment
3715,CCN(C=CC(=C1)N1)C[C@H1](C)C,-2.93,augment
3716,CN(CC=CC=CN(CO)CC)C(C1)(CCOC=C1C)CC(C)CC=C,-3.74,augment
3717,CC(C)NC1=CNNCC1CCCC=CCC(C)C=CN=O,-3.12,augment
3718,CCCCC=C[C@@H1](C(=O)NNC(O)NC=NCCC=C)C=CCCC=C,-3.6,augment
3719,CC(=O)NCC[C@H1]N(C)C=O,-3.36,augment
3720,C[NH1+1](COC=N)C=NC=CC=CC(C)CCC,-2.96,augment
3721,CCCC1CNC=CCCN[C@@H1](C)C(C2)OCC(C3)C2C3CC=C1,-4.67,augment
3722,CN(CC12NC)C(F)COC1C[C@H1]C2C,-3.41,augment
3723,C[NH1+1](C)C(=O)C(N)C[C@H1]CCCC(C)C=NC,-1.51,augment
3724,COCCC(=O)CCC([C@H1])CCC=C1[C@@H1](C[NH3+1])CC1C,-2.14,augment
3725,CC(C)CCC=C(S1CCC=O)C1=C,-4.08,augment
3726,CCCC=CCC#COC=CCC1NC1=NC,-3.22,augment
3727,CC(=O)OCC(=O)CCO,-2.98,augment
3728,C1[C@@H1]OC2CC[C@@H1]2NN1C=NNC=CC=CC=CSF,0.0,augment
3729,O=CNC(C)NN=CCCC[C@H1]N(C)CC=NC=CN(C)CCCCC=C,-1.98,augment
3730,C[C@H1]C[C@@H1](C1NC2=CC3=C1C2C)C3C(C)(OC)CN=NCCCC,0.0,augment
3731,C[C@@H1](O)C=CCOCC(=O)CCOC=CCCSC=C,-3.44,augment
3732,C12C(C)[NH1+1]C1C(C3)N2NCCCCCC=CC3N=[C@H1]C,-5.42,augment
3733,CSCCC[C@@H1](C)NC=CC=CC=C=CC=CC=CC=C[O-1],-3.79,augment
3734,COC=CC=CCCC/C(C)CCC(OC)CC=C[O-1],-3.01,augment
3735,CC(O)CCC(C)NNCCNCNC=CCC(CNF)=CC,-0.85,augment
3736,COC=CC=CCC1(C)C=CC[C@H1]1CCOC=O,-3.55,augment
3737,CCCN=C1N=CCCN1C=O,-3.7,augment
3738,CCOC(=O)NC(C12)NC=CC=CCCCNSC1C(O)C2CC=S,-4.16,augment
3739,C=C(C(=O)SC=CC1N(C)C=NC=CC2CC2)N3C1=C3C#N,-4.22,augment
3740,CC1C=CC=C1CCNC(N)CCC2[C@@H1]CCCC2=NC=NNNSSO,-1.82,augment
3741,C12CC=NC1(C)C(C3)C=CC=C23,-3.76,augment
3742,CCS1CCC(C[C@@H1]1O)C=CC=CC,-3.5,augment
3743,CCOC1(C)CC=CN1CCCC=CCCC,-2.67,augment
3744,CCOC=CC=NC=C1N=C(C)C1C2OS2C=NCC,-3.42,augment
3745,C[C@@H1](O)CCCC=CC(CS)C(=O)CC=CC1(C)SCCN1OOC=O,-1.48,augment
3746,O=C(NC=CC=COC(=C)C=O)NCC1=CC1=O,-4.17,augment
3747,COC=CN(C)C(=O)CCC=CCC=NC=NC(=O)OC=C,-2.97,augment
3748,C[C@H1](COC(C)C=CCCN=CCCF)CF,0.0,augment
3749,C1CCC=CC=C1NCC(C)NC2CC[C@H1](CC2C)ON=O,-5.64,augment
3750,CCC=CC(=C)C1=CC=NCN2C=NC1C=C=C=CC2(C)C=C,-5.24,augment
3751,C[C@H1](CCNC=CC(N)C)C1CC1[C@@H1]NNNCC[NH1+1]C(C2)C2CC=CC,0.0,augment
3752,C1CCCSC=C1[C@@H1](C)CCCC2C(=O)C#C2,-4.04,augment
3753,C=1COC(=O)[C@@H1]=CC=CCC(O2)CCCCC2C(O)C=C=1,-4.65,augment
3754,C1CCCCC([C@H1]1C[NH1+1]CON(CCCNN)C[C@H1]=CC=CC(C)CC)C,0.0,augment
3755,C1=C[C@@H1]1CC(F)CCCS2CCCON2CC=CC=CC#C,0.0,augment
3756,C12C=CC=C2C=C(C)N(C)O1,-4.06,augment
3757,CCSCCC(CNCC)CCC(C)=C1CCCC1=CCCCC(C)C2C=C2,-4.16,augment
3758,O=C(C1)N=CCC=NNN(C=NNC=NC=CC(C)C)N=C1,-4.82,augment
3759,CC=CC=CC(=O)CC[C@@]1(NCCNCC2CC=NC23C1=C)C(C)CCC3,-5.18,augment
3760,CC=CC(C(=O)[C@@H1]([C@@H1]C=C)F)C=C,-2.73,augment
3761,CCOC=C1N=CCNC(=O)CCCC(C)[C@@H1](C)CC(C)CNCC1C,-4.19,augment
3762,C[C@@H1]CC=C=C(OC(C)CC(CCCC)C1N=C)CC1CCCC=CC,-3.17,augment
3763,C1C=CNC(C)C([C@@H1]C(=O)[C@@H1]1NC(C)(CC(C)C)C=C2)C#C2,-4.54,augment
3764,COC=CC=O,-2.4,augment
3765,CC=CC(=O)CC=O,-3.03,augment
3766,C1=CCCNC(=O)C(C)C=C1CC=O,-4.94,augment
3767,O[C@](C)[C@H1]OCOCC(C)COC=CC=CC=CC=CC=CF,-2.01,augment
3768,C1C(CC=C1C=C=CC)CCCNC=CC=CC=CC=CC,-4.17,augment
3769,CC=CCC=C(C)OC=C[C@H1]CC=CN,-2.73,augment
3770,C1CCC=CC=C=C1/CCC(C)N[C@H1](C)CC=CC=O,0.0,augment
3771,C1CC2C=NC3(N=C12)CCC3N=O,-4.9,augment
3772,CC=CC(CCNNCCCC[NH1+1]C=NC=O)C=CC,-2.29,augment
3773,O=C(C)CC=CC=C(/C1=CN=CC(=O)[C@H1]CC[C@@H1]=C2)C=C=CC=C12,-5.68,augment
3774,CC(C)C[C@H1]=NCOC=CC=O,-2.7,augment
3775,CC(CCC=C)(C=NC(=O)N(C)C)CC,-2.81,augment
3776,C[C@@H1](NC=CC1=CC(=C)[C@@H1]=CC[C@@H1]C[C@H1]1)[C@@H1](O)[C@@H1]2C(C3=CC)=C32,-5.6,augment
3777,CC=CC=O,-2.7,augment
3778,O=C,-1.84,augment
3779,CCC(C)=CC=C(COCC)CC=O,-3.22,augment
3780,C=CCN(CC=CC1)OCNC=C1C(=O)CCCCCCCCC,-3.55,augment
3781,C=[C@@H1]NC([NH1+1])NCCCC[C@H1]NCCN(C)C=C=CC,-0.81,augment
3782,O=CC=CC=C(C=NCCCC)CCC=CN=C(C(C)C)CN,-3.81,augment
3783,CCO[C@H1]OC[C@H1][C@@H1]C=O,-2.54,augment
3784,O[C@H1]C=COC=NC=CSC(N)C(OC)(CC1)[C@@H1]1CCCOC,-2.14,augment
3785,C12S(C)=CNC=C1C3N=CC=NN4C5=CC=CC(F)C5NC=CC=CC42C=C3CC=C,-5.13,augment
3786,C1OC=CC(=C)C=CC1SCCOC(=C)C=C(F)CF,-3.26,augment
3787,CCCC=C(C=C1C(=C)C(=O)CC2)C(C)=CC1N2CC,-4.38,augment
3788,C=C[C@H1](CCO)C=O,-2.96,augment
3789,CCOC=O,-2.11,augment
3790,CC(C)([NH1+1])NC=CC1=CC=CC=C1C=O,-3.72,augment
3791,CCC=CC=CONCCCCC(CC1C)C(C)C2=C1C2=O,-5.06,augment
3792,CSC=CC=CC=CC=CCC1C[C@H1]1NCCCCCCC(C)C=CC=N,0.0,augment
3793,CCCC=NN(C(CNCCC)=CC=CC1=CC=CC1)CC=CS=NCC(O)CC=CC,-3.78,augment
3794,COC[C@H1]CSC1(O)CCCC=CC=CCC(C)C1,-3.58,augment
3795,O=CNNCCCCC(F)C=CN=C,-2.83,augment
3796,C1COC#CN1CNCC2C(C)CC2CF,-3.16,augment
3797,CCOC=CC=CN1CNCCCCC([C@@H1])CC[C@H1]1NCCS=CC,0.0,augment
3798,C1CC=CC=C1S2CNC(C2C[C@](=O)CCCCCC=C3CCC)C3C,-5.54,augment
3799,CC=C1C=CCC=CC(CCC=CCC=C1C=C2N[C@H1]3C)CC2=NCC=C3,-5.31,augment
3800,CCCN(C[C@@H1](C=1)CC=CC=CCC)CC(N)N=1,0.0,augment
3801,CCCCCOC=C1C=CC(C)N1C=O,-2.89,augment
3802,O=C(N)C(=C)C=NC=CCCOC=CCCCCCS(C=O)SC,-1.35,augment
3803,CCC(C)NC=CC(N)C(C)NCCCC,-2.37,augment
3804,OC(=O)OC=O,-2.29,augment
3805,CCCCCCNC(C1)CCCCC1C=CC=CF,-3.64,augment
3806,CNCOC=C[C@@H1](O)N1C2C=CC=CC=C1CCCC2C=C,-4.07,augment
3807,C=CCCN1N(C=NNC1)C=O,-3.27,augment
3808,CC1=CC1(C(=O)N2C=CCCCC2CC(=O)C(C)CCF)OC,-3.7,augment
3809,CC(C)O[C@@H1]SCC(C)CCC=CC=CC=CC1=CC1,-3.14,augment
3810,C1CCC[C@@H1](C)C1NCC=CC(=O)NC=O,0.0,augment
3811,C1CCCC[C@@H1]1O[C@@H1](C)ONCCCC=CC(Cl)C=C,-3.98,augment
3812,CC[C@H1]C(=O)NC=O,-3.26,augment
3813,C[C@H1]CSCC(C)[NH2+1]CC[NH1+1]CCC=CC=CN=CCCOCC(=C)C=CC,-3.19,augment
3814,CC=NC=CCC[NH2+1]C[C@@H1]CC[NH2+1]NCCC=C=C(O)N,-0.67,augment
3815,C1C[C@@H1]C1CCNCCNC=C2NCNCC3N=C(F)CC3C4=C2C4,-4.52,augment
3816,CCC[C@@H1](N)N=CC(CC1CC)=CC=C1,-3.78,augment
3817,C=C(C)C(C)NC=CCCCN(N1)CC=CC=C1Cl,-3.88,augment
3818,CC=NOC(C)OC=O,-2.82,augment
3819,C=C(C)CN=CCOC1[C@@H1](C)CC1CC(=O)CCN=C(CCCC)CF,0.0,augment
3820,C1CCNN1SCCN=CC2=CCCC=C2C=C,-4.36,augment
3821,O=CC(=C)/C=C1C=C=CC2C=CC=C2COCC=C1C=C=SOC,-5.33,augment
3822,C1C=CC=C(C)[C@H1]1CC(O)C(NC)C2=CCCCCO2,-3.85,augment
3823,CC(C)CNC=CCC=NCCC=CC=NSC,-2.43,augment
3824,CC=CC=CC(O)NC(=O)CCNC1(C)C=CC=C1NC=O,-2.94,augment
3825,COCCNNCSC=NN(CCCN(C1=CCC)CO)C1CC=CC=CCCCC=C,-2.87,augment
3826,CC=NC=CCC(CC=CC=CC=CCC=O)=NN1C=CC=CC=C1,-4.52,augment
3827,COC=C1C(CC2C(C[C@@H1](C)NCCN3)C)C=NC=C3C=C1CC2,-4.69,augment
3828,C1C=C(CCCC2)C=CCC3N=C2CCCNC4CNC=C3C4C1,-5.03,augment
3829,CCCCCCCC=CNC(=O)C1=CC=CC=C1N,-3.7,augment
3830,CC(C)NCCCC(=O)C(C)C1CCCC(C1CF)=CCOC,-3.54,augment
3831,C1OC=CCC(C=O)(C)N(C=C1C(=O)C)CC,-3.41,augment
3832,C=1CCCCC=1C(C)C(C)CC2NN(Br)CN2C,-4.96,augment
3833,CC=CCC([NH1+1])[C@@H1]CCCCC(O)NCCC=CC=C(C)NC=C=C,-2.72,augment
3834,C#CCNNCNC(N)CCN[C@@H1](C=O)CCl,-0.46,augment
3835,CC(C)OC=CCC(C(=O)CN=CCNNCC(O1)=N)C1N,-3.45,augment
3836,O=C(C)C=C(C(C)CCCNF)C#C,-3.47,augment
3837,C[NH1+1](C)COC=CC=C1CC(C)C=C1C#N,-3.65,augment
3838,CC(CCC=CC(C)S1C=NCNC=CC=CC=CC=C1N)C,-4.17,augment
3839,COC=CC=C(NC(=O)C=O)C=O,-3.49,augment
3840,C=CC=CC(=O)CNC=NC(OC)=CC=NNN=COC=CC=CON,-3.73,augment
3841,CC(CCC=CNN1C=CNC(O)C=CC=O)=C1C2C=C2,-4.22,augment
3842,N#CCCOC1CC=NC=C1C=O,-3.48,augment
3843,N#CC1CC=CN1CC(=O)N=C\C2=CC=CC2C,-4.12,augment
3844,CCOC=O,-2.11,augment
3845,CC(C=C(CSCC)NC[NH1+1])(O)NC1NC2=CCOCCC2C1,-3.74,augment
3846,C[C@@](O[C@@H1]C(=O)C=CCC=CC(C=COC[C@H1]C)O)C,-2.86,augment
3847,CC1(C)CCC=C1CF,-2.81,augment
3848,C1CC2=CC[NH1+1](C[C@@H1]C(C)CC=O)C2=CC1,-4.2,augment
3849,C1CNNCC=C/S(C(C2)CC=C=N2)(=C)C=C1,-4.66,augment
3850,CCCCC(=C)C=C=C=COSC=NC([C@H1](C)CC)C,-3.06,augment
3851,CC=CC(=O)C=O,-2.95,augment
3852,C=C(C)CN=COCC=CC(C)C1=NNC=CC1C,-3.68,augment
3853,C1CC2=CC=C3C2CC(O)C=CC(=C)C#CN=CC(C)C31C4CC4(C)F,-5.12,augment
3854,CC=NC=C(C[C@@H1]CC(N)C12CCCC1C2C=O)C,-3.05,augment
3855,CCC=CC(C)(O)NC=C=CSBr,-2.98,augment
3856,CC=1C=CNO[C@H1]CCCN(O)N(C)C(C)CC2SC2NC=1,-4.34,augment
3857,CC=C(CN)[C@@H1](N)C(=O)NCF,-2.49,augment
3858,C1CNCOC1C,-3.42,augment
3859,CC=CC=C(C=NC(=O)C1=C=N1)C=O,-3.43,augment
3860,CCN=CC=CC(C(=O)CC=C(N)C(C)OC1=O)S#C1,-4.09,augment
3861,CC([O-1])C(C)C(=O)CC=CNC1CCCC1F,-3.5,augment
3862,COCOC(C1C=C)C#C1,-2.76,augment
3863,C1C(C)C(=O)NC(CNNCCCC)C=CCCC(C)=C1Cl,-3.94,augment
3864,C1=C(C)OC=C1CNCCCCCN2CC(O)C=C2,-3.46,augment
3865,CCOC1=C(C=C[C@@H1]1CNC(C)=CC=CCC)C[N+1]=CC=C[O-1],0.0,augment
3866,CCSCCCNN=C=O,-2.99,augment
3867,C[C@H1]C(S)CCC(C)=CCC=CC=O,-3.56,augment
3868,CCCCCC(C=CC=CCF)=C=CC1SC=CN=N1,-3.75,augment
3869,C=[C@H1][C@H1]C=1CC(ON)CCCC=C(C)C=1CCCC=O,-3.81,augment
3870,CCOC=CC=CC1[C@H1](NC)NCCC1C#N,-3.47,augment
3871,C[NH2+1]CCNC=C(OCCC)N(C)CCCC[C@H1]C(=C)CCCC,-3.33,augment
3872,C[C@H1]CNC(C1=C=S=2N3C=CCC=2)C1C3(Br)C,-4.03,augment
3873,CCC(CC)C1=C2C3=NC=C1C(=O)CCCCC2C=N3,-4.12,augment
3874,OOC=CCC[C@@H1](CC)[NH1+1]CCCN=C[C@H1]CCON=O,-1.0,augment
3875,CCCCCOC(=C)N=CCC[NH1+1](O)N(C1)[C@H1]C2=CC=C1C=N2,-3.8,augment
3876,CCC=CC=CC=CC#CCl,-3.17,augment
3877,COC(=O)[C@H1](N=CCCNC=CC1=C=CC2C[NH1]2)CCCC1,-5.02,augment
3878,CC(=O)[C@H1](N[C@H1](O1)[C@@H1]1CC2CCC2CC=C3C=CC)C3CC=C,-4.52,augment
3879,O=C(C=CCCC=CC1C)C=CC=C1C=O,-4.45,augment
3880,C=COC=CN=CC=CC(O)CC=CC(N)C=CCCCC=CC1=CC=CC=N1,-4.06,augment
3881,C1C=CC=C1OC=CC=O,-3.33,augment
3882,CC=CC(N)=C(CC=CC=O)C=CC=C1C=C1N,-4.0,augment
3883,CC(C)[C@@H1](O)C=C(OC12C)C1OC(O)NCC2CCCC,-3.67,augment
3884,CCCSCCN[NH2+1]CCCC1C=CC=C1[NH1]C=O,-3.02,augment
3885,C1C(C2)[C@@H1]2OC(=O)CC3CN3CCCC4CSCCC[C@H1]4C1,-4.85,augment
3886,C#CC=NCCCC=CC1=C(CC=NC2=C1)CCOC=C2CC=CC=C(C)C=CC,-4.55,augment
3887,C1NC1(N2)CCC=CC(C)C(=O)NC=CC=C2C=COC=CC3CC3=O,-5.47,augment
3888,CCCCC[C@H1]NC(S)CC(C(C)C)C=CC(=O)CCC=CC#C,-2.5,augment
3889,CCNC=CCC=CC1(C)N=C=NC12C=CC(C)=C2N(O)CC(C)C=C,-4.2,augment
3890,CCC=CCCC=CCC=CCCC12CC=CCC1C=N2,-3.77,augment
3891,C12CC[C@@H1]1C[C@H1](C3)CC2(C=CC(C)CCC=CC=C3)C,-5.21,augment
3892,CC[C@@H1]CCCSCCCCCCCNC1=CC=CC(=N)C(C)=C1,-2.96,augment
3893,CCCSC=C(SCC(C)C(OC)CCNCC1CCCO)C#C1,-4.11,augment
3894,CC=C1C=CC(C2)C2NCCC(CC=CC=C)C1C=CC(=O)NNOCCC,-4.69,augment
3895,CC(C)CCC(N)CC=C1N(C)[C@@H1]O1,-2.97,augment
3896,CCCC(NCO)C=CC=CC=CC=CC1=CC=C(S)C1C=O,-3.8,augment
3897,O1[C@@H1](C[C@@H1]1C=O)C2=CC=CC=C2C=N,-2.97,augment
3898,CC=CC=CCCC=CCCOC(C[C@H1])CCCS,-3.26,augment
3899,CCCNC=CC1=CC=CC=C1C=O,-3.76,augment
3900,C[C@H1]C=CCCC(C)CC=O,-3.31,augment
3901,C=CC1=CN=CC=CC(C)C=[C@@H1]OC=CCC(C(=O)C=C1OO)C=CN=O,-5.2,augment
3902,CS(C)OC=CC=CC=CC=CC(N[C@@H1]OCNNCCC1=C2)C1=N2,-4.76,augment
3903,CC(CC(C(=O)C)=O)CCCC=CCC=CC#C,-3.17,augment
3904,C[C@@H1](CC(=C)N=C(C=C)C=CC=CC=CCC=CC=C)N=CC(O1)C1,-3.87,augment
3905,CNC(=O)[NH1]C(C)CCCCCN(N)CC=CC#CC,-2.42,augment
3906,C1C(=O)CCCOC=C1NCCCOC[NH1+1][NH1+1]2CCCCC2,-2.76,augment
3907,CCOC=CC(CNN(N)C=1C[C@]NC=1CO)=C(CCOC=CC)CC=CC(C)CC,-3.26,augment
3908,O=CCS12NC=CN1C3CC3C[NH1+1]([NH1+1])CCCCCCC=C2,-4.12,augment
3909,CSCCOCCNCC=1NCCCCC=CC=C=1,-2.99,augment
3910,C[C@@H1]CN(C1=CCOC=C1CNC)CCCNCCC=C2C=C2,-2.47,augment
3911,C1CN=C2CCCC2C=C1,-3.66,augment
3912,CC=CC=CC([C@H1]C[C@@H1]CCC[NH1+1](C)C(O)N)CC,-3.18,augment
3913,CC=NN=C(C[C@@H1]NCC=CC=CCC=CCl)CS,-2.91,augment
3914,O=C(C=CNCOC=C[NH1]C1N)NCC[NH1+1](O)C=CC=COC=CC1,-3.94,augment
3915,CC=CC=CNCCCC(S)CN(CNCC)C=O,-2.6,augment
3916,CCO[C@H1](C(=O)CCCCS)SCCONC=CCCC1CC1=C,0.0,augment
3917,C=CC=CC=CC=C1C=CC2=C1NC(NC)NC(=O)C[C@@H1]2C#C,-4.69,augment
3918,C1N[C@H1]1SSOCC(O)C2C=C[NH1]C2=NC=C=CN=CNCCN=CC=C3C=C3,0.0,augment
3919,CC(C)NC=CC(N)NC1CCC(C)N1C=O,-4.05,augment
3920,CCCC=CCC(CS1)=NC1(C)C,-3.22,augment
3921,CCSCCC1NC(=O)NCC(=O)C=CC[C@H1]CC=C1C,-3.89,augment
3922,CC[NH1+1]NCNC(C)=CC=O,-3.22,augment
3923,CCC=NC=CC1=CC=CNC2(NCCC[C@@H1](C)NCC=C2)CC1,-5.35,augment
3924,COC=C=CC=C(CCC=CNCC1=CC=C(C)NN12)C=C2OCCOC,-3.22,augment
3925,CC(CCSC)=CC=CC=NC1=CC2=CC2N1C[C@H1]C=CC=C,-3.59,augment
3926,CN(CSCCCC(=O)CN=CCCCN=C)NC=CN=O,-2.38,augment
3927,CNC(=O)C=NN(C=O)C=CC=COC=CNC(O1)C1CCC2CC2,-3.72,augment
3928,C=1C(C)C=C=1,-2.27,augment
3929,C1=C[C@H1]C(N)C=COCCCC1=C,-3.9,augment
3930,C#CC=CN=C(CNC=C)C(C)OC(C1CC=CC=C1C)=O,-2.88,augment
3931,CC1C(C)(O)N(C(C)=CC2=CC)NC=C1C2,-4.73,augment
3932,C1[C@H1](C(=O)CC(=O)NCCCCC=CC=C)NCCC=CC=C1F,0.0,augment
3933,C[C@H1](C)[C@H1](C1)N=C1CC[C@@H1]C=O,-3.7,augment
3934,CCC=NC[NH1+1]1CC(=O)C(=O)COCCC=CCC1,-4.19,augment
3935,CC(C)CCC=CC(=O)C=CC=O,-3.53,augment
3936,CC=CC=CCCC(C)CCNC1=NC1=CC=O,-3.8,augment
3937,C[NH2+1][C@H1]SCC(N)C(=O)CCCCCON=CN=C(C1)C1=C,-1.57,augment
3938,O=CC(C)N=C[NH1]C=C[NH1]C(=C)/C=CC(=C)N=CCC(Cl)CC,-3.98,augment
3939,C[C@](C[C@H1])[C@@H1]CCNC(=O)C=C1C(Cl)C(C)(C1C=O)C=C(C)C,-2.93,augment
3940,COC[NH2+1]C(C=CNCC(C)C1=C2C=COC2CC1)=C,-2.84,augment
3941,CC[C@@H1]C(C)CC=C(F)CF,-2.17,augment
3942,CCCCCC[C@H1](CC)CCC(=O)NCC=CCCF,0.0,augment
3943,CC(C)CC=CC=C1C=C(Cl)OCCCC=C1CC,-4.51,augment
3944,CCCCC(C)C(C1(C)NC(C=NC=C1SCOC)=O)C,-3.7,augment
3945,CC=NC=C(CSC)CCN(CC(OC)N=CC[C@H1]C=O)CCCCC,-2.68,augment
3946,CNC=[C@@H1]N=NC=O,-3.22,augment
3947,CC(C)[C@@H1][C@H1](N)C(C)(C)NCSN=O,-2.16,augment
3948,CNC=NC[NH1+1]N=CCCN(C[NH1+1]CCCC)C#CNCCCCCC,-1.65,augment
3949,CC=CC=C(CC(C1=NCCC1C)=O)C=CC(C)=C(CC=CC2=CCCC=C23)C3,-5.36,augment
3950,N[C@@H1](C)C=CC=CNCC1C=CCCCN(SC)C(C)=CC=C1CC,-4.67,augment
3951,CC=CC=C(OC(C)CC[C@@H1](C)C(=O)[C@@H1]C1C)C2=CC2=N1,-5.13,augment
3952,C1COC=NCN=C1C(C)=CC=NN2CCNCC2,-3.85,augment
3953,CC(C)C(F)N=CC(OCOCCNC=CNO)CC=CC=CO,-2.02,augment
3954,CC1CC[NH1+1]N(C)CCC=CC21C=C2,-4.06,augment
3955,C[C@H1]([O-1])COC=C1CCS=CN1CC=NC=O,0.0,augment
3956,CC[NH2+1]CC1C(=O)CCC(C)C(Cl)CCC1=C,-3.9,augment
3957,CC=C=C(CCNC)O,-3.01,augment
3958,CC(C)=[C@H1]SNC(C)NC=CCC=CC=CN=C,-3.23,augment
3959,COC(=O)CC=CN=CC(CCOCC)(Cl)CCS,-1.39,augment
3960,C1CC[C@H1]S(C=O)C1,-3.62,augment
3961,CC(C=CCCCN/C=NC=CCC(C)C(C)C=C1)SC1=C,-4.7,augment
3962,C=1C=NN=C=1,-3.12,augment
3963,C=[C@H1]C=O,-2.39,augment
3964,CC[C@@H1]CCC#CCCCC(C)NCCC=CC(=O)C=C(C)C,-3.05,augment
3965,CCC=CC=CN=C[NH1]C(C)[O-1],-3.76,augment
3966,CCCC1C[NH1+1]C(N2C=C1NCCCCCCC2)CC,-3.93,augment
3967,C=C(C)CCF,-1.87,augment
3968,C1CC[C@H1]2CN12,-2.68,augment
3969,C[C@](O)COC=CC=CC=C([C@@H1]CCC(=O)NCC)OCCCCC,-3.16,augment
3970,C#CC1CCC=C1SN2CC=CC=CC=CCC2,-4.26,augment
3971,CCNC=C1C(C2)CCCCN2CCC=NC=CS=C1,-4.26,augment
3972,CC[NH1+1](O)COCNCCNS(=O)NCCC=SC=NC=O,-0.46,augment
3973,C[C@H1](CCC[NH1+1](O[C@H1])[C@H1]CCNCCOC1=C[C@@H1]1)NC=CCCC=CC,0.0,augment
3974,CCCCCCC=CCC(=O)C(O[O-1])C,-3.75,augment
3975,O=CCC(C(=O)NC=NC=C)C=CC(C)=CC=CF,-3.16,augment
3976,CC1CC[C@H1][C@H1]1CCC=[NH2+1],-3.33,augment
3977,CCCC=1C(C(=O)CC=O)CC(N)C2(C[C@@H1]CC)C=C2C=1C,-3.5,augment
3978,CC(=O)[C@H1]CC1CC1CCC=CC=O,-3.95,augment
3979,CCCCCNCCC=CCC(=C1)C1=O,-3.77,augment
3980,CCC(CO)OC(C[C@H1])SC=CC(C)CCC,-2.76,augment
3981,COC(=O)CCCC1CN1OC[C@@H1](C)C=CC#C,-2.53,augment
3982,CCOCCCCNC(C)C=O,-2.31,augment
3983,COC1=CN=C1N[C@@H1]CCC(C)NCCCCC(CCC2)C2Cl,-3.69,augment
3984,COC=CC=CN1C=C(C=C=C1)N2N=C2,-3.34,augment
3985,CC(C)[NH1+1](CCCCC=O)CNC(C)NCC1C(C)OCC1CC,-2.15,augment
3986,C[C@@H1]CCCCCCCC(C(C)CC=O)C,-3.02,augment
3987,C=COC=O,-2.1,augment
3988,CCN=C(O)C(=O)CCCC(C)C(C(C)(C)CCC1NC)=NC1N,-2.98,augment
3989,C#CC=C[C@H1](C=C(C)[C@H1]CCCC=CC)C1CN1OC=CC2OC2,0.0,augment
3990,C1=C2CNC=C[NH1]C(=O)C[C@@H1]2[N+1]N=CC=[C@]3[C@@H1]CCCC(F)C=C1OC3,0.0,augment
3991,O=C(C)NC(C)C=SF,-3.66,augment
3992,CC1CC=CC(N2)CC=CC([C@H1]2)CCC[C@@H1]3N(C4)CCC3C4OCC1,0.0,augment
3993,OC(C)CC=O,-2.81,augment
3994,C=CC(=C)C=C(O)C#CNC=CC1=CNCC=C1C(C2)C2CC,-4.34,augment
3995,CCC(C)CC[C@H1]C([C@@H1]1)CCCCC1=N,-4.04,augment
3996,C[C@@H1]([NH2+1]CC=CCONC=O)NC1=CNC=NC1N=O,-2.82,augment
3997,CCCCCCCN[C@@H1](C)[C@@H1]CCC=C=NCN(C=[NH1+1]C)C=C=C,-1.66,augment
3998,CC=C(C(=O)CCC1)C(CNCC1=N)C=O,-4.11,augment
3999,C1C[NH1+1]C1(C)CNNC=CC(=O)C=C(C)CC=CC=C=CCCCC,-4.18,augment
4000,O=C(C)CNCC1=CC1Br,-3.45,augment
4001,C1C(=C)C(=C)C=C1[N+1](=O)CNN2CNCC2C3=CC3,-3.95,augment
4002,CCC[C@@H1]C(N)C=C(C)[C@@H1](C)C1[C@@H1](C=CC=C1)C=O,-3.57,augment
4003,OC(=O)N1NC2=CC3=C1C=CC(C4)C=C4CC(=O)C=CC3C=C2,-5.31,augment
4004,CC(C)CC=NCCSCNC1=CCC2ON1C=NN[C@H1]CCC(O)NP2,-3.69,augment
4005,C1C(=O)C=CC=C1S2CNS(=O)N2\CCCCCC=CC=C3C=CC3,-4.51,augment
4006,CC(C)OC(C)=C(O1)N1,-3.11,augment
4007,C1=C(CN(NC)C(C)C2=CC2)OCCC=CC=CC=C1,-4.7,augment
4008,NCCC=NC[C@H1](C=NC[NH1+1](CC=CC)CC=C=CC=CC1(N)CCCC1)C,0.0,augment
4009,C1CN=CSC(C=C(CNC=O)N=O)COO1,-4.54,augment
4010,CCNCCNC(OCCCCC1C2=CN2)CC1=O,-3.56,augment
4011,CCOC1=NC=C(COC2=O)CCCC3C=C1SS3=NC2,-4.16,augment
4012,C1=C(C(C)NC(C)C2C)CN=CSCCCN(CC)C=C21,-5.13,augment
4013,C1CC=C=C1N(C)C2SC=C2O,-4.24,augment
4014,C=C=C,-1.73,augment
4015,O=CCNC=CC(=C)CCCOCCCN(CCC=C)F,-1.66,augment
4016,C1OC=CC=CCC[C@H1]CCCCCNC=C2CCCC[C@@H1]2CN1,-5.56,augment
4017,CNCCOC(C)=CCOC=CC(=O)C#CC=C,-2.35,augment
4018,O1[C@@H1](C)C=CC=C=C1N=COC=O,-3.29,augment
4019,CCCC(C)CCC1CCC(C)SCS2ON(C)C=C12,-3.92,augment
4020,CC=CN=CC1=C(N)SC[NH1+1]1C=CC[C@@H1](C)C(O)C=CC=CC,-4.02,augment
4021,COC=CC1=CN1OC=C=C,-2.9,augment
4022,CCCCCCN(C(C12)S[C@@H1]CCN13)C=CC=C3CCC#C2,-4.62,augment
4023,CC[C@H1]CCN[C@@H1](C)C=CC=O,-3.17,augment
4024,N#CC=CS1=CCSCCN(O)CC2N=CC=C1C=CSS=NC=C2,-4.82,augment
4025,CCNC=CC=CC=CCC=O,-3.43,augment
4026,CCCCNC(CCCC)CC=CN1C=CC=CC=CC=C1CCC,-3.01,augment
4027,CCN=C1CC[NH1+1]CC=NC=C2NC(C)(F)C=CCNC=CC2C1,-4.8,augment
4028,C1=CN=CNC(=O)CC2=CC=C1C=C2C,-4.24,augment
4029,CCOC(=O)[C@@H1](C)C=CN[C@H1](C)C(C)CCC=CC=CC=CCC,0.0,augment
4030,CC(N)CCC(=O)CCC[C@H1]1CCNC1C2[NH1+1]CCCC(Cl)C=CCOC=C2N=N,0.0,augment
4031,CC([C@H1])OCOOCC(O)[C@@H1]=CC=CC=CC(OC)[C@@H1]CCOC,-2.1,augment
4032,C[C@@H1](CC=O)[C@@H1]1[C@@H1]COCCCC(C)CC#CC=C1,-4.79,augment
4033,COC=CC=CSC(=O)CCNSCCC=CC(S)C=NN(N)C1CCOC1C=C,-1.7,augment
4034,C1C2=CCC(/C=CC(=O)C=C1C=CC=CC(C)C=C=C2)C=C,-5.05,augment
4035,CCCCCCCCCNC=CC1(CC)CN1C2C(C)C2,-2.71,augment
4036,C1C=CN(C=O)N1CCC23CC=NC2CN3,-4.51,augment
4037,C=CCCCN1N(NCCNC=CC=C=C[N+1])C=C1C(CCC=CC=CC2=C)CC2,-3.72,augment
4038,COC(=O)CC(=O)CCC=CC=CC=C=O,-4.0,augment
4039,C1OC2CCNCCCN1C=CNCC3CNN(C)C3CC4C=C4C=C2,-4.7,augment
4040,C=CC1C[C@@H1](C)CC1(N)C=O,-3.26,augment
4041,CNCCNCCCC(C)CCCCCC1CCSCC1C=O,-1.87,augment
4042,COC[C@@H1]C=NCC(=O)C(C#CF)=C,-2.47,augment
4043,CC=CC=CC(NCCC1CCNC=C1C=NC=CC)=CC=CCCF,-3.8,augment
4044,NC=CC=C1C=CN=NCN[C@H1][C@H1]C=CC1=C,-4.65,augment
4045,C1C[C@H1](N)N(O)C1=O,-3.69,augment
4046,C1CCC=C(CNCC=CC=NN2NC)SC=CC=CC=C(C)C=CC21,-5.05,augment
4047,COC=CC=C/C(=N)N=C(C)C1=CC=NN(C=CC2(C3)C=C31)C=C2CC,-5.14,augment
4048,CCOC(C1[NH2+1]CCNC=CC=C(F)SC=CN=CCCC=O)C1,-3.4,augment
4049,COC=CC=CC[C@@H1](O)NCOC(=O)C=CC=CF,-2.98,augment
4050,COC=C1C(CC=[C@H1])CNCCCCC2C=C2SC=C1C=N,-4.21,augment
4051,CC1CCC=C=C1,-2.89,augment
4052,C#CCN=CCNC([C@@H1])CC1CC[C@H1]C(C2)C=C2C=C1,-4.57,augment
4053,CCCNC1=CCCN1NOC=CCCl,-3.45,augment
4054,C[C@@H1]C[C@H1]OCCCCCC(CC1=O)CCC1,-3.6,augment
4055,COC=CC=NC(=C)/C=C=NCNC(C)=CC=CS1CC[NH1]C=C1C=CC=COC,-4.94,augment
4056,C[C@H1]C(C)CC1C=C1CCCCC=O,-3.39,augment
4057,C1C=CC(C)C(C[C@H1]C=NCC=C(C)C=CCF)SC1=C,-3.5,augment
4058,CCN=NNC(=C)C#CS(C)C=C1C2C=C(C(C)C=C2)CCNO[NH1]1,-5.07,augment
4059,COC(=O)CNC=CCS(=O)NC=NN(C=CCCSN(O)N)C1OC=CC=C1,-2.52,augment
4060,C[C@H1]CSNCCCS(C)=CC=O,-3.38,augment
4061,C[NH1+1]C=CNOC(O)C=O,-2.72,augment
4062,CCOC=CCCCNCCNNC(C1=O)=CC1,-2.33,augment
4063,C=CCCC12CC=C2NCCCC(=C)C=CC=C1,-4.18,augment
4064,CC1(C)OC(C)CC(C(C)=C)NC(C2)=C2C=CC1,-4.53,augment
4065,C1C=CC=C1NCNC(C)C(=C)CC=CC=O,-4.5,augment
4066,CC(C)C1=C=C1CCNC(=O)N[C@@H1]2CON[C@@H1]2CCCCCN3CC3,-3.17,augment
4067,C=C(COCCC=CCCC=NC=CC=CC=CC=CN)COCCN=N,-2.92,augment
4068,CC1=C(CC)CC(C=C(N)C(CN1)CCNC=CNC)CC2C#C2,-3.46,augment
4069,O=CC1NC=C(OC=CC=C2C(C)C1N2)CCC=CC,-3.89,augment
4070,C=S([C@H1])(C)CC1=CC(=C)C(=C1C=O)C=CC=O,-4.4,augment
4071,C1C(N1C=O)CC(CCNC=O)N2CC2=CC=C,-3.64,augment
4072,C1C[C@@H1](N)[C@H1]1CC(O)[C@@H1]COCCl,-2.4,augment
4073,CC(C=CC=CCCC1C2CCNC=C2CCCC=C3C=O)N=NC3C1,-4.9,augment
4074,CC(CSC=CC(C)CC)SC=NC=O,-3.18,augment
4075,C1CNC=CC=CS(C)C=C(NC)C(C)NC=NC=C2C=C1CC2=C,-4.76,augment
4076,CCN=NNC=C(N)C=CC(C)=C=C,-3.91,augment
4077,C12CS3=C=C[C@@H1]1NC=NC=C=CC=CC=CC(=O)CCOC2OC3,-5.38,augment
4078,CCCC=CC1CSCNC(C2)CC=NC=C2CCCC1C,-4.88,augment
4079,C1#CCCCNC=C1C2C=C2,-3.63,augment
4080,COCCC[C@@H1]CCCC=CC=CC=C(C1)N=CCS1C=O,-3.99,augment
4081,O=C(C)CCCCC1(N)C(=O)[C@H1](C)C1C=CCC=C,0.0,augment
4082,C[C@H1](CO)C=CC1C#C1,0.0,augment
4083,CCNC=C(C=C(CCC1[C@H1]=[C@@H1])CC1CC=C2CF)CC=C2CF,-3.89,augment
4084,CC[C@H1](OC1C)C2=CCC1C2(N3CCCC)C3O,-3.84,augment
4085,CNC=CC(C1=CCC(=O)CC=CN)CC1O,-4.56,augment
4086,CC=CC=C[C@H1]NC(C)N[C@H1][C@H1]CCC1CC1C,-4.1,augment
4087,CCC=C=O,-2.9,augment
4088,CCCCC(C(C)C1(C)C)CC1C=O,-3.45,augment
4089,CCC[C@H1]C(COC=O)C1=CC2=CC=CC=C2C=CN=C1,-4.18,augment
4090,CC[C@H1]C1(CCCC=CC=C1C)CC(=N)C=CC=O,-4.27,augment
4091,COC=C1C=C1CCC(=O)CCCCC2=CC2NCC[C@@H1](C)C,-2.69,augment
4092,COC=CC=CC(N)CCNC(=O)CC(CCCC(C)O)CC#C,-2.56,augment
4093,COC(C1)OCNCCC=C(C)CC(C)=C1C[C@@H1]C,-3.81,augment
4094,CCC=CCC(=O)CC1(C)CCC2=C(C)C=C2CCC1=O,-4.22,augment
4095,CCCC[C@@H1](CC=C1C=NCC)CC1CN=N,-3.73,augment
4096,C=CCNCOC=CCC=CC=CC(C)CC,-3.28,augment
4097,CC=NC=CC=C=O,-3.44,augment
4098,CCCCNCC=CC1=CCCCC1C=O,-3.96,augment
4099,O=C(NCC=CC1S)CC(CNC(=O)CC1C)CCCC,-4.14,augment
4100,C=[C@H1]CC(=O)N=CC1C=C1O,-3.56,augment
4101,C[C@H1](NC(=O)NC(=O)C=CC=CC)C=CC,0.0,augment
4102,C#CCCC1CC(C)N1CCl,-2.5,augment
4103,C1C(C)CC2=C1C(CC=O)C(C)(C)CC2COC,-4.12,augment
4104,CCOC(C)=C1N(CS[C@@H1]SCCC(=O)CC[C@@H1]1C(C)CCCC)OCC,-3.5,augment
4105,CCN=NCC[C@](C)=CC(=O)C(C)NCCOC(C)OC=O,-1.99,augment
4106,O=C(C[NH1+1]CF)C1=CC1CCC=C,-2.81,augment
4107,CC1CCC(C)([C@H1])CCC([C@H1])C[NH1+1]CCC(C)CC1C,-4.9,augment
4108,CC(C)(C)C(=O)C=O,-2.84,augment
4109,CCOC=CC=CC[C@@H1][C@@H1](S)C=[C@@H1]C=CNC1CC=CC=C1,-3.68,augment
4110,C1C[C@@H1]C(=C)CCCC(C(C)CC=C/CNN=CCCCC1NCC)O,-5.06,augment
4111,CCCCC(=C)C[C@H1](O)NC[C@@H1]CCCNC(C1)C=C1[O-1],-2.44,augment
4112,C1=C(C=C(O)C=CCN)C(=N)C=C1C=CC#C,-3.71,augment
4113,CCC=CC(C1)=C1CCCC,-2.69,augment
4114,CCONCCNC=CC=CC(=O)N1CCOC1C,-3.99,augment
4115,C1CCCC(C2)[C@@H1]C(=O)C2C=C1N(C)C3C=C3,-4.14,augment
4116,C=1CC=CC(=C)C(CO)C=CNS=NN[C@H1](C)C=1CC=CCC,0.0,augment
4117,C=1CNC(CCC=O)C=1C,-3.86,augment
4118,O=C([O-1])NC=CC=CC(C)C=O,-4.08,augment
4119,CC(N)C=NC=O,-2.96,augment
4120,NCC=NNN/C#CCCNC=NC=CC(=C)C=CF,-3.33,augment
4121,CCC=CC(SN1CC=CC(C)[NH1+1]NCC2C1)C(OC)=C2,-4.07,augment
4122,C1CCCC1(C=CC=CC=C(N)N[C@H1]SCC[C@@H1])CC,-4.2,augment
4123,CCOCCNCC[NH1+1]CCCNCCC=CC(F)NC=CN=NNC=NC,-1.22,augment
4124,C1[C@@H1]2C[C@H1](CCC=C2CCNCCC=C[NH1]C=C)C=C1CC,-4.06,augment
4125,CC1CC[C@H1](C)C(N)S(C)=CC=C1,0.0,augment
4126,O=C(C)C=CN=CC=C(N)CCNC[C@@H1](C)C=C1NC1C,-4.53,augment
4127,O=C(CC)C=C1C=C1S2CC(N=CCC)CC=CC(NC)C2,-4.53,augment
4128,O=CCC[C@@H1]OC1=CCOC=C1NC=C,-3.01,augment
4129,C1#CC[C@@H1]C2=CN=C1N=C2CNC3=CC=C(C3)CC=C,-3.81,augment
4130,O=C(C=CC=NNC(CC)NNOC=CC1CC1(F)F)CC=CC=C,-3.69,augment
4131,CCOC=NC[NH1+1]([NH1+1])CCC(C)CC=CC=CC=CC(C=O)OCC,-2.42,augment
4132,C#CC=C=NC/C(NC=NC1=O)=C1NC=CC=C,-3.32,augment
4133,CCC=CNN=CCCNS(C)[C@@H1]C=NC=C1C(CCCC)[C@H1]1C,-3.41,augment
4134,C=C1C=CC=C(C=CC1C2)CC=CC=C2,-5.0,augment
4135,CC1OC(C)C1CC[C@@H1]C=CC=O,-3.7,augment
4136,CCOC=O,-2.11,augment
4137,CC=CC=CCN1C=CCS1C2=C(CNC[C@@H1]2)C(=O)CCC,-4.22,augment
4138,CCNC=C(C)CC=CC(C)CCC=CC#N,-2.39,augment
4139,CC=CC1=CC(C)=CC=C1CC(C)(C)C=O,-3.86,augment
4140,C12C=CC(CC3C=C3C=CCC4=C)C=C1CC24COC=C,-4.45,augment
4141,COCC1CC(=O)C=CC=CC2=CC=C1C(C)CNN2C(C3)C3=C=C=C,-5.36,augment
4142,CCC=CC=CCCCC[C@H1]C(=O)NC(C=CC=CC=C(S(C)C)C=O)=N,-4.28,augment
4143,CC1[C@H1]CCN1COC=CC=CN2C=NC=CC=CC=CC=CSCNCO2,-4.88,augment
4144,COC=CC=CNC(=O)C=O,-3.21,augment
4145,C=C(CNC=CC=CCC)OC(C=CN=O)=C,-3.72,augment
4146,C=CC=C(C1=CC=CC2=C(O)C=C2COC)CC=CC=CC1,-4.69,augment
4147,COC=CCC[NH1+1](NC(=O)C1=CCC=CC=CC2C#CCC=C12)C,-4.2,augment
4148,C[C@H1](C=CC1OC=CC=C1COC=O)C#C,0.0,augment
4149,COCCCC(C)CC=CC(Cl)CCl,-2.72,augment
4150,COC=CC=O,-2.4,augment
4151,O=S(=O)C1=C=NCS1CNC=CCCCC2C=C2,-3.92,augment
4152,CCNC(=O)CC=O,-2.67,augment
4153,CCC=CC=CC(NC(=S)N1N([NH1+1])CCC1C)=CCNSNC(O)C,-1.99,augment
4154,CCCC(C(C)C)C=CC([NH1+1])CC=CC(C)NC=O,-2.96,augment
4155,C12CSC=CN(C=C1NCNC(=O)CCCCCCCC=CC)CCC=CC=C2C,-4.57,augment
4156,C=C(N)CCCC(CCCC)CCC(CO)CCCSC,-2.64,augment
4157,CC(C)C(C)CC[NH2+1]CCC=CCCNCC,-3.1,augment
4158,COC=CC=N,-2.5,augment
4159,C[C@H1](C=CC=CC=C1C(=C)C)CC2C=CCCC2CC=CC1,-5.21,augment
4160,CC(N)C=CC=C(C)NC(=O)NCCN1NCNCCCCCC1C,-5.03,augment
4161,CCN=C(C)C(C)(C)C=CCOC=C(C)CCN1C=C1C,-3.25,augment
4162,C1CCCCC(N=NC=CC)=CCSC(O)C=C(C(C)OCC2=C)C=CC=C21,-5.33,augment
4163,COC[C@@H1]C=O,-2.32,augment
4164,CCCC[C@@H1]OC(N1)C1=C,-3.32,augment
4165,CCC=C(C)CN=C(F)N=C(C=CCC=NC=CC=O)Cl,-3.71,augment
4166,CCC=CNC1=CS1NCCCCCCC=NC=CC=O,-2.76,augment
4167,CCC=C1SCC[NH1+1](O)C[C@H1]CNC=CC=C(C)C1S(C)C,-3.92,augment
4168,COC[C@@H1]C=O,-2.3,augment
4169,O=C(NCCC=C=CC(F)=CC1C2C1N)C3=CCC=CC32,-5.35,augment
4170,C1C2=CC=C2NC[C@@H1]1C(=O)CC=COCNC=CC=CC=CC=O,0.0,augment
4171,CCCNC(S)C1CC1=C,-3.37,augment
4172,CC(C[C@H1]CNC(=O)NC(O)[C@H1]C)NC=CCN(CCC=C)OCCO,-0.92,augment
4173,C[C@H1](CCC#CC(C1)C)C(N)C(=O)C=NC1,-3.74,augment
4174,CC=CC=CC=O,-3.26,augment
4175,CCCC(=O)CCC1SCCN1OCCC,-2.54,augment
4176,CCS(C=O)C=CC=C(C/C(=C)N1CN1C)C(OC)CC=CC=C2C#C2,-3.26,augment
4177,C1CN1C=O,-2.57,augment
4178,CCNCC(C)C1CCSCN1C=O,-2.9,augment
4179,CC=NC=CC#C,-2.65,augment
4180,C1[C@H1](C(C(=O)CF)=CC=C12)C2CC,0.0,augment
4181,CCC=CC=CN=C=O,-3.57,augment
4182,CCCC(C)[C@@H1]C1(N)CC=CC(=O)CC=NC=C[NH1]1,-4.06,augment
4183,C1C(O)C2=C1CC(C2CC)OCCC(C)C=CO,-3.84,augment
4184,CSCCN(C)C=O,-2.67,augment
4185,CC=CC=CCCCNC=CC(C)CC=CNCCNC=NC=O,-2.39,augment
4186,C1SC=CC1=O,-3.08,augment
4187,C[C@@H1]C=CCC(=O)OCC1C(=O)C(C)C1(O)C#CC,-2.91,augment
4188,C1=CCCC=C1C(C)CCCC=CC=CC2(C3)OCC32CC,-4.42,augment
4189,CCCCCC(=CN)C=NCCC(CCCCC)=C,-2.71,augment
4190,C1CCC=CC2C=C2C=N1,-3.65,augment
4191,C=CCCC(N)NC(C1)C2C1CNCOCNC=CCC3C=C23,-4.08,augment
4192,C1CC2[C@H1]=NN1C=C3C(C)(C)C=C3C2NNC4CC4NON=C,-4.1,augment
4193,O=CCN/CNC=CC=CC=C1NC=CC=N[C@@H1](C2)CC2CCC=C1Cl,0.0,augment
4194,CCC=CC=CNCOC=O,-2.93,augment
4195,C1CC=CCC(OCCCCCC(C=O)CCCOCC)C=C1CC,-3.19,augment
4196,CCC(=N)CN=C=CCC(CN)CNC[NH1+1](C=1)CCOC=1CC=NCC(C)O,-0.57,augment
4197,C123CN=C=N[C@@H1]1C=C2CC[NH1]3,-4.21,augment
4198,CCOC(C)N1C2=CNC1CC2C(C)CC,-3.06,augment
4199,COC=CN=CC1CCC=CC=CNC(=O)CC=C(CNN1C)CC,-4.4,augment
4200,C#CCC[C@@H1](C1)C=CC=C1CCC=O,-4.14,augment
4201,CCOC=CC(C(=O)C(=N)NCCl)CC=CC#C,-2.91,augment
4202,N#CO/C=CC=C[NH1]C(C)(C)SCCC=O,-2.93,augment
4203,CCCCCC(C)[C@@H1]([NH3+1])C=NC=CC=C1C=CCC=CC1,-3.57,augment
4204,CCCC1(CNCCC=C1C(C)C=O)CC=CC=CNC=CC=CC=O,-5.08,augment
4205,CCOC(C)C=O,-2.59,augment
4206,CC(C=CC1=CNC2SC=CC1[C@H1]3CCNC[C@@H1]CC=CCCF)C32,0.0,augment
4207,C1COC(CCC=C1[C@@H1](C)C2CC3=CC4=C2)C=C43,-4.6,augment
4208,CCC(CCC1OC=CCC1C)=CC=C(O)C(O)CC,-3.8,augment
4209,C[NH1+1]OCNC([C@@H1]1)(C)C=CC=C1CN=NN=O,-4.41,augment
4210,C[C@H1]C(=O)NC(C)C=CCCS(=O)=CSCCC=CCl,-3.03,augment
4211,CC(C)=CC=CC(C)C=CC(OC)(O)C=O,-2.98,augment
4212,C12C[C@@H1](C[C@@H1]=C1CC2=O)C=CCN(CNC(C=NC=CC)=C)NC,0.0,augment
4213,C1CO[C@@H1]1CNCCN2SCC=C2CCC(NC)CC=CC=CC=C,-2.49,augment
4214,NC=NC=CC[C@@H1](C(=O)[O-1])CC=NC(Cl)CC,-3.49,augment
4215,C1COC1,-2.31,augment
4216,C1OC(=N)C=C1C(N)(C2)CC2NNCCCC=C3C4=CCC=C43,-4.77,augment
4217,CCCN(C=CN=C(CCC1=O)NCCCC)CC=C(N)C1=C,-3.85,augment
4218,CC=CC=CC(=C)N=CC=CC=O,-3.7,augment
4219,CC(=O)N1C=CCC=NC=C1C[C@@H1]CCNC=O,-3.55,augment
4220,[NH3+1]CC=CC=CC=CCC#C,-2.98,augment
4221,C=C(C)COC=CN[C@H1](C)CCC(CCNCC1)C=C1OS2CC2=C,-3.66,augment
4222,CCC(C)CCC#C,-2.21,augment
4223,NC=NC(C)CCC(C)CCNC(C)=CC=CNSCCNNCC=C,-1.71,augment
4224,O[C@@H1](C)[C@@H1]C=CC(C1=NC=CC2=CCCC=CC)CC=C12,-4.74,augment
4225,CC[C@H1]CCNC(=O)[C@H1](O)NC(=O)C=CC=CNC=CC=CCCCCCC,0.0,augment
4226,CCS(C)N=CC,-3.09,augment
4227,CC(C)=NC#CCl,-3.16,augment
4228,C1COC(C)=C1C(CCC)N(OCCCNC=CC2=C=S)O2,-4.21,augment
4229,CCCCCCCN=C(C)SCC(C)CNC=NNSCNCCC=CC=C=C,-3.88,augment
4230,CCOCCCCCNC(C[C@H1]1CCCC)C1C[NH3+1],-1.5,augment
4231,COC=[C@@H1]CCCCCCCC=NC=CSCOC,-2.25,augment
4232,CC[C@H1](C1)COC=CN1CCOCC=C2SC=CC=C2C=CC=C[O-1],-4.31,augment
4233,C=1CCC(C(=O)NC=O)CONNN=1,-4.49,augment
4234,O=CNC=NC=CC=C(C)COCF,-3.17,augment
4235,C=CCC1CCCCCN[C@@H1]=CC(CC=CC=CC=CC=CSC)OCCC1,-5.4,augment
4236,COCC1=C=C(NNC=NC[C@@H1](O)NC(OC)=C2C=C)CCS2COC=C1,-3.89,augment
4237,C1CN(CCSCCC=CC=CC=CCC=NC=O)S1,-3.45,augment
4238,CC(=O)C=CC(N1)=C1Cl,-4.07,augment
4239,CCOC(C=CC=CCCNC=CC1N)C(=C)C=C1C=CC=O,-3.9,augment
4240,CC=CN=CC=COCC(=O)N=C1C(=O)CCC1(C)C2C=C2,-3.93,augment
4241,C1[C@H1]OC[C@@H1]1N2[C@H1]CC3C2C=CC=C3[NH1]S=NCC4=CC=CC4,-4.63,augment
4242,COC=CN=CC=O,-2.6,augment
4243,CCOC=CC1=CC(N)C1O,-3.23,augment
4244,C1OC1=O,-2.49,augment
4245,COC(=O)C[C@@H1](C)C=CSC(C)C1=C[NH1]1,-3.08,augment
4246,C12[C@H1]C[C@@H1]C[C@@H1]1N[C@@H1](CCC=CCCCCC)CC=CC3=CC=CC=C32,-5.16,augment
4247,C=1CC=C[C@H1](C=C)C(=O)CSCC(C)(C)C=CSSCCC=1CC,0.0,augment
4248,CCOC1CNCCOC(=O)NCC1C=CCOC,-3.23,augment
4249,COC1=CC(C(=O)CN=CSCCN1CC=CC=C)C(C)OCCCC=C,-3.12,augment
4250,CC[NH1+1]CC(C)[C@H1]C=O,-2.88,augment
4251,C#C[NH1]C[C@H1]NC=O,-2.92,augment
4252,N#CC=C(COCC#CNC=NC1)CC=CC=C1C(=O)C2C=CC2,-5.09,augment
4253,C[C@H1]C=CCSSNC(=O)N(C=CC=CC=O)OC=CCl,-3.56,augment
4254,CCCC=CC(CNCN1NCNC(C)CCCC2C1)C=CS2,-4.48,augment
4255,CN[C@H1](O)NS[C@H1]CCNCC(C)C=O,-0.7,augment
4256,COC=NC1(C#N)CCCC=CC(C2)C1C2=NC(C)S,-3.2,augment
4257,CCCN(C=C1C=C1OC(=O)CC)C=CNCCCC(C)C,-3.29,augment
4258,O=CC(=C)C=C(F)CCOC=CC(C)C1=CC(C)C1C=CC=CC,-4.3,augment
4259,CCN1N(CCC=O)OC=CC(=O)C1C,-3.55,augment
4260,CC=CC=CC=CC(=O)CC#C,-3.66,augment
4261,CCC1[NH2+1]CC(C2)(CCl)CC2ONC1C=CC,-4.32,augment
4262,CCNCSC=O,-2.36,augment
4263,C1C=CCCS12C(=O)N=C(C2)C=C=O,-5.06,augment
4264,CCC1CC=CC=C1C=SCNC=CNC2CC=CCS2C=C3C=NOC3CCC,-4.49,augment
4265,CCNCNCSCC=CC=CNC(C)C1CCN=C1COC(C)=COCCCC,-2.79,augment
4266,CC=CS=C(CNC=C1)C=C1C2=CCOCSCCC(C)OC=CC=CN=C2,-5.43,augment
4267,CCC=C(C)CC1(C[NH1+1](C)CCC)NC=CC(C)=C1,-3.84,augment
4268,C1CC[C@@H1]C(C(C)NCC[NH1+1](C)C=CCC)(C)C=CCC1,-3.24,augment
4269,C1C(=O)N=CC=C(S)C=CC(C)C1(C)F,-3.97,augment
4270,CNC[NH2+1]CC(=C)C=C(CC)CC=NC=O,-2.09,augment
4271,CC(C)[C@@H1](C=C1C=C1SCCC=O)C=CCCC(=O)NC=CCC,-3.66,augment
4272,CC[C@H1]CCCNS(=O)C=CC=C(SC=NN=O)COC=C=N,-1.53,augment
4273,C1[C@@H1]CC=CC=NCN=C1C=NC=C=C,-4.13,augment
4274,C1OC=CC=C1C=CC(O)NNC(=O)N2C(C3)=CC=C2CC=C3CCC#C,-4.38,augment
4275,COC=CC=CCNC(=O)C=CC1=CC(=C)C=C1C=O,-4.19,augment
4276,CCC=N[NH1+1](C)CCNN,-2.72,augment
4277,C1N(C)CC2=CC=C(C)C21C=CC=O,-4.46,augment
4278,CC1(Cl)COC(=C)N1NCSCSC(O)[O-1],-2.29,augment
4279,CCCCCCNCCCOC=O,-1.49,augment
4280,CC(C)CCC=C,-2.39,augment
4281,C=C(N)CC(=O)C=CC(=O)NCCCC=O,-3.29,augment
4282,C12C3C(C1N2C=O)C=CC(O)C=CC=C3C=CC=CC,-4.76,augment
4283,C1C=CC=C(N1C=O)C,-3.27,augment
4284,CCC=CC=CN(OC)C=O,-3.3,augment
4285,CCCC=CCC=C(CN1CCC2)CC1C(C)CCC2,-4.02,augment
4286,CC=CC1=CC2N=C2CC3=C1C=C4C(=O)CNCCCC(O)CC4C3,-5.01,augment
4287,CC(C)NC=CNC(C#N)CCNC=NC=O,-2.56,augment
4288,COC(=O)C=O,-2.5,augment
4289,C1[C@H1]CC(C)=C2C=CSC2CC=C=CC=CC(CCC[C@@H1]CC=C=C3C=C3O1)O,-5.89,augment
4290,C1CCCCNC(C)CC=2C=C1CC=2CC(F)CC=C,-3.81,augment
4291,CS[NH1+1]CCOC(=O)CC=CC[C@H1]CNCC[C@@H1](C)CCCCCCC,-0.49,augment
4292,CC(C)NC(C(SC)CC=CC=CC=C)=O,-3.28,augment
4293,C=CCCNCNSC=NN[C@H1](O)C=CC=C[NH1][NH1]C1=CC=CC=N1,0.0,augment
4294,C1[C@@H1](C2)CCC(CC)C=C21,0.0,augment
4295,C1[C@H1]OC1(C[C@@H1](NN)C(=O)N[C@@H1]C2CCCC)CC=C2[NH1+1]OC=O,0.0,augment
4296,OOC(=C)[C@H1](CC)C(C1)NC=CCCC=CC=CC=N1,0.0,augment
4297,CC=CC=C(C=NN(C1=O)C2CC=CNC#CN=C1C)C2CO,-4.51,augment
4298,CSCCC[C@@H1]NCCNCCC(C)ON(C)CCC=CC=CC1=NN1,-1.35,augment
4299,C1C=NC=CCOC=C(O)NC=C2CC=CC=C2C(C3=O)N3CC=C1,-5.54,augment
4300,CONC1[C@@H1](CN)C2C=C2N=CN=CC=CSC(Br)C=C1CCC=C,0.0,augment
4301,O=CNC(C)CCl,-2.77,augment
4302,CC(=O)N=C(N)CCCCNC=CNC(O)CCCC,-2.37,augment
4303,COC=CC=C(CC)C(N)CNC(C)[C@@H1]CCC=[C@@H1]CCCCOCCOC,-0.67,augment
4304,C12C(C)N1CCC(=O)C=CC3=CN4C=CC=CCC=CC4C5=C3C52,-5.24,augment
4305,CC1=CC=CC=C1C=CC=CCSCCNNC(=N)C2=C3CC=C2C=C3,-3.96,augment
4306,COC(=O)C(C)NCCCNC(N)[C@@H1](C)CC1CC=CC=N1,-1.79,augment
4307,COC1=CC=CC=C1C=O,-3.21,augment
4308,C[C@@H1]CNCCN([NH1])CCCCCNC(C)C1=C(C)CCC1,-1.53,augment
4309,C1CN(CC)C(=O)C=CC2=C[C@@H1]=CC=C2C1(C)CC=C,-4.42,augment
4310,C12OC[C@@H1]1CC(=O)C=C2CC(C(C)C)NCC,-3.48,augment
4311,CSC1=NC=CC=C1COC(C)NN=C(C2)C3CC=C2COC=C3C=NN,-4.08,augment
4312,C[C@@H1]C(C)C(=O)C=C=CC=CC=C(C=O)CC=CC=C(C)C,-3.85,augment
4313,CCC(CC)CCNC[C@H1]CCCC1=CCS2(=O)N1CC=C2C,-2.97,augment
4314,CNC=CC(C1=O)CC(=O)CC([NH1+1])CCC[C@H1]C=C1C=CC,-3.78,augment
4315,CC=CC#CC,-2.34,augment
4316,C[C@@H1]CCCCCCNC(=O)CCOC=CN=C(C)OCOC,-2.67,augment
4317,C1N(C)C[C@]1C[C@@H1]CC[O-1],-3.41,augment
4318,C[C@H1]CS(C)=C(C=CC=CC)CC=[NH1],-3.28,augment
4319,CC=CCC(=O)C1C=CNCSC2CCCC2C[NH1+1][C@H1](C)CC=C1,0.0,augment
4320,CC=NC(C1CC=C)C=C1NC=C,-3.07,augment
4321,CCOC=CCCCC(C=CN(C)C=O)C,-2.83,augment
4322,CCOCCOCNCCCSC(C)C1NC(Cl)C1=O,-0.68,augment
4323,CCCCC#C,-1.94,augment
4324,CC=CCCCC#CCOC=C,-2.29,augment
4325,CC(C)[C@@H1](CN(C=O)CCC)C=CC=N,-3.11,augment
4326,CC(=O)N=CC1=CN(C=C1O)CC[C@H1][C@@H1]C(=O)C=CCCC,-3.83,augment
4327,C12=C(NCC=CN=O)CC=CC=C1C=C2OC,-4.41,augment
4328,COC=CC=C(O)C=NC(C=CCC)=NC,-2.87,augment
4329,CC=CC=CCC1=CC=C2S=C1CC(=O)CCCCC(C)CS2C=CC,-4.59,augment
4330,C=1C(C)CCCC=C=1,-3.16,augment
4331,CC([O-1])NC[C@@H1]CC[C@H1]CCCOCC[C@H1]COC=CC1=CS1OCO,-0.74,augment
4332,C1COC(C)=C=C1C=C(N)NCCSN(CCCN2C(C)CC=C)CCOC2,-2.89,augment
4333,COC=CCCCNC(C)[NH2+1]CCCC1C=C[NH1]C1,-2.35,augment
4334,CCC=NC=CNC(O1)C=CC=CNC=CCS1(N)=O,-4.2,augment
4335,CC=CCC=CC(=O)N1CC=C(C)C1OCNCC2CC2(C)CC,-3.46,augment
4336,C1C[C@@H1](C)N1C(=C)C(C)CC(C)=CC(C)CC,-3.59,augment
4337,C[C@@H1](C)CC(CCC[NH1+1])(C)CCCC,-2.61,augment
4338,CCCOC([NH1+1])CCCNC(=O)CNC1CCC=C1,-1.43,augment
4339,C1C[C@H1]1CNC=CC=CC=CC=O,-3.7,augment
4340,CCC=CC=C(/C=NCC=CC=O)C1=C=N1,-3.34,augment
4341,CCCCC1OC=CC=C1CCNC[C@@H1]NCCN(N)COCCC=CC=N,-0.25,augment
4342,CCCCCCCCNCC=CC(O)C(=O)C1=CC=CNCSC=CCC=NC=C1,-4.29,augment
4343,CC([C@@H1])CC[C@@H1]=CCNC(=O)[C@H1]([NH1+1])C1OC1=O,-3.58,augment
4344,COC1=CC=CC=C1CCC=CC=CC2=C(C=CN2C3=O)CC(C)C=C3C,-5.38,augment
4345,CCNN=C(C(=O)O)C1=CCC=CC1CNC=O,-3.09,augment
4346,CNC=C(C)CC(=O)C=C=CCC1(C)CCN1CCC,-3.42,augment
4347,CCOC=O,-2.11,augment
4348,CC1(CC=CN2C(C3)NC=O)CC1(C)C3CC2,-4.57,augment
4349,CC=NC=CC(NC(C)C1=NC1(C)CCO)C(C=N2)C2=N,-3.69,augment
4350,OC(=O)N(C)CC=CC(C)CCC1S=C1C[C@@H1]CCSCC,-2.87,augment
4351,CC(C)(C)C(=O)C[C@@H1]C=NC=CC=O,-3.29,augment
4352,CCCCCCCC(C)NCNC(CCC=CC=CNCO)C=C,-2.81,augment
4353,CC=CC=CCCCOCC[C@H1]CCCCSCONCF,-2.26,augment
4354,CCNC=CCCCNCCCC(=C1)C(N)CS1=NC,-2.57,augment
4355,COCCC[C@H1](C)[C@@H1](C)CC=C1NCCCC1C=O,0.0,augment
4356,CC[C@@H1](CC)CC=O,-3.0,augment
4357,C1C(C)[C@@H1]1SCCCC=O,-3.34,augment
4358,C1COC1=O,-2.99,augment
4359,CCC=CCCCC(C)N=C(CC)CN[C@H1](C)CCOC,-2.13,augment
4360,CNC(C(=O)CC=CC=O)NC=CC=CC=C=NC,-3.29,augment
4361,CC1CCCN=N1,-3.31,augment
4362,CCC=CCCC=CCCCCCC=O,-3.33,augment
4363,COC(=O)C=CC=CC(=O)NCCC=C[C@](C)C(=O)[O-1],-4.06,augment
4364,CC=CC=CC(=C1)[C@@H1](C)C[C@H1]C=CC1CC#N,-4.34,augment
4365,CCC=CNC(C)OC=CC=C1C(C=CC1CCC[C@@H1])CC,-3.99,augment
4366,C[NH2+1]CCC=CC(C=CNC)F,-2.71,augment
4367,CNC=CC=CCC=CC=CC(C)C#CCC1=CC=CCC1,-4.17,augment
4368,CCC=CC(CCOCCC=O)C=CC=CF,-2.77,augment
4369,CCSCCC1=NN1CCOC(=O)NC(C[NH1+1]CCCC=O)C,-1.0,augment
4370,C[C@H1]C=CN(COCC1C=C1CCC2=O)CC=N2,-4.59,augment
4371,C1C(C)C=C1CNC(=O)CCCC,-3.37,augment
4372,CC[C@@H1]CCC=NNC=CC=CC=C(CC1OC2C1=O)NC=C2,-4.23,augment
4373,N#C[NH2+1]SNNCOCCCCCO[NH1+1](C1=CC=CC=C1CO)C2=C=C2,0.0,augment
4374,C1C(=C)C=CC=CC=CC=C1N,-3.94,augment
4375,COCCC[C@H1]([NH2+1]C)[NH1+1]NC[NH3+1],-0.26,augment
4376,C1C=NC=C=C(CCC(NNC=O)C)C1=O,-3.53,augment
4377,CC=NC(C1CC=CC=C1C)=CCCC2CN2SCOCCC=O,-4.16,augment
4378,C1CC=C1CSC(=O)C(O)C2C(=O)C=CC2CC=O,-3.02,augment
4379,CCSCC=NCCSCC=O,-2.46,augment
4380,CCOCCC=C=CN[C@@H1]CC=CC(=O)N1[C@H1][C@@H1]CC=CC=CC=C1F,-4.6,augment
4381,CC=NN(NCC(N)N=C)COCC(C)(O)O,-0.27,augment
4382,C[C@]1(CN(N=C=O)C=C1)C=CC(=O)C=CC=C(C=CC2=O)C2(O)C,0.0,augment
4383,C[C@H1](CS)CCNCCC(C)N=CCCOCC1=NCCN1C=O,0.0,augment
4384,CCC(C1CCC=O)=C1C#C,-3.12,augment
4385,CCCC=CC(C)C1=NC=CC1C,-3.42,augment
4386,CCCCCCC=CC[NH3+1],-2.65,augment
4387,COC=CC1=C(C=CC=C1C=CNCS)CCCC=O,-4.17,augment
4388,C[C@H1]CCCC[NH1+1]CF,-2.31,augment
4389,C[C@@H1]C(C=CC(N)C=N1)=CC(C=CC(C)CC1C)CC=O,-4.48,augment
4390,CC(C)CC1NC(C)CC12C(C)C(=O)C=CC=CC2CC,-4.35,augment
4391,C1C2CCC[C@@H1]2C[NH1+1](C3)[NH1+1]=C4CC314,-4.2,augment
4392,CC1(C)C(CC)CN1NC(=O)C=O,-4.25,augment
4393,C[C@H1]CNC(CC)CC=CC(S)CCCNNSC(O)=CC=C,-0.48,augment
4394,CC(C)OCC=O,-2.65,augment
4395,C1C=CC=CC(CC(=O)C(N2)C3=CCCCNN=CN)=C2C=CC=C31,-4.46,augment
4396,C[C@H1]N/C=CC=C(C)C(=C)CCF,-2.96,augment
4397,CC=CC=CC=CC=C(OC(=O)N(O)NCNC=CC=CN=CO)C=CC1CC1,-3.75,augment
4398,FC=CC1=CCC=C[NH1]1,-3.28,augment
4399,CCCCCC1C(C(C)NC1C=O)CCC2=C3S2=C3C=C,-3.61,augment
4400,C=CCN(CCC(C)N=C=NNC=CC=CC=CC=CCCC1C=C1)OO,-4.59,augment
4401,CCC=CC([C@H1](O)C=CC(CCC1=NC1)=C)C=C(C)C=C=C,0.0,augment
4402,C[C@@H1]CC[C@@H1]CCC=S[C@@H1](CN1CC=CC1CC)C=O,-3.53,augment
4403,C=CC[C@H1]1C[C@@H1](O)C1C[C@@H1](O)C=CCC=C(C=C(O)CCCCCC)C=CC#N,0.0,augment
4404,C1[NH1+1](COPC)CC=C1NCCCC2CC2C=CC=CC=C,-3.51,augment
4405,CC(C)[NH1]C(CCCNC(CCCCC=CO1)C1)C,-4.17,augment
4406,C=CCNC(C)CC=CN=CNNC1=CC=NC(C)(F)COC=CC=C1,-4.65,augment
4407,CCC=C(N)C(C)C=CC=O,-3.96,augment
4408,CCCCC(C(=O)C)=C=C=C(CC1C)CC(COC=C)C=CC1S(C2)C2,-4.6,augment
4409,CNC=CC=CC=N[C@H1](C[C@@H1])COC=CC1[NH1+1][C@@H1]CCC(=O)C1,0.0,augment
4410,C1[C@H1](O[C@@H1][C@@H1](O)C=CC2=C1C2=C)NCC=C,-3.83,augment
4411,CC(C1)C[C@H1](CC)C1CSCOC(=O)CC=CC=C,-3.3,augment
4412,O=C(CC1=CC=O)C=CC([C@H1])C2=NC(C)C=C12,-4.44,augment
4413,C=COC(C)(C)C(=C)N=CC=CC=CC=CC=CC1=CC=CC=C1O,-4.16,augment
4414,CC(=O)NNC(=O)C=O,-3.16,augment
4415,N#CC=CC=C(CCC1C=C)CC=C1,-3.78,augment
4416,CC(=O)NCCC=CC=C=CONC=CC(C)CC,-4.03,augment
4417,CCNCNCC=CCC1(C=O)C(C)C[C@@H1](C)CCCCO1,-3.06,augment
4418,CCCCC=CNCNC=O,-2.77,augment
4419,CCC=C(C)N(CC1)CC1C[C@H1]CCCC2=CC=CC=C2C=O,-3.35,augment
4420,C1[C@H1]2OC=C1NN2C=O,-3.26,augment
4421,C1C=CCCCN=C2C(O)C12CNC=CC=CCCC=NC,-3.94,augment
4422,C=C1C=CC=C1CN2C3CCN=C2C(=O)N(C=CCC4)C=C34,-4.38,augment
4423,CCC=CC1C=CC=CC=C(CN=CC=CC=C)CCC=C1,-4.85,augment
4424,CC([O-1])CC1COC=CC(C=NCCCC1N)C=2OC=2OCNCC,-3.39,augment
4425,[NH3+1]C(CCCC)CNC1=CCCCC=C1Br,-4.02,augment
4426,O=CC=CN=CC(CCC=CN=CCON[C@@H1]([C@@H1])CN)=NC=CO,-1.27,augment
4427,C[C@H1]CC(=O)[NH1+1]CCC1C(SC=O)NCCC=C=C=C1C,-4.0,augment
4428,CC(C)CCC1NC1[C@H1]C=NC=O,-3.61,augment
4429,CC(C)C=CC(C)CNCCC[C@H1]COC=CC(OC=C1C)=COC1CCC,-2.4,augment
4430,C12[C@@H1](NC=CC=O)NCN1C(N)C2C3CC3,-4.65,augment
4431,C1[NH1+1](C)C2N=C1C(C[NH1+1]3C=NC)CC2[C@@H1][C@H1](C)OCC=CCC=COC3,0.0,augment
4432,CC(=C)NC(N=CCON[C@H1]CC=CC=CC=CCSC=CC(=N)C=O)C=C,-3.84,augment
4433,CCCCC(C=O)CCC[C@@H1]CC[NH1+1](N)C(C)CCC=C,-1.56,augment
4434,C1OC=C(Cl)CN[C@H1](C(=O)N1C(C)(O)C=C)C,-3.32,augment
4435,CCC=[C@@H1]CCCC1CCC[C@H1](CCCC[C@@H1]N=O)CC=CCCC1,0.0,augment
4436,C1[C@H1]OC=CC(=CC)C(C)[C@@H1]1C=CC=O,-4.25,augment
4437,C1OC=CCC2C=C12,-3.08,augment
4438,C[C@H1]CN[C@@H1][C@@H1]CC[C@H1]C(=C)CCF,-2.04,augment
4439,CNCCC(C1)C=C1OC2NC=CC2CCC3=NN(O[NH1+1])C4CCCC4CCC=C3,-3.27,augment
4440,CC([NH2+1]CC=1CNC=CC2=CC=CSC=C2C=1)C=CC=CC,-5.17,augment
4441,CC=1N(Cl)CNN(CC2=O)N(CC=1)ON=C2CCC=C(C)C#C,-4.52,augment
4442,C1=C(C)CCNCC=C(NCC2C=CC=CC2=C)C1,-5.14,augment
4443,CC=NC=CC=NC1[C@H1](C=NC)O1,0.0,augment
4444,CNC=CCOC=CC1CNCSC=CCNC=C2C=C12,-4.41,augment
4445,CCNC=CC=O,-2.63,augment
4446,CCC=CCCCCOCCCNNCCCCCC(O)(O)C=C,-0.35,augment
4447,CC(C[NH1+1]CCC1(C)C(=N)N1)NCCCC[C@H1](C)C2C=N2,-1.19,augment
4448,C1CCC=C(OC)CS12[C@H1](N)C=C2CO,0.0,augment
4449,COC[C@H1]CC1CC([NH1+1])CC[C@@H1]C([C@@H1])CCC=[NH1+1]CC=CC=C1,-4.42,augment
4450,CC=CC=C(C[NH1+1]CCNCCCCC(O)CCCO)CSC,-0.51,augment
4451,C1COC2=CC=CC(N1C=CC=C(C2C)C3=C)C=CCC3CCO,-5.43,augment
4452,C1CNC=NC=C(CC)SCC[C@@H1]1OCCC,-3.52,augment
4453,CC=NC1=CC=CC(NC(C2)CC=CC=C2CC(N)(C)CC=CCCC)C1,-4.3,augment
4454,C[C@H1](NC(C1)C=O)CCCCC=C1,0.0,augment
4455,CCCC(NSOC=CCCC(=O)CC)C(N)C=CC(F)C=C,-3.39,augment
4456,O=CN=C1N(NC(=O)CF)CN=CNC1,-2.87,augment
4457,CCOCCC[C@H1]=CC=CN=CS(=O)CC=C1C=CC=CC1,-3.81,augment
4458,CC[NH2+1]C(COC=O)NC(C)(CCC=CC=CC1)C=C1C,-3.27,augment
4459,CC=CC(=O)C1(C)C=2NCN(C)CCCCC(O)C=2NC1,-4.22,augment
4460,CCCCCCC(=O)CCC=C(O1)C=N1,-3.91,augment
4461,C1#CC=NC(C=NNCC)CN1C(O)(C)C2C=C2CC3CC3O,-4.37,augment
4462,O=C(C)C=C=CS(O)S(=O)C1C2=CC=CC2C1=C,-4.38,augment
4463,CC(C=CC=CC=C/C=NOC[O-1])CC=C(C)CO,-4.07,augment
4464,C1=CC=C=C(C)C#C1,-3.3,augment
4465,O=[S@@](CCC=CC1=CC1)=NNCC=C(CCC=O)C=CC=CC=O,-4.29,augment
4466,OC1=C2N=NN=C(O)C(C)NC(=O)CC#CC2CS1,-3.79,augment
4467,C1CCC(C)CC=C(C=O)COCC=CC=CC=C1,-4.68,augment
4468,C[NH1+1](C)OC=NCCCNC(=O)C1=CC(C(CCC)=C12)C2,-3.16,augment
4469,C1=C(C)CCNCCCC=CC2(C)CCNC=CN=NCSC21NC=C,-4.77,augment
4470,CCCC=CC=CCNC=NCC1SCCC(=O)C=CCC=CC(Cl)=CC=CCO1,-5.75,augment
4471,CC=NC=C(C(=C)OC[C@H1]CCCC=C1NC1)CCC,-2.17,augment
4472,CCCNC=CC=NC[C@@H1]C1=CC=CC1N=[C@@H1]C,-3.38,augment
4473,C1[C@@H1]C=CCC=C1NC=CCF,-3.39,augment
4474,COCCCC[C@H1](C1[NH2+1])CCC2[NH1+1]1CC(=C)CCCC2,-3.32,augment
4475,CCNN(CONC)[C@@H1]CCNC[C@H1](COC1)C12CC2=NC,-1.07,augment
4476,C1C=C2C=C(S(C)C)CNCCC=C1ONN2CC=CC=CC,-4.3,augment
4477,O1C[C@@H1]1C=C(N)CC2OCC=C2,-3.65,augment
4478,CCC(C)CSCCNC(C=O)N(CC1)C1C=C,-2.48,augment
4479,CC(C=CC=CNNC(=O)C=O)(C1)CCCCC1,-4.3,augment
4480,COC(O)C=CCCCC(=O)CC=[C@@H1]CC=CNCC(C)NN=NC(C)C,-1.3,augment
4481,CCCC=CNC=NC=C1NCC=C1CC2CC2=O,-3.84,augment
4482,COC=CSC[NH1+1]C=NC1CC=NC1(C)CC=CF,-3.32,augment
4483,COC=CC(C(=O)CCC(C)CCCCNN1CC1C)OC,-1.98,augment
4484,CC=CC=C(C)C(CCCCCC=O)C(C)C,-3.23,augment
4485,O=C[C@H1]OCNNCSC=CCCC(=O)CCO[NH2+1]C=CC#C,0.0,augment
4486,COC=CC=C(CNC=NCC#CCCCC1NN=O)C=C1,-5.32,augment
4487,C1NC=NC1(NC)CCCC,-2.8,augment
4488,C[C@H1]C(=O)CC=CC=C(N(O)NC[C@H1][C@H1]CCC)CCSCNN=CC=NCCC,-1.08,augment
4489,CCC[C@@H1]1CNC(C)NC=NN(O)CCCC=CC1=O,-4.51,augment
4490,CNCOCCCC=CC(CCC1CCNC=N1)SC=O,-3.55,augment
4491,C=C(C(=O)CCC=NC=CC=CN=C)Cl,-3.93,augment
4492,C1CCNCCNC(=O)NC=CC=CC=C=CC(N)NCC=NN1,-4.51,augment
4493,C[C@H1]CCCN[C@H1][C@@H1]C1COCC12CC3CCC[C@@H1]C3(C4)C[C@@H1]2C=C4,-4.39,augment
4494,CC(=O)CN=[C@H1]OC,-2.5,augment
4495,CCNC1([C@@H1]2)[C@@H1](O)C1CCC(C=C)N2CCCC3CC3,-3.31,augment
4496,C=1C=CC=C=C=1,-2.54,augment
4497,CC[NH2+1]C=CCC=CC(CN)C(=O)CCCNSC=CC=CCCCC,-1.93,augment
4498,C1OCC2CC(O)CC=CC=C(Cl)CC2=C1,-4.13,augment
4499,C12CN=NC3=C1CC(C)=C32,-4.15,augment
4500,COCC(C)N=C=C,-2.47,augment
4501,O=C(CC=CC1=CC=CO[C@@H1]C=CC(=O)[C@@H1]C)CCCN1,-4.26,augment
4502,O=C(C[C@@H1](N)CC(C=CC=CC)C)NCC1C#C1,-3.57,augment
4503,CC=CC=CC=O,-3.26,augment
4504,O=C(C)[C@H1]C=C=NOC=O,-3.53,augment
4505,CCOC[C@H1]1[C@H1]SC[NH2+1]CC(=O)C=CC=CC#C1,-4.15,augment
4506,CC1[NH2+1]CCCNOC2C([C@H1])(C)CC=C2NC=N1,-4.43,augment
4507,CCSCCCN(CCSC)NC=C(C)NNCC=NN=O,-3.09,augment
4508,C[C@H1][C@H1]CCC[NH1+1]C=O,-2.64,augment
4509,C1=C2C=C3C=C=C(OC=NN=O)NC2C3C1,-4.94,augment
4510,OCOC=NC1N=C2C3C(O)CC=C2C=CS1CC3,-4.22,augment
4511,CC=CSCC(CCCC=O)CF,-2.91,augment
4512,COCCCNC(=O)CCCCCCC=O,-3.34,augment
4513,CCOCCC=CCCN1[C@H1]CNC=CC=CC(S)COON[C@@H1]C=C1,-4.38,augment
4514,C1SCCC(CCC=C(N)C12NC)CC2=O,-3.73,augment
4515,C1CN2C=C(N)C=NC3=C=NC(C)C3N=C2C=NCC=C1,-4.02,augment
4516,C1CN1C(=C)NCNC(C)CCCC(=O)NC=O,-2.88,augment
4517,C1C(C)C(=C)C=C2/C(C)N(C)N(CCC2C=CS1)C,-4.88,augment
4518,C[C@@H1]C(=O)[C@@H1]C[O-1],-2.88,augment
4519,CCN=CC=C1/C2C=NC#CN=C2CS(C)N1CC3=C=CCC=C3C,-4.76,augment
4520,CC=C=CC=CC1NCSC2(O)C#CC1C2CCCS,-3.24,augment
4521,COC(C)C=CC[C@@H1]CC[NH1+1]C1[C@H1]CCCC2CC(CC=CC)=CCC[C@H1]ON21,-3.88,augment
4522,C=CCNNC=CC=CCC=CN=CSC(C(=O)C(C)CC=NC[C@@H1](CCC1)N)C#C1,-5.67,augment
4523,C12C3C[C@H1]NCNC(=O)C(C)=C3C=CCN1CCC2,-4.74,augment
4524,COCCC(=O)C1NC(C)=C1CC(C=O)CP,-2.54,augment
4525,C1C=CC(C[C@H1]C(C)C(C)C(O)CCO)C=NC=CCC1,-4.62,augment
4526,C1OC(=O)NC=CN1NC(C)C(F)=C(CCC)N=CC=N,-3.38,augment
4527,CCCC1C=C(C=CC(O)C=N)C=C1C=CCF,-4.11,augment
4528,O=C(C)CCCCCCCCNS=C=CC1=CN=CCC1C,-4.52,augment
4529,CCOCCC(=O)C=CC(C)CC=C1CC1(C)N,-3.23,augment
4530,C1CCC2CC2(SCNC(=O)CCC=CC=CC3=CC=N)C=C13,-5.14,augment
4531,COC[C@H1]C=O,-2.29,augment
4532,C1[C@@H1]CN=NN=C1N=C(C=CC=C)CCC2C=CCC=C2,-5.01,augment
4533,C[C@@H1]OC(=C)C=C1C=CC(C1C)=NN,-4.24,augment
4534,C1C=CC=CC=NNC(=O)NC=C1C=C2C=CCN=C3NCCCC3O2,-5.2,augment
4535,OC=CC=C(C1)NC(C)C2CC(O[C@H1]1CC=CC=C)C2CC,0.0,augment
4536,C1COC(CCl)C=CC=CCCN1NCCCN=O,-3.39,augment
4537,CC(=O)COC=O,-2.43,augment
4538,CNC1CC(S2CC1[C@@H1](C)C(O)C3=O)C=C2C3,-4.14,augment
4539,CC(C(O)C=CCCCCC)NCNC[C@@H1]CCC#CCCCC(=O)C,-1.98,augment
4540,C[C@]C[NH2+1]CCC1C2CC=CC=C12,-3.67,augment
4541,O=C(COC(=O)[C@@H1]CCC[C@@H1]CC1C=CF)[C@@H1]CC=N1,-4.63,augment
4542,C=C(CCC(C)NCCCCCCO)C=N,-1.31,augment
4543,O=C(CCC=C)C1CSC=CN1C=O,-3.17,augment
4544,C1[C@@H1]CNCC(OC(C=N)N(N)C=C(F)F)=CCCCCC1,-2.78,augment
4545,C1OC=CC=C1C=CC(C(C)CCCN(C2CC=CC3=C2)C3)OO,-4.18,augment
4546,CCCCS=1CCCC=CCCC(C)N=CC=C=1,-4.25,augment
4547,CC(C)[NH2+1][C@@H1]C(=O)C(C)NCC=C(F)C=CCC=CC=CC,-3.56,augment
4548,CCCNCC=CC=CC(C)(C1CCC[C@@H1]1C(C)=CF)C,-4.15,augment
4549,CCCC[NH2+1]C(C)N(O)C=CC=O,-3.3,augment
4550,C1CCC=C(OC=C(C#N)CC=CC=NC=O)N1,-3.84,augment
4551,NCCCNC(CCCCCCl)=O,-2.62,augment
4552,CNCCNC(C=CC=C)C=O,-2.78,augment
4553,CC=CC=NCOC1=CC=CC=C1NC(=O)[O-1],-3.1,augment
4554,CC[C@@H1]C=CCNC(O)C=O,-2.77,augment
4555,CCOC1CCCOC=CCCC#CN2C(CCCC2NN3)N3ON1,-4.76,augment
4556,COC=CNC([C@@H1]NC(N)C(O)N1C=CSC=C1)Cl,-2.76,augment
4557,CCC=CC(=O)CCCNC,-2.59,augment
4558,CC([O-1])C(=C)C=O,-3.02,augment
4559,CC=CC=CC=O,-3.26,augment
4560,CC[C@H1](N1CCC)CNC(CCC2=CC=C1)N2,-3.34,augment
4561,CC=NCC(C=CC(CN)C=NC=CC=C[O-1])=C1CC2OC1C=C=S2,-4.48,augment
4562,CC=NN(NC)C(C)CCCN1C=CC=C1C=CCCC[C@@H1]Cl,-3.44,augment
4563,CC(C)C=CCC[C@@H1](C)CC[C@](C=CCC[C@@H1](C)C1=O)C1CCS,-3.73,augment
4564,O=C(C=CC=CC=C1C(C)=NSCC1)C[NH1+1]C=CCC=CC=CC=CCF,-4.55,augment
4565,O=C(N=CSCC)N(C)SN=CO,-3.37,augment
4566,CNCC1CC1(N[NH2+1]CCCC=CCl)C,-3.31,augment
4567,CC(C)[C@H1]1[C@H1](C)C(C)COC2=CN=CC1C2,-3.87,augment
4568,C1C=C2C3=C[C@@H1](C=O)CCCC=C(C)C3C21,-4.36,augment
4569,O=CNN(C=CSCC1CNCC=C1C2=CC=CC=C2C)C=C,-3.98,augment
4570,CCOC(=O)CCCC(C[C@H1](O)C=C1CC2CCC1C2S)C(C)C,0.0,augment
4571,C1CCCC=CNSCCSC=CC[NH1+1]2NC=CS=C21,-4.54,augment
4572,CCNC=CC(C)NC[C@H1]N(C)CCC1C=N1,-2.06,augment
4573,CC1C=CN=C1SCCCN2[C@H1](C)CCN2C(=O)C3CSC=C3C,-4.51,augment
4574,CC=CC(C)=CC=CCC=C(C)CNC1=CC2=CC=C1[NH1]C2CC=C,-4.26,augment
4575,COC=NC=C(C1N(C)NCN2CCO[C@H1](C)CC13C2)CCO3,-4.55,augment
4576,CCNC1C([C@H1]CCCNC(N)N(C)CC2=C[NH1]C=C3C=C2)=C13,-4.18,augment
4577,CCOCCNCNC(=O)CC(=O)COC=CC=O,-2.39,augment
4578,CCNN(SCC1NN=CCN2C(=O)OCCCC)OC=C1CC2CCO,-3.52,augment
4579,CC[NH2+1][C@@H1]CCC=CCC(C1)(N)C#CC1C=CC#C,-3.38,augment
4580,O=CCPCC(C#CS)=CC=CCl,-3.15,augment
4581,CC=CSC=C1/N=CNC(=C)C=CC=C(ON)CC2CC=CC=C21,-5.17,augment
4582,COC=CNCC(=O)CC[C@H1]NCNC(C)OCC(C)=CC=CC,-2.1,augment
4583,C[NH2+1]C=NNC=CC([NH1+1])CCCC=CC=CCC1OC1NSCCCC,-1.83,augment
4584,O=C(CC=NC=C1NCC)C(CC2NC)=CC=C2C=CCCCC1,-4.66,augment
4585,C1COCCC(=C)CCN(CCNCCC(C)CC(C)=CCCl)CC=C1,-4.43,augment
4586,CCC=C1C(=O)C2CCCC=C2C(=O)NN1,-4.21,augment
4587,O=C([O-1])NC(C)(CC)C=CC1=C2C=CCCN2CCCCC3CC3CCC=C1,-5.12,augment
4588,CC=CCC=C(C)N([NH1+1])[NH1+1]COC=CC[C@H1]C(=O)C=C=C,-3.54,augment
4589,CCC=NN=CNCCCC(=O)NC=CCCC=O,-4.19,augment
4590,C[C@@H1]CCCCC=C1C=C1C[NH1+1]C=CCCC=O,-3.79,augment
4591,CC=C/N=NC(=O)N=O,-3.93,augment
4592,COC(=O)NCCNC(=O)C[C@@H1]CC1CC23C(C)=C1C=C2C3=CC=N,-3.58,augment
4593,C1OC=CC=C(CCCC=C[C@@H1](C)NC)CCC1,-3.9,augment
4594,CC(C)C=CC1=CC1C=O,-3.71,augment
4595,CCC(O)CCOC#C,-2.77,augment
4596,C1OC1N,-2.65,augment
4597,C1C=CC(=O)C(=O)[C@H1]N[C@@H1]CSC=CC=CC=CC=C1C,-4.82,augment
4598,O=C(CNCC)CCl,-2.85,augment
4599,C[C@H1](C)[C@H1][C@@H1]C(=O)C=O,-3.02,augment
4600,C1C=CC=C(NC=CCNSCC)SNN2CCC#CC=C2C=N1,-4.53,augment
4601,CC=CC(C[NH2+1]CC=O)CCC,-3.45,augment
4602,C12CCC(CC3CN1CNCCCSN=CCC4=C3C42)C,-4.89,augment
4603,C1OCCC=CN1CCNN[C@H1]C=NC=O,-2.47,augment
4604,CC1OC=CN1CNC(C)C(=C)C=CN2CCC=C2S#N,-4.06,augment
4605,CC=CCC(NCCC=O)C#C,-2.95,augment
4606,CC(O)C=C=CC=NN(CCC=CC)C1(Cl)CCC1(C)CC2C#C2,-4.0,augment
4607,CC(C)[C@@][C@@H1]C=[C@@H1]NNCCCCCSC1OO1,-2.11,augment
4608,CC=[NH1+1]C=CCCOC=NC=O,-2.99,augment
4609,CC(C)C=NN(C=C1[C@@H1](C)N)CCC(C2CC2O)CC=C1,-3.68,augment
4610,C1CN(/CN)S(N2)C=C(SC=CC)CC1(CC(=O)C=C2)C,-4.31,augment
4611,COC[C@@H1]CCCCN=[C@@H1]OCCCCC=O,-2.29,augment
4612,CC=CC(C)=CC(=O)CC1=CC=C2S=C12,-4.19,augment
4613,C[C@@H1](C)CCC=C1CC1NCC=CC2C[C@][NH1+1][C@H1]CCCCC=C2,-4.87,augment
4614,C#CC=CN=CC=C1SC[C@H1](C2CC=CC2C=O)C1(C(C)(F)CCF)C,-3.99,augment
4615,C[C@@H1](CC=CC=O)N=CCC=CC=CC=CC,-3.34,augment
4616,CCC=CC=C(N)C(=O)C[NH2+1]C1C(C)(C)N1,-4.1,augment
4617,CCOC(C)N1CCCC1=CC=CC=N,-3.54,augment
4618,C1#CCO1,-2.56,augment
4619,O=C(N)CC1=CC=CS(C=CC=NC=CF)CC1C=CS,-4.39,augment
4620,CCCNC=C(C=O)[C@H1]1CCC=C1CC(F)CCF,-2.75,augment
4621,O=S(=O)[C@@H1](C)CC(=O)NC(C)C=CCCF,-3.04,augment
4622,CC(=O)C=CC=CC=O,-3.53,augment
4623,CCOC1=C(C=CC(N)[C@H1])[C@@H1]COCCCCC2C(CCC2)CO1,-4.29,augment
4624,C[C@@H1](CC[NH1+1]CC[C@@H1](C)CCCC1(C)C)CC1CC=O,-4.21,augment
4625,COC#CC#CNC=CNC(C)(C)N=O,-3.19,augment
4626,C=CCN1CNC=CC=NNNN2CCC=C(C3=C(C)C[NH1]3)N12,-4.31,augment
4627,CCNN(C)C(=C)C(=O)C=CC(Br)CC=O,-3.43,augment
4628,CCC=CC=CC(=O)N(O1)CCCCCCCCN2CC=CCC2C1,-4.8,augment
4629,CCCCCCCC=C(S(C)N=C=O)CC=CCF,-3.02,augment
4630,C=C(CC=CC(Cl)CC=C)C1NC1COCCF,-2.73,augment
4631,CCNCCCCOCC=NC(CSC12C=CC)C1=C2O,-2.97,augment
4632,C[C@H1]=CCN[C@H1](CN)C(=O)C=C1C=CCOC1C=CON=C(C)C,0.0,augment
4633,C1C=CC=C2C=CN1C=CC(Cl)[NH1]C=CC=NN=CC2S,-4.48,augment
4634,CSCCCCC1=CC=CC(=O)C=CCCC1N=C,-3.63,augment
4635,C1C=CC=CC2=C1NCCOCC(OCC)C(C3C2)N3C,-4.12,augment
4636,C1C[C@@H1]1SCNC=CCCC=CC=C(C)N=O,-4.3,augment
4637,CCC(O)C(CCNC1=NC=CC=C1C=CC=CCC=CC2=CCON)CC2,-5.06,augment
4638,O=C(N=C1NC=CC=CC=CCF)C=C[NH1]1,-3.62,augment
4639,CN[C@H1](C)C(C=CCC=CC=O)C(C=CC1=CC)=CC=C1C#C,0.0,augment
4640,[NH3+1][C@@H1]=C/C1NNC(=C/C2=C)SOOC21C=CC=C3C=C3,-4.62,augment
4641,COC1=[C@@H1]CN=C1NC2=CC=C(CC=C2)CCC(C)C=CC=CS,-4.22,augment
4642,C1C(C)C=C1C[NH3+1],-3.06,augment
4643,COC(C)C1=CCCCN1C=O,-3.43,augment
4644,C1C2(O3)C=CC1S2C(=O)CCC(C)(C)C4CC4C=C3,-4.66,augment
4645,CC=NC=CCF,-2.36,augment
4646,O=SOC1=CC=CC=CN=CC=CCCC1(C=CC=C2N(C3)C3)C=C2,-5.75,augment
4647,CC(O1)C(C=CC(C=O)C)=CCCC1=O,-4.3,augment
4648,CC=CC1=CNC=CC(C)C=C(N)COC2=CC=C3C#CCC2N3CO1,-4.62,augment
4649,COC(C)[C@H1](N)C(O)N=[C@@H1]NC(=C)C=NC,0.0,augment
4650,C1=C(NC)N[C@@](C)CCC=C1SCC2OC2([NH1+1])C3C(C)C=N3,-4.44,augment
4651,C[NH1+1](C)OC=CNC(=O)CCCNC=CC(=C)NC(=O)CN=O,-3.04,augment
4652,COCCCCC(N[C@@H1](C[C@H1]CCN[C@@H1]1CC)CC1=C(C)C#C)CC=CC=O,0.0,augment
4653,CCCNC(=C)C=NCCNC1=CC2CCC1CC=C2CC=C,-3.49,augment
4654,CC(C1)NNC=CC=CC12CS(=O)COCCCCC(C)=C2,-4.96,augment
4655,C=C(OC=CSCCNCC(C)(N)C)OC=CC#CBr,-1.37,augment
4656,COCCC(C)C=C(N)NN(C)CNCC=C=CC=C=CCCC=CC,-3.33,augment
4657,C1OC=CC=C(C)CC(CNC2=O)C2CC1,-4.17,augment
4658,COC=C(CN)/C=CC=CC=C1[NH1]C(CCC1)CCl,-3.8,augment
4659,CC=CSCNN1C=CN(C2)C12CCCC#CC(CF)C,-3.2,augment
4660,CNC(=O)NC(=C)C=CC(C)C1C(C)(O)CC1C=C,-4.32,augment
4661,CC=CC=CC=CN(CC1C(CCN1SC=NCC2)C)C3CC2C=C3C,-4.63,augment
4662,C=12CCC=C(CNCCCN(C3)CCC(S)C=NCNCCC=C3C)NC=1C=C2,-5.14,augment
4663,CC=CC=CC=C1C(CCCC)(CC)CN=NNC=2OC=2C=C1C,-4.29,augment
4664,COC(=C)C=CC=CN1C=C(C)CC1=O,-3.38,augment
4665,CCC=CC(=O)N(C)C=O,-3.36,augment
4666,CCCCC[C@H1](C)C=CC=C(CCC=CC(O)C=CCF)CCCC=C,0.0,augment
4667,C[C@H1](C)[C@@H1]SCCCCCC(=C)C=CC=C=CC=CCF,-2.55,augment
4668,C[C@H1]CC=CC(CC)N(C=CN=CC)SCC=CC#C,-3.05,augment
4669,CC(=O)N=CC1=CC=C(C(C)[C@@H1](C)C1C)CCN[C@@H1]2C=CCO2,-4.88,augment
4670,CC=CCCOC(=O)C=CCC=CC1=CN=CC=C(C=CC=C1CNC2CC=CC)C2,-5.01,augment
4671,C1C(C)CC=CC=CC=CC1CCCCC/C=CC=NC(O)=CC,-5.23,augment
4672,CC=C(NC=CC)C=NCC(=O)N=CCC1=CC=CC=C1NCNC=NNN=CCN,-4.09,augment
4673,O[C@H1]NC(=O)CC=CC(F)CF,-3.3,augment
4674,CCCCC#CC=CC=NN(C(C)[C@H1]CCC=O)CCCC,-2.54,augment
4675,COC(=O)CC(NCCN(C)C1CC(C)C1CC=CC=C)C=C=O,-2.93,augment
4676,CCC=1C(C=O)C=C=1,-3.27,augment
4677,COC(=O)CCNNCCCC(C)OC=O,-0.98,augment
4678,O=C=CC=CC=NC#CCNC(=O)C=C(C)C1(C)C=CO1,-4.82,augment
4679,CCCCCCC[NH1+1]C(=O)C=O,-3.14,augment
4680,O=CC=CC=CC1NC2COCC(=C)C1C(C=O)C=CC2=C,-4.4,augment
4681,C1COC=C2CC=C1OC2CCCC=CCN(C)CCSC3=C=NCC(=O)CCC3=C,-4.1,augment
4682,COC=C1C=CNCC(O2)N[C@@H1]CC=C12,-3.52,augment
4683,C1OC(=O)NC=[C@@H1]CN(C)CC=CC=CC(C=CC=CCC=C1)(C)OC,-4.85,augment
4684,CC[C@@H1](OC[NH1+1])CCCCS1CCCON1CCC=CSCNNNN,-0.31,augment
4685,C1OC=CNCCNC2=CC=C1C=CC2CC,-4.06,augment
4686,CCOC=O,-2.11,augment
4687,C[C@H1](CC)C(C)=NC=CC=O,0.0,augment
4688,CCCCC=NCC(C)[C@@H1]1CCCC=C1[NH1]C=C=CC,-3.59,augment
4689,C1CC=NC=C(CCC2)C1NC=C[C@@H1]2C(O)(C)O,-4.38,augment
4690,C[C@H1](C(C)=CC1=CC1)C2[C@H1]CC[C@@H1]2C3C=C4C=C3CO4,0.0,augment
4691,CCOC=CCC=CC=CC(C)[C@@H1](C)C=O,-3.15,augment
4692,C[C@H1]C=CC=C(C=CC=CC([NH2+1])C[C@@H1]C12CC1SCC2C3)ONNO3,-5.11,augment
4693,C[C@H1]C1=CC=C1C=NNNS2ONC=N2,-3.99,augment
4694,C[C@H1](SCCC=O)C(C)C=CC(C)O,0.0,augment
4695,CC=NN=CNNCCNC[C@H1](C)N1CCOC=CC2=CC2=N1,0.0,augment
4696,CC=CC(C=CC1=CNCCC1C=O)C=CC2=CC2C,-4.33,augment
4697,C[C@H1]CCC1C=[C@H1]OCN1CCCCC=O,-2.86,augment
4698,C1OC2=CC=C1C(=O)C(C)C=CC=C(N)C=CC=C2,-4.58,augment
4699,CCOC=C(C)C=O,-2.74,augment
4700,COC(=O)N1NC2=N/C=NNCCC=CC=C(C)C=C21,-3.75,augment
4701,CC=CC=CNNCCOC(C)CCCNC[C@H1]C=NCCCC=CC=1OC=1,-0.35,augment
4702,C=C(C)CCC=C,-2.35,augment
4703,O=C(CC=CNC(C)C=CC1=CC=CC=C12)NC=CN2CCCC3=CC3N,-5.39,augment
4704,OC[C@H1]C=NC1C2=C1CCC=C2C=CC[NH1]CBr,-4.38,augment
4705,CCOC[C@H1]OC[C@H1][C@H1]C1CCC2CC=CC(C)CN(O)CC21,-3.91,augment
4706,CC=C1C=C(OC(C=O)=O)C=[C@@H1]C1C=CC=O,-4.11,augment
4707,CCOC=CC=CC#CN,-2.59,augment
4708,C1CN(O)C=C1C2C=C2S(=O)CCCCCCF,-3.25,augment
4709,C1CC=CCC2(C=C1C)CN2C=O,-3.99,augment
4710,COCCCC(CN)C(SN)CCOC(C)C=CC1=CC1=C,-1.49,augment
4711,O=C(C)CCOC=CC=CC=CC=CC1=C(C)CC1C,-3.94,augment
4712,C1CC[C@@H1]1C[C@H1](ON)CCCCC=C2N=N2,-2.54,augment
4713,COC=CC1(O)C=CC=C2C=C12,-3.49,augment
4714,CC=NN=C(C)NCC(=O)NCCCCCSCCC=CC=CCC,-3.02,augment
4715,C[C@H1](CCCN(C)CC(Cl)C(C)=CO1)[C@H1]1CC=C,-4.08,augment
4716,C1CNNCNC2=CCCOC=CC=CC=CS21(=N)C,-4.5,augment
4717,CC(C)(O)N(NC(=O)CC1N(C)C(C)CC)N=C1C,-3.67,augment
4718,CCNCC1CN(C=CCCCCCNN1)CSN=CC=CC=CC,-3.63,augment
4719,CCC=CC(OC=CC)(C)CCCCCC,-2.61,augment
4720,CCOC=CC(C(=O)NC=CC=CC=C)C=CC=1CC(=C)C=1,-4.31,augment
4721,C1C(O)(C)C=C1CCCNC=O,-4.12,augment
4722,COC=CC=C(C#CNCC=O)N1C=CC=NN(C)C=CC=C1,-3.83,augment
4723,C=SOC(=O)CCOC(F)N=O,-3.35,augment
4724,CC(CC(N1)C=C1N)C=CC(C)C(=O)COCC(C)C,-2.67,augment
4725,CCC[NH1+1](N)C(C)N1CCNC(=O)N2CC=NC1C2C=O,-3.15,augment
4726,CCCCCC(CO)C=CCCC(C)CC=CC=CCC[O-1],-2.69,augment
4727,COC=CC=C(NC=CC(C(C)=NC=CN=CC=C)C(C=CN=O)C1NC=CC1)CC=C,-3.81,augment
4728,C12CCN1N2C=O,-3.23,augment
4729,CCC=CNC(C=CCCNC(C)C12C=C1NCC23C=O)CC3C,-4.36,augment
4730,NC=NC1(O)C=C/C=C\CNC(=O)C2=CC=CC=C12,-4.25,augment
4731,C[C@H1]=CCCC=CCCC1=NCC=CC=C(C)C=CC=CC1,-4.08,augment
4732,C1CC=NSCCCC=C1C=CC=CC(C)N=CCC2CC2=N[NH1],-4.5,augment
4733,CC=CC=CC(C)CNC([C@@H1])CCCOC(C1=COCC)=NC1OCP=O,-2.27,augment
4734,CCOC=CC=NC=C(C=C)NSC(=O)C#N,-3.05,augment
4735,C[NH1+1](C1)C[NH1+1]1CCC=[C@@H1]NN2CC3C4CC=CC=C3OC=CC=C24,-3.52,augment
4736,N#CCN[C@H1](C=CCC([NH1+1])C=CCOOO)C1CCCC=C1C,0.0,augment
4737,C1C(C)CC=C1C([C@H1][NH1+1]CNCCC(F)C)C(F)=SNN,-2.36,augment
4738,N#CCON=C(C=CC=CC=O)CC[NH1],-2.85,augment
4739,CC=C1C(CC)C(C=CC(CCCCCC1)C=NC(=O)NN)SC=CCCC,-5.39,augment
4740,C1CCC=C1,-2.3,augment
4741,CCC(C)C=C1C=C/C2=CC(C(C)C2C)N1C=CC(C3CN3CCCC)C,-3.6,augment
4742,C=1OC=CN(NC(=O)C[C@H1]C(C)[C@H1](C)C)NO[C@H1]=1,-4.08,augment
4743,O=C[C@@H1]CNC(=O)CCCC(CC=CC)CF,-2.72,augment
4744,CC1=CC=COC(=O)C(C2)N(O)N(N)C2CCCC3=NC13,-4.6,augment
4745,CCCCN1COC=CC=C1C(=O)NC=CCNC=NC=O,-3.91,augment
4746,C1C=CC1CNCCC=C=CNCN2CC(O)C=C2CC,-3.36,augment
4747,C1CCCN=C(CC2=C(N=CCCSC2(C)C)C#C)NC=C1,-4.57,augment
4748,CC=CCCC=CC(CCNCC1NC=NCN1C=O)NCCCC=CCOO,-0.84,augment
4749,CCCCC(=O)[C@@H1](CCCC=O)CCC=C,-2.67,augment
4750,C1CCCC=C1OCCC[C@@H1]CNC(C)=C(F)C=CF,-2.57,augment
4751,CC=1OC(=O)CC(C)=C=CC=C(C=NON)C=1C(C)CF,-4.72,augment
4752,C=C([C@@H1](C)C(C)(C)CF)CCCC(ON)CCCC,-3.0,augment
4753,O=C([O-1])CCN1C=NCNN1C=O,-4.2,augment
4754,CC=CC=CCC(=O)NNC=CNNOCC=CN=CC=O,-3.73,augment
4755,C1CCC2(C)CCCSCN2C(=O)NC(O)CCCCC(C)C=CN=C3C=C3C=C1,-5.21,augment
4756,CC[C@@H1]CCCN[NH1+1]C(C)CC1[NH1+1](F)CCOC=CC2=C1C2CCO,-2.45,augment
4757,CCCCC=C(NC=CC=CC1=CC1[NH2+1]NC[C@@H1]C[C@H1]C[C@H1]CC)C(=C2)C2CC,-4.35,augment
4758,C=C=[C@@H1]NCCC=CC1=CC=CC(=O)CCC=C1NC,-4.56,augment
4759,OC=CC1=CC=C(C)C2=CC2CCCN([C@H1]1N(C)C=O)N[NH1+1]C,-4.15,augment
4760,C=SOC=O,-2.28,augment
4761,CCNC=C(C1C)C1OC(C2=O)CC=C(C3)C3=NN=CN2,-4.58,augment
4762,CC=C1C(=O)C=NC2C=NC(C)=C2N=CCC=C1,-4.69,augment
4763,CC=CC=CC1CC=CC1SC=CC(C)[O-1],-4.22,augment
4764,C1CCC=C1NC2=CC(=C)NC2=S,-4.54,augment
4765,CC=CN(C=O)NC=O,-3.18,augment
4766,C1OC=CC=C2CC3CC=C2C1(N34)O4,-3.98,augment
4767,N=C=NN=CC1C(C(C2)=C1C=CCCN)CCN3C=C4C(CCC3)C24,-5.43,augment
4768,CCOC(=O)[NH1]C=CS=CC=CCC1=CC=CC=N1,-4.02,augment
4769,CCCC(CCCOC=CC1CC2=C[C@@H1]1C3C4=C2CN)C3C4,0.0,augment
4770,CCNC(CCC=O)CC=C(O)NONC=CC,-3.3,augment
4771,C1[C@@H1](CC=CC=O)CCC1,-3.71,augment
4772,CCC=CC#CCCC(CCC=O)CC(C)=CC=CC(C1CC2=C)C=C21,-4.18,augment
4773,CCOC=CCOC=C=NOC(C)=CC=CC#CF,-3.18,augment
4774,CC[NH1+1][C@@H1]CCC[C@@](CN)COC=O,-0.34,augment
4775,CCNCNC=CCC1C[C@@H1]1N[C@H1](O)CCCC2CCC=C2C,-2.94,augment
4776,CCOC=CC=CC(=O)[C@@H1]CC(C)=SNCC1CC1=O,-3.55,augment
4777,COC(=O)CC(C(=O)NC=C1CCCC1CF)CC,-2.84,augment
4778,COC=CN=CCCC1NCCCC[C@H1]N2N=CC(C=CC=C[C@H1]2C1)=O,-4.13,augment
4779,COCCCCC1=CSCCCN2C(C3)OCCNC3CC1CO2,-3.89,augment
4780,COC(=O)ONC(=O)CCN(C)C1CC=CC=C1NC=CC#CC,-2.57,augment
4781,CCCNC(C=CC=CC=CC=CC=C)C(NC)=CC=CC=O,-3.71,augment
4782,CNCC(C=O)COCC(C1(C)CC)C1=CCOCC,-2.0,augment
4783,C1[NH1+1](C)C(=C)C=C1/CC=NC=C(C)CCF,-3.14,augment
4784,COCCCC(C=C)=C=CCCC=C1S(C)CC1,-3.76,augment
4785,C1CNS(=O)N[C@@H1]1C=C(C)CC=NN=NNN(CC)C=NNN,-4.03,augment
4786,CC[C@@H1]=CNC(O)C=C[NH1]C=CC=CS(C=O)C1CC=NC1,-4.14,augment
4787,C[C@@H1]C=CC=CC(=O)NC(=N)C=CC(C1=CN=CF)C=C1C=CC#CCC#C,-4.95,augment
4788,COC=C1C=CC2=C1CC=C(N)NCCNCCCCCN2C=NC#C,-5.0,augment
4789,CCNC=CC#CNC(N)C=O,-2.9,augment
4790,COC[C@@H1]1C=CC2=C1CNS(=O)=CC=CC=C3C=C3SC=CS2CCC,-5.54,augment
4791,CC1(C)NC2CCNC=C2OCCCCCNC(C)[C@@H1]1,-4.47,augment
4792,C[C@H1]CNCNCC1C=C1NC(C)CC=CC=C=C=O,-4.14,augment
4793,O=CNCCCSCCN=NCC(C1)CN(F)C=C1,-2.39,augment
4794,C[C@@H1](C)C[C@@H1]([S-1])N[C@@H1]C(=O)C=CC=CBr,-3.5,augment
4795,C[C@H1]CCCNC(C)CCCN(O)C(C)C=C1C=C1NCCS=C,-2.52,augment
4796,C[C@](C)=C[C@@H1](N)C(C)=C=NCC,-3.13,augment
4797,C1[NH1+1](C=O)NC1CCCC=CCC=CC=CCC,-3.22,augment
4798,COC=CC=O,-2.4,augment
4799,CCCCCCC1NC=CC=C1N[C@H1](O)CCCC(C)CN(COC)CC,-2.65,augment
4800,C[C@H1]CN1C[NH1+1]1C=NC#CC2NC(=O)C=CNCC3CC32C,-4.51,augment
4801,C[C@@H1](CCC=CC(=O)C=CC=CC=CC1=CN1N=N)C2CCSS2C,-4.43,augment
4802,OC1[C@H1]CCOCOC=CC=C(Br)C=C1N=C,-3.92,augment
4803,CCOC(=O)C[NH1+1](CCC=CC=1)CC=1NN=CC[C@H1](C)C=O,-3.34,augment
4804,COC=CC(/C=CCCNC=CC(C)CCN1)CC1=O,-3.89,augment
4805,CC(C)(C)C(C)C=CN=C[O-1],-3.71,augment
4806,CC(C)NC(=C)C#CNC=NC=C(CC1CC)C2C1C2=C,-4.51,augment
4807,COC=CC(C[C@H1]C=CCN(CC1=CC)C(C)C=C1)Cl,-3.89,augment
4808,C1C(N(SC2)CCC=COC1)SC=NC=NCC2,-4.06,augment
4809,C[C@@H1](C)[NH1+1]=CF,-2.33,augment
4810,CCCCOC=C(C)CCC([C@H1])(CC=C)COC,-2.6,augment
4811,COCCCNC/CNC=C/C=C/C(=C)C=O,-2.94,augment
4812,C1COCCC=CC=C1NNC(=O)C=O,-3.92,augment
4813,C[C@H1]C=CN[C@@H1]CCCOC(=O)CCC[C@H1](O)NC=NC=CC=CC(OC)=C,0.0,augment
4814,O=COC1(C(=O)CC=C1)C=CC=CF,-3.29,augment
4815,C[C@H1]CCC[C@@H1](C)CC=CC=CC(OO)C=O,-3.4,augment
4816,CC=C(CSCC)OCC=CC=CF,-2.58,augment
4817,CC=CC=CNCCCCCCNCCC(C)C=COC[NH1+1]CCOC,-0.01,augment
4818,O=C(N)C=CCOC(=C)C(=O)NCCCC,-3.08,augment
4819,COC=NC[NH1+1](C1N=CSCCCC=[C@@H1]C=CC1)C(C)C#C,-4.18,augment
4820,CCC=CNCBr,-2.72,augment
4821,CCN(CCC(C)CCN1CCN)C=CC2=CN2CNC1C=CC=CC=CN,-3.9,augment
4822,C1#CC=C1CCC=CO,-3.49,augment
4823,N1C=CC2(CCC3=C2)CCC=CNCSC[C@@H1]C3=[C@H1]CC1C,-5.54,augment
4824,C1OC=CC=CC(CC2OCNCC[C@@H1]CCC=CC2=C=C)=C1,-5.2,augment
4825,COC1CCCCC=CC=CC(C)C2=CC2OC1=O,-4.01,augment
4826,C12C=CCCCNC3C2C(O)CC=C(C)CC=CN=C31,-4.74,augment
4827,C1[C@@H1]C2C=CC[C@H1]1N3NC(O)CN=C3NCOC=C2C,-4.31,augment
4828,COC=O,-2.06,augment
4829,C1CO1,-2.12,augment
4830,CCCCN(N)S1(CCN[C@@H1]([NH3+1])CC)=C=C1,-1.93,augment
4831,CC1CC=CC=C1CCC(C)CC(=O)C=C=C,-4.21,augment
4832,CC=CC=CCNC=CC1=NCC(C)C(O)CCC=CC=CC=CC2=CC21,-4.8,augment
4833,CC=NC(C)C(=O)NC(O)C[C@@H1]C=O,-3.3,augment
4834,CCCNNC(=O)NCCCCCC=CC=O,-3.78,augment
4835,C1CN(C2=O)N2C(=O)C(C)(O)C=CC=C1,-4.41,augment
4836,C=C(C)C=CC=CC=CC1C2CCCN2NCCC=NC1CC=C,-4.45,augment
4837,CCCSCCCNC=NN1C(=O)CC=CC(=C)C=CC=CC=C1[NH1]C,-4.41,augment
4838,CC(CN=C(CNCC=O)[O-1])=CNN(CN1)CC=CC=C1,-2.37,augment
4839,CC(CC[C@H1](N)C=NCCCCCCN)=CCF,0.0,augment
4840,CCCCCCC1N(C)C=C1CN(C=O)N(N2)CC=NN2C,-3.56,augment
4841,CC=[NH1+1]C=C(S=1C)NC=C=1,-3.53,augment
4842,O=C(C=CC=CC)C=NOCC1C2CC=C1C=C2Cl,-3.8,augment
4843,C1[C@@H1]CN1C=CNC(C(C)CC2=NCC=NN[C@H1]CCC)C2,-4.14,augment
4844,C1[C@@H1]C=[C@@H1]CSC[NH1+1][C@@H1]CCCCC2CCCCC2CC=CC=C1CF,-5.5,augment
4845,CCOC=CC1=CCC[C@@H1]1CCCCC2C[NH1+1](C)CC2CC3CC3,-4.15,augment
4846,CCOC=C=[C@H1]C(O)CCC[NH1]C(C)CC(O)(O)CC,-1.37,augment
4847,COC1CN/CNC=CC=NNC=C=NN(C#N)CCOC(C=CC=C)C=CC1,-4.39,augment
4848,CC=CC(N)C(=O)CCC1=CCSCCS1=O,-4.03,augment
4849,C=C(C(C)NCCCNCC=NC(C)NN=CC(C)(C)CCC)C=CC=O,-1.37,augment
4850,CC=CC=CNN1SNC=NC1(CC=CC=CC(NC)=NCCC=CC=CC2C)OC=C2,-4.83,augment
4851,COC1=CC#C1,-2.6,augment
4852,CCOC(C[C@H1]C=C1N=CC)OCCCC=C(F)C1,-4.23,augment
4853,C1C(=O)C(=N)C(=O)[C@@H1]2CCCC=CC=CC=C=C1C=CC=C2,0.0,augment
4854,CC=CC(=O)CC#N,-2.75,augment
4855,C1=C(C2=CC=CC)CC=C1N2CC=NC=O,-4.02,augment
4856,C#CCN=NN1/C=CC=CC(CN)C=NNC1C(=O)N=C[NH1+1](CCCF)F,-3.36,augment
4857,C[C@H1]C=C(C)C=O,-3.18,augment
4858,CC(CCCS)C(C(=O)CC1=CC=CC=C1CC=O)CCN,-2.08,augment
4859,C1CC=CCOOC=C2C=C2CCC1=C,-4.34,augment
4860,CCC[C@@H1](O)NC(=O)OC(C1)C#CCC1[C@@H1],-3.29,augment
4861,O=C=C=NC=CCN=CC=CCCCN=C,-3.24,augment
4862,O=C(C=C(C)CC=CF)CC(N)C1[C@H1]CCCCC=C1S(C)=O,-4.12,augment
4863,CCC(=C)C=CC=CCNC=C1C(=C)C=C1,-3.94,augment
4864,CC(C)(CCC=O)C=O,-3.1,augment
4865,CC(C)(C)SCOCCNC(C1)CC(C)(C)C=C1C=N,-3.59,augment
4866,CCC=NNC=CNCCN=CCC(C)NC(=O)C1=CCCCC=CC(C)CCC=N1,-4.85,augment
4867,O=C(CN)C(=S)N1CC=NC=C1C2=CC=CC=C2C#N,-3.98,augment
4868,CC1=NC=CC=CC#C1,-3.67,augment
4869,N#CNC=C1C=CC(=O)C=C2C=CC=C2CN=C1C=C(F)C,-4.23,augment
4870,CCC(CC1=CC)(N)[C@H1](C)CC=C(NC=NN1)CCCCC,0.0,augment
4871,CCOC1=CCC=C1,-2.95,augment
4872,CC(CN=C)C=CC=CNNCOCCC1C=CCO1,-3.09,augment
4873,COC=CC=O,-2.4,augment
4874,CC(C)OC=CC=O,-2.75,augment
4875,C[C@@H1](C)COC=CC(SC)(O)CCl,-2.28,augment
4876,CCOCPCCCCCC(S1)CCCN1C=C2C=CCC3S2C=NC=C3CC,-3.61,augment
4877,CCC(C)CS(C)=CCCCC=CC=CC=CCCCC,-3.03,augment
4878,C1CCC(C)N=CC(=O)C=CC=CNC(CCC)=CC=CSC=CC=C1C=O,-5.62,augment
4879,CC(O)[C@H1](C)NCCCCC=O,-3.48,augment
4880,C1CCC=C1Br,-3.02,augment
4881,CC=CC=CCCN[NH3+1],-2.72,augment
4882,C=CC=CC=C(C)C=CC=CC=C/C1C=C1ONC=C(C2)CCC=C2,-5.01,augment
4883,CC=CC=C(C(=O)C)CS[C@H1]OC=O,-3.45,augment
4884,CC(C(=O)C=CCC(C)CCCC[C@@H1](C)OC)=O,-3.1,augment
4885,COC=CC=C1C=CC=CN1CSC=NN=C(C=CSCC=O)C2CC#CC=C2,-4.06,augment
4886,CCCC=CC(C)OC=O,-2.98,augment
4887,C=CC=CC=CC=CC=CC(=O)CC(C1)C1C,-3.61,augment
4888,CC1NC=CNC(=O)C=C2C(N)N3NN4C=CC=CN4C=CC3CC1OC2,-4.87,augment
4889,CCNC(=O)C1=CC(=C)NCC2NC=CC3=CNCC2C=CC4C3=C4ON1C,-4.64,augment
4890,CC1=NN1NS(=O)(C)NCC=O,-3.05,augment
4891,CCCC=CC[C@H1](C1)NSC=C1C=CCC,0.0,augment
4892,O=CC=CNC=CC=CC=CF,-3.32,augment
4893,CC(C)[NH1+1]1CCNCCC2(CCC=C2CC=C1)OCOC=NO,-3.92,augment
4894,CCNC[C@H1](CCCC=O)NC=CC1=CN=C=C1C,-2.9,augment
4895,C[C@@H1]CCNC#CC=CCCCCC=CC=CCCC,-3.1,augment
4896,C[C@H1](C)OC=CC1(C)NCCN1C=O,-3.09,augment
4897,CC(NCC=C)C=CC[NH3+1],-3.77,augment
4898,CC(C)C(CN)C(C)(C)CCC=O,-2.24,augment
4899,OC(=N)NC=CC=CC=C1C=C1NC=O,-3.98,augment
4900,O=CNNN(C=NC=CC=CC=CC=NC(=O)N=C=C[C@H1])Cl,-4.1,augment
4901,C1C(C)=C1C(C)C=CC=C(ON(CCCC)C2C)C2=N,-3.99,augment
4902,C[NH1+1](C)[C@@H1](CN1C(C)CC=CC=O)C(C)=CC1=NC#CCCC,0.0,augment
4903,CCCCC(C)C=CC(C)CC=C(CCCC)NCCOC,-2.71,augment
4904,C=CCNC(=O)C1C=CC=CC1CC,-3.69,augment
4905,CCC1=CC=CC=C1C[C@@H1]NC=C2C3=CC=CN=C3C(=N)N=NN(C4)CCCCC4C=C2,-5.04,augment
4906,O=CC=CC1=CCC=C1C=C2C(=O)NCCCSC2(C)C=CC=CC,-4.91,augment
4907,C=C[C@@H1]CCCN(CC=O)NC=NC=S1N(C)CCO1,-3.68,augment
4908,C[C@@H1]=O,-2.33,augment
4909,O=CC1=NCCOOC1C=CC2CCCC(F)CC2=O,-4.18,augment
4910,C=C(ON[C@H1]CCCN=C(N=C=N)NCCCCCS)CN=N,-0.65,augment
4911,CC(C)=NC1=C(F)CC=C1C(C=2)CC=CC=C=2,-4.1,augment
4912,C1=C2CCC1(C=CCCN(C)C3=O)[C@@H1]=C23,-4.38,augment
4913,CCNNCNC(C)(O1)C2=NC2C=C1CSN(C)C,-2.93,augment
4914,CC(C)C[NH1]C=CSCBr,-2.93,augment
4915,C=C1C[C@@H1]COC2C(CCC=CC=C1)=C2NSC(C)NC3=CC=CC=C3,-5.28,augment
4916,C[C@@H1]CCC(C)CSC(C)[C@@H1][C@@H1]S1CCC=CC1=C,-3.65,augment
4917,CCCC1CC(NN(C)C(C)=NN1N)NC2=CCC=CC=C=C3C=C3CC2=O,-4.3,augment
4918,COC=CC=C(CNCCCC=CC=C(O1)CC1C)COC,-3.62,augment
4919,C1CC=C=N[NH1]1,-3.25,augment
4920,CC=CC=C(N[C@H1]CCNC1=CC=CC=CCSNN=C(C)CC=2C=C13)C=23,-5.95,augment
4921,C#C[C@H1](O)C(C)=CC(=O)C=O,0.0,augment
4922,CC[C@@H1](C)OC=O,-2.59,augment
4923,CCCC1C=CC=C1CN=C(O)C=O,-3.09,augment
4924,CNC[C@@H1]OCC[C@H1]CSC=CC(C)CCF,-1.96,augment
4925,CCOC=CC=CCCC1=CC=CN=C1C2=CC(CCCC=C[NH1]2)N=O,-4.89,augment
4926,COC1=CC=C[C@]1(OCCC(NC)CCCCC(F)=C)NC=CCC,0.0,augment
4927,CCC(=C)NS(C(=O)N1C=C2C=C1)COC=CC3=CC3OC=C2CNC,-4.6,augment
4928,C1C=NCCC2N1C=CCCO2,-3.53,augment
4929,CC=CC(C=CCNC1CCCCCC[C@@H1]CCCN1C2CCN)CS2,-4.93,augment
4930,CCC=CN(CCl)C=O,-2.91,augment
4931,CCC=CC=C(OC(CC=O)([NH1+1])[C@H1]1C)CC=C1C,-3.19,augment
4932,OC(=O)NC1OC2CCN1CN2C[NH1+1]CC=C(C)CF,-2.87,augment
4933,CCOC=CC=O,-2.47,augment
4934,CCN=CC1=CCOC=C1CS(O)CC2C=CC=CC=CC=CC=N2,-5.21,augment
4935,O=C(/CC/CNC=CC1=CC=CC=C1F)C=CC=CC=CC=CC=CC=C,-4.27,augment
4936,CNC=C1CC1(NCCC(C2)CC=CC2C)C,-4.52,augment
4937,CNC(=O)[C@]CSCSCNC1CCCCC1=C,-3.31,augment
4938,CCCN=CN1[C@@H1](CNSC)CSC=N1,-2.65,augment
4939,CCC=CC=CC(=O)CCCCCC1(N)C(=O)C1C,-3.07,augment
4940,COC[C@H1]CSC[NH1+1][C@@H1]N1C2(C3)C=C(O)CCC3NC(O)C=C2N=C1,-3.01,augment
4941,CC1CCN(CCNC)C2C3C2(C)NC=C3C1CCC,-3.52,augment
4942,CC=CC=CC(C)CCCC[C@H1]CCCC1=CC=C2C=C12,-3.62,augment
4943,CCN=C=CCCOC=O,-2.78,augment
4944,C1[C@H1]C[C@H1](C2SCC3(C)C[NH1+1]2)C34CC1(F)C(C)C=C4F,0.0,augment
4945,CC1=CC=CC=C1C=NC,-3.44,augment
4946,C1[NH1+1](C)CCCCCC=CC1,-3.74,augment
4947,CCC(CC)=CC(=O)C(NC(=O)C[C@@H1]C=CC(=O)C)=CC,-4.82,augment
4948,CNC1=CNC(C)C=C1NC(=O)SCN(NC)CC2CCC=C2CCCC,-2.81,augment
4949,C1C(C)CCC[C@@H1]S(=C)(C)(C)CCOC1O,-4.49,augment
4950,O=C(C=CC=CCCC1=CCCSC1C)OCCCC2=CCC[NH1]C=C2,-4.77,augment
4951,CC1(C(C)C2=CC2)CCCN(NC)N=C1C=CC3=C[NH1]3,-4.5,augment
4952,O=C(N)[C@@H1]C=CC(=O)CCCN(C=C1C2=CC)C1OC2C,-4.55,augment
4953,CCOCC(=O)N1NC=CC(=O)NC1C2=CC=CS2CC,-4.13,augment
4954,CCCCCNC=COC(S1(O)N[C@H1]NC=NN=CC=CCCCC)=CC=CC=C1,-3.18,augment
4955,CC(C)C1=C(C=CC=N1)CC=C,-3.28,augment
4956,COOC(CCC)C(C)NCNCCCCCNC=CC=C(C)C=O,-0.94,augment
4957,C1CCC=CNC1CN(C)C(O)CC=CCNNCCC=NN=NON(C)CC,-0.93,augment
4958,CNC(C)CNC(=O)NC(=O)CC[C@@H1](C=CC1=CC1)C=CC=CCOCF,-3.88,augment
4959,CCCCC=O,-2.62,augment
4960,C1C=CC=C1NC=C(N)C=CC=C2C=CS(C)=C2C=CC=O,-4.14,augment
4961,CNC(C)CCC(CCNNN)(C)C=CC=O,-2.86,augment
4962,CCOC=O,-2.11,augment
4963,O=C=NC=NO[C@H1]=C=NNC=[C@H1]C=O,-3.9,augment
4964,C[C@@H1](O)[C@@H1]=[C@@H1]ONCC(CN=CC=CNCCNC[NH1+1])CCC=CC=CC=CC,-2.62,augment
4965,CC=CC=C(N(CNC=C)C1=CC(/N=CC2=C/C3=N)C=CC3C=C1)C2=O,-4.28,augment
4966,C1CCNCCCN(C=CC=C1C=CCC#N)NCOC=CC=CN=CCCC=C=C,-3.49,augment
4967,CCOC(=O)ONCCC1C2=NC=C1CC=C2,-3.97,augment
4968,COC=CC=CC(S)CNC=CC=C(N)CC(=C)CCC(N)C=CN=NON1OC1,-1.12,augment
4969,C=CC=CC=C1CNCCC=CC=C2C=C2NN1N=CC=CPC,-4.51,augment
4970,CCOC=CC=C(C=CCCO)C=NC=CSCC1C2=C1C2=O,-4.31,augment
4971,O=C(C)OC(=O)CCC(O)CCC=CCCCl,-2.51,augment
4972,CC1CC1(COC=O)NC=C,-2.85,augment
4973,C1OCOC(C)C=CCS1C(=O)N(C=CC=CCCC=CC2(C)CC)C=C2C=C=N,-5.23,augment
4974,CCN[NH1]C(C)=CC1(C)/NN=CCCC=C1NC=CCCC(O)=C,-3.07,augment
4975,CC/C1(C\CC=C1SCCC(=O)N)C=O,-2.87,augment
4976,COC(C)CC=O,-2.6,augment
4977,CC=NC1=CC=CC2CC(CC=O)C(=O)C2CCCOC=C1O,-5.17,augment
4978,CCCNC=CC1=CC=CSCN1CCC=CC=O,-3.76,augment
4979,O=C(CC=C=CC(=O)NN(C)CCCC1)CC=CON1CC=C,-4.51,augment
4980,C12CC3CC1C=CC=NC=CC=C32,-4.25,augment
4981,COC1=CC2=CC=CC=C2C(CCCC=CCCC)CCC=C1C=C,-3.78,augment
4982,C1OC1=O,-2.49,augment
4983,CCCCNC(O)[NH1]C=CC=CC=CCC1CC1,-3.39,augment
4984,CC(C[C@@H1](CC1CC=NN1)SC=CC2=CN2)(C)C[NH1+1]CC,-3.03,augment
4985,CCSC1([C@H1])CCONC(C2)[C@H1](N)CCC[C@H1]2C=C1SCCC,0.0,augment
4986,CC(C)CN=CC1=CC1(O)CC2CC(CCC3C2)=C3,-4.22,augment
4987,CCC(C(C)C1NC=O)NC=C(C)CC1CC,-3.63,augment
4988,CCC=NCC(=O)C=CC=CC=CCCNC1CN1OCC=CS=O,-4.15,augment
4989,C1C(C2)C=CC=C=CC(C(=O)C=NC=O)OCC2C1,-4.54,augment
4990,COCCCCC1=CS1=O,-3.36,augment
4991,CCC1=CC(NCCC=C1C(O)CC2N=O)C(F)CC2,-3.77,augment
4992,CC=C(CCCC)[C@@H1](C[NH1+1]C(C)NC=O)C,-2.89,augment
4993,C[NH1+1]C#CCC1C=CC=C2N(C#CCC=C2[C@@H1]1C)[C@H1]C=NC3=CC=C4C=C4NOC=CO3,0.0,augment
4994,CC=CC=CCC=O,-3.32,augment
4995,CCC=CC(CNNC(C)OC=O)C=CF,-2.39,augment
4996,CCNCC=C(CCCC(C=N)C=CC=CC1CC1O)C,-2.77,augment
4997,CCCCC1[C@@H1][C@H1](N)CCC=CC(N)CC=CC(C)C1N=CC=CC,0.0,augment
4998,CC(C)C=CNC=CC(C)=CC(=O)CCON=O,-4.32,augment
4999,CCOC=C(C=CC=O)C(=C)C=C=O,-3.62,augment
5000,O=C(CCN=C)C,-2.72,augment
5001,COC=C1C=C1CC#C,-2.79,augment
5002,CC(C)NC=CC(OCCNC=O)=CCC,-2.86,augment
5003,O=C(C1O)C#CCN1C=O,-3.34,augment
5004,O=C([O-1])C(C)C=CC,-3.46,augment
5005,C1CC#CC1CC(C)C=CC=CCCC,-3.37,augment
5006,CCCSC1(C=C1CNC=NC#C)C(C)CC=C2NC23CC3,-3.67,augment
5007,CCN=NC(C)CCCCNC(C)CC=CNNC1=CC=CC=C1,-1.79,augment
5008,C=1OC(C)[C@H1][C@@H1](C)CC(=O)NC=1C=NC=CNNCCCO,-4.5,augment
5009,C[C@@H1](CNCCC1C=C1)C=O,-3.28,augment
5010,CC1C2C=NC=C12,-3.24,augment
5011,CC1CN1NSCC(C=N)C=C2C=CN=C2Cl,-3.56,augment
5012,C1COC1CNCNCCCN(N)COC=O,0.0,augment
5013,C1C[C@@H1][C@@H1]1C[C@H1]SCCNN2C[NH1+1](O3)C=CC(=O)N2C3C,-3.12,augment
5014,C1C(CC(C)=C1C=C[NH1]C)CCCCC,-3.77,augment
5015,CC=CC(C)CC=CN=CC1CC=CC1(OC2)C2C3CC3,-4.19,augment
5016,C[C@@H1](N)OC=CN=CC1=C(Cl)CC12C=NC2=NC(=O)OC=CCCCC=C,-4.17,augment
5017,CC=CC=CC=C(C1(O)C(C)N1CCCC)CC=CF,-3.1,augment
5018,C[NH1+1](C)[C@H1][C@H1]C[C@@H1]CCCCOCOCC1C(C2)CC=C1C2C3CO3,-1.44,augment
5019,CC=NCC=CC,-2.89,augment
5020,C1C=CC=CC=CS1C(=O)NC=CC=O,-4.57,augment
5021,CC1=CC(=O)CC1C=C(S)CCNCOC=[C@H1],-3.72,augment
5022,COC[C@H1]C=O,-2.32,augment
5023,CC(C)OCOC(=O)NC1CCCNCCCCCCCC1(C)C=CC,-3.59,augment
5024,C12=CC=CC=C1C=CC#CCN2NC=CC[C@@H1][C@H1](C)C3=CC=CC4=C3C4=N,-4.38,augment
5025,C1C(N)N=CC=CC2=C3C=NC2CON4[C@H1](C(C)C4)C3C1,-4.65,augment
5026,CCOC=CNCC=C(OC(=O)N(C)CC=CC=C=NC=CC)CC=CSOOCO,-2.25,augment
5027,CCCC=O,-2.47,augment
5028,COC=CC=CC[C@H1](C)NC1(C2)NC=CC(C)=CC=CC=C12,0.0,augment
5029,CC(C[NH2+1]NC=O)N(N)C1=CC=CN(CCCCCC2CC2)CC1,-4.03,augment
5030,C1[C@@H1]CC2=CC(C34N1NCC3N5CCCC=C25)C4=O,-4.47,augment
5031,CCC=CC=C=[C@@H1]N(CCC1=O)NC(C2)=C21,-3.93,augment
5032,O=C[C@H1]CN[C@@H1][C@@H1]CCCCC=[C@@H1]CCC=CC(C1)=CC=CC(=C1)C,-3.64,augment
5033,CCN=CC(N)(CCC=C1)C1C=O,-4.03,augment
5034,CN(C)[C@@H1](C)C(=O)NC=O,-3.15,augment
5035,C1SCCCSN2C(COC=C2C3CC3=O)=CCC=C1,-4.66,augment
5036,C1OC(=O)N1CCC=C,-3.24,augment
5037,C1#CON(C)C1CC(=C2)N2,-3.97,augment
5038,C1CCCCC=C1C=CCC(N=CNCC=C(CCC)CC=O)C=C,-5.19,augment
5039,CC(C)CCCCCNCCC=C1CC2CC1=NN=N2,-4.46,augment
5040,C1COCCC1C=CC=C(NC=O)N(C)CC2=C=N2,-3.98,augment
5041,C1CNCOCC=CCCS1(CCC[C@@H1]2)CCCCC2,-4.6,augment
5042,CC=C1C=C(N[C@H1](C)C=O)CC(C)(C)[NH1]COCOC1,-4.33,augment
5043,CC=CC=C(C[C@@H1]CC(=O)C[C@@H1]1CCN)CCC=CC=CS1S,0.0,augment
5044,C=C(C)CCCC[C@@H1]C=NC(C)C=CCC,-2.73,augment
5045,C1C=CC1=C,-2.42,augment
5046,COC=NC=C(CCCCCCN(C)C=C(N)CC=O)CC=N,-1.48,augment
5047,CC=NS=C1/C=CC(C)CC#C1,-4.61,augment
5048,O=CC=CNCCNCC=CC(C)C=NC=CC=CNC=CC(F)S,-3.18,augment
5049,CC(C)C(=O)C(=O)/C1=CC2=CCC=CC2NC1(C)[N+1]Cl,-4.37,augment
5050,COC=CCC(=O)CCCOCCCC(C)(O)[O-1],-1.74,augment
5051,C[C@@H1]CC[C@@H1]SCCC=NCCCC=C1C=CNSC1CC=C,-3.16,augment
5052,CC(=O)NC=CC=CC=O,-4.04,augment
5053,C1C=NN=C1C=CNC[NH1+1]CCCC(C)[C@@H1],-3.85,augment
5054,C1OCCC(C=CC2[C@@H1](C)C3CCN[C@@H1](C4)C=C3[C@@H1]C=C24)C1,0.0,augment
5055,CCCC(C)C=C(C[C@H1]CCC=O)C,-3.26,augment
5056,CC(C)(CC1C=C2)C=C1OC=C2C=O,-4.01,augment
5057,C=[C@@H1]CC[C@@H1]CC[C@@H1]C=O,-2.83,augment
5058,CC(C)(C=CCCC)C1CCCC=C1C(O)C=CC(C)C,-4.37,augment
5059,CCC[C@@H1][C@@H1]C(=CC(=C)CSOC)COCC=C=C=CC=C,-3.05,augment
5060,CC(C)C=CC1(O)CCNC#CN=C2CC12Cl,-4.2,augment
5061,C1CCC(CC)CNC(O)C2CN(C=NC=C2)SC=CS1(=O)C,-4.42,augment
5062,C1CNC(C)N1OCNC=CC(C)OCCCC2O[NH1+1]2OC,-2.55,augment
5063,C=1CCN=C=1,-2.72,augment
5064,C1=C(N)C(=O)N=NC=C(O2)C=C=C(CC2C)OCCCC=CC=C1C,-4.93,augment
5065,CN(C)C(=O)CCNC(C)=NCC=CCCF,-2.69,augment
5066,C1[C@@H1](CNC=O)C=C1Cl,-3.45,augment
5067,CCOC(C)C(OCC=CC=C1)C=CC=C1,-4.18,augment
5068,C[C@H1](CC=NCC)C=O,0.0,augment
5069,CCOC[C@H1]OOCCC1C=NNC=NC=CC=C2C=CN=CC2C1=N,-3.04,augment
5070,C1=CC1CC2=CC=CN=C2C(=O)NCC=C[NH1]C=NN=NC=C,-4.68,augment
5071,CC=CC=CC=O,-3.26,augment
5072,C1C(C2)CC=CC=C=C2N[C@@H1]C3OC[C@@H1]1C3CCC=C,-4.3,augment
5073,C=CC=C=[C@H1]CC=CC=NC=CC1CCC=C1OC=NCCCl,-3.39,augment
5074,CC=CC=C(C)CCC=CC(=O)CC[C@@H1]C=O,-3.63,augment
5075,C1[C@@H1](C=O)[NH1+1]1CNC2=CC(C)CC=C2CF,-3.9,augment
5076,C1C2OC=C1C=C2C=CCC=CCCNC,-3.71,augment
5077,C1CNSC=C1C=NCC([C@@H1](C)C=O)CC#N,-3.6,augment
5078,CCC=CC=CN([C@H1](CN)CCCC=CC=NNC=CC1=O)C1,-4.18,augment
5079,CCCC(CC1)C(OC=C2C=CC(=O)C=O)CCC=CC=C2O1,-4.4,augment
5080,CC(C=C(C[NH1+1]CCCC)[C@H1]C=CC=CC=C=C)CCC=O,-2.96,augment
5081,C[C@@](CO)C(=O)C=O,-3.28,augment
5082,C[C@H1]CNNCCS(NCNCC)NC=C1CCOC1P,-1.61,augment
5083,C1C(C)(C[C@H1]CC)OC=C=C1C,-3.1,augment
5084,CCC(=O)C=O,-2.69,augment
5085,C=CC=CCCCC=C(CO)[C@H1](OC)C=CCC=C(C)C,0.0,augment
5086,C1C2[C@H1](C[C@H1])C=CCC(=N)C1C=N2,-4.1,augment
5087,CC[C@H1]CCC1C=C1C[C@@H1]C(N)CC=O,-2.87,augment
5088,C=CC=NC1(OCCCNCCC2[C@@H1](C)OOO2)C=CC=C1,-2.86,augment
5089,C#CC=NN=C(O)C=C(C[C@H1]NCC)CCC=CCC=NC=CF,-2.27,augment
5090,C1C[NH1+1]1NNC=NCC=NN=C(C=CCCCCF)S,-3.83,augment
5091,COC=CC=CCC=CCC1C=CCN1C,-3.84,augment
5092,CCNC(=O)[NH1]C=CSC=CC(C=NC=O)C([NH1+1])CCCC,-3.13,augment
5093,CCC1C[C@@H1](C[C@H1](C=CCNCC)C=N)CN=C1S#C,0.0,augment
5094,C1CO[C@@H1](CNN1C=NC(CCl)=C)C2=CC2(C)CC=CC,0.0,augment
5095,COC=CC=CC=CC(=C)C(=O)CN=CCC=CC=C,-3.17,augment
5096,CCCCC(N)C(C=CCC(C)ON=O)C,-2.16,augment
5097,CCCCCN=C(NCC1CN(C)C=CC=CNCCC)C1C,-3.79,augment
5098,CCOC(N)NCCC=O,-2.75,augment
5099,CC=NNN(C1)CNC(CC)NC=CC=C(C)C=CCC=N[NH1]1,-4.68,augment
5100,C=C=C,-1.73,augment
5101,CC=C(C)NC=C1C=C1CCC(N)C(S)C=CN=CC(C)C,-3.31,augment
5102,CC1=CC(=C)C=C1C(=C)/C(O)OC(C=2)CC=2C,-3.51,augment
5103,COC(=O)[C@@H1]C=CC=CC(O)C=CNCCCCC=NN=C,-2.72,augment
5104,CC=NC=CCCN[C@@H1]C=O,-3.04,augment
5105,CC[NH2+1]NCNCCCCCCCC(C)S(N)N(C)CF,-0.88,augment
5106,CCCC=NC=CC=C(C(=O)C(=O)NC(C)=NC=CSC)C,-3.89,augment
5107,C1CN=CC=C/C(N)N(C2=CC(O)C=C2)CS1,-4.01,augment
5108,C1OC=CC=CC1C(=O)NC=C[C@H1]COCCCCSC=O,-3.06,augment
5109,C1C=CC=CCC2=CCC=C2CCC(C)=CC=C1,-4.59,augment
5110,C1OCCOC=COC[C@H1](C2)C(CCC=C21)CCF,-3.74,augment
5111,O=C(C=CC1=C2C=CC=C1C2=C)CCl,-4.56,augment
5112,N#CC=CCCCOC[C@H1]CC=CC#CCF,-2.35,augment
5113,C=C(C)[C@H1]SCS1CCC(OC2)CC(C)CC(CC1C2)Cl,-4.52,augment
5114,CC1=CC(NSCNC(C)CCN)C1CC=CC=C=C,-3.21,augment
5115,C1[C@@H1](CC[C@H1]1NNCCOC=O)C2C3OC=C2CC=C3CCCC=C,-3.28,augment
5116,CCCOC(C=C)C(=O)CCC(C)CCC=O,-2.76,augment
5117,COC1=C(C)NC=C[C@H1]1C=[C@@H1]N[C@@H1]C[C@@H1](C)CC=CN=S=O,0.0,augment
5118,CC[C@H1](C[C@H1]1CCOC[C@]1C)CCCCCC2CS2O,-3.52,augment
5119,COC=CC=CC1CCCCC=CC=CCCC1,-4.29,augment
5120,CC1C=CNC23CCC1CN2CC(=O)N3CC(=O)C=C=C=O,-4.91,augment
5121,C[C@@H1]([C@H1])[NH2+1]C1C[C@H1]1NCCC2=CN=C(Cl)C=C2F,-3.18,augment
5122,CCCCCNC=C[C@@H1](C)C[NH1+1]CCCCNCCC#CS=O,-2.55,augment
5123,CCCC#CNCC(C)CCSC=O,-3.57,augment
5124,CC(C)CN1CCCOC(C=N1)C,-3.07,augment
5125,C#1CCC=C2C=CS#1(C[NH1+1](C[C@@H1]=CC=NNCO3)NC=NN(C)NC[C@@H1]C)C3CO2,-4.91,augment
5126,CCC([C@H1])(CC(O)[C@H1](C)N)C(O)C(O)C,-1.75,augment
5127,OC(=O)NCCCCCCCC[C@H1](CC)CCC=CC1=CN1,0.0,augment
5128,O=CCOC[C@@H1][C@@H1]CCOOCC(=C)CC=CC=CC=C1NCOC1SCl,-3.52,augment
5129,CC(C=CC=C1C2=CC=CC=CC2)C3=NC3N1C,-4.38,augment
5130,C1C=CC=CC=CC=C(NC(=O)CCNCNC(C)CC)C1C,-5.39,augment
5131,CC1=NCSNN1CC=CCC[C@H1]N(C)[C@H1]CC=CC=CN=C,-3.31,augment
5132,C1C=CCC2CCS([C@@H1])N2NN1CCNCCC=CC=CCCCC=NC=O,-4.11,augment
5133,CNC(=O)[C@@H1]C=O,-2.7,augment
5134,CC=NC=CSC(C)[C@H1](N)CC1CC=CCC1C=O,-4.2,augment
5135,CC=C(C=O)N=CC1=CCC=CCC2=CC2(C)CC1C(C)C=C,-4.38,augment
5136,CC[C@@H1](CC)C=O,-2.81,augment
5137,C1C(C)NCC=C1C(NCCC=O)(CC2CC2)N,-2.56,augment
5138,C[C@@H1]C[C@H1][C@@H1](C)NC1(C)C(C)O1,-2.72,augment
5139,CC=CC=C(S1)CCN(C)CCC23C1C=CC2=N3,-4.28,augment
5140,C1[C@@H1](OC=NCC=CC=CC1(C)C)CC=CN=C(Cl)C=O,-4.39,augment
5141,C[C@H1]CC=CCCC[C@@H1](C(=O)NCC1=NC=C(C=CC=CC=C1)ONCC2)C2,-4.78,augment
5142,CNCNCCC=CCSCCCNCCCC(C)CCNC=CC=CCC=C,-0.85,augment
5143,COC[C@H1](N)C=CCC(=O)C1=CC=CCC1=O,0.0,augment
5144,C1C(C)(N)CNC2=CC=C1C=NCN3CCCC3C2C,-4.73,augment
5145,CCC=CC=CC=CCNC(=O)NC[C@H1](C)C=CCC#N,0.0,augment
5146,COC#CCCCC(C)S(C)(=N)C(N(C1)NC(C)C=C1)=NN=CC=C,-4.51,augment
5147,CC([O-1])C1=C2C=C(NC=NC=CCC(C)C=C21)C=S,-4.92,augment
5148,CCCC[C@@H1](CCCC1)N1CCC=O,-3.51,augment
5149,CCOCOCOC=O,-1.91,augment
5150,CCCCC=1N(C=O)C=C=1,-3.19,augment
5151,CCCCC[NH1+1]CC=CCCN=C1C(=O)C[C@H1](C1C)CC=CCCOC,-3.09,augment
5152,C[C@@H1]CCNC[C@@H1]CCNC=CC=O,-2.74,augment
5153,C[C@H1]OCC=CC=CC#CSC,-2.82,augment
5154,CC=CC=CCN1CS[C@H1]C=CN=CC(S)C(=N)C=C1C=CCON(CN(C)C)C2C=CC2,-4.9,augment
5155,C=1CCC[C@H1]C(O)C=CC#CC=1COCCC2C=N2,-4.02,augment
5156,CCC(C)N=CCC(C)CCCO,-3.59,augment
5157,CCOCCNN1NC(=O)C2C=CC=C2CCC3C=C31,-3.69,augment
5158,C1[C@@H1]CC1,-2.01,augment
5159,CCC=C(C)C1C=CC(C)C(N)CCC[C@@H1][C@H1]CC(S=2)C=2C1,-4.7,augment
5160,CC=NC=CC=CC=CC1C=C1[C@H1](O)C=CS(C=NC=CC)(C)CCC2C=C2C,0.0,augment
5161,COC=C[C@H1](C)CCCC#CNCC(CC)COC=C,-2.13,augment
5162,CNC(=O)C=O,-2.68,augment
5163,O=C(C[C@@H1](C)C=CC=NCC=CC=CN=CNCN1C=CC=C)C1,-5.26,augment
5164,CC(C)N1NC=NN1CC=CC=CC=CCOCCC=CC=C,-3.54,augment
5165,C#CC=CC=CC=CN=C(Cl)NNN/C=NC=NC1(S)CSCC1=C,-4.38,augment
5166,COCCCCCC=C=NCC(O)[C@H1]CCC1C[NH1]C(O)C#C1,-1.57,augment
5167,C1C(C)C=CN1COC=CNCCCNNCSN2C[C@@H1]C=CCN(COCC3)C=C23,-2.56,augment
5168,C1CCC(=O)C1C2(CCCNCSNC3=NC=O)C3C=CC2,-4.94,augment
5169,C[C@@H1](C)NCC=NC=COC(F)S(=O)CC,-3.08,augment
5170,CC(C)C=[C@H1]NC(O)CCOC=C(C1=CC=C=CC1=C)O[O-1],-3.82,augment
5171,O=C(C)[C@@H1](C)N(CNC=C)C=O,-3.19,augment
5172,C12[C@H1]C[NH1+1]CCC[C@@H1]1C[C@@H1]N2CCC(C)CC,-3.74,augment
5173,N#CCCCN(CC1)C(OCCCCC)CC1CN=CC=O,-2.79,augment
5174,COC=CC=C(C[NH2+1]CCNC=CC=C/C1=CC2=CN=C1OC3=C2)C3O,-4.76,augment
5175,COCCNC[NH1+1]CCCNC(C1)NCCC2=C1C=NN2SCl,-2.41,augment
5176,CC(=O)NC1C=CN(O)C(C)C1CC=C2S=N2,-4.06,augment
5177,C=CNC1(C)CCCCCC(C)NC1C#N,-3.13,augment
5178,CCCCC(C)=CCC[NH1+1]CC=O,-2.96,augment
5179,CC(C)NC1=NNNC=C2C(C)(CN2CCS)C1(C)C=O,-3.9,augment
5180,CNC=CN(C)C(=O)C1C=CN(C=CC=C)N(C)C=CC=C1C=C,-4.51,augment
5181,CC1OC=CC[C@@H1]C[C@H1]([C@@H1])[C@@H1]CCNC(C)C1C2=CCOC=C2,-4.22,augment
5182,CCOC=CC(=O)C(C)OC=CN(CCC=CC=CN)OCC=C,-2.23,augment
5183,CCOC(CC)C(N)C(=C)C=O,-2.55,augment
5184,CC1=NNC(OCCCC(C)S1)C(C)C2(C=C)C#C2,-4.61,augment
5185,CC1=CC(CCN1)C=O,-3.52,augment
5186,CCCC=CC[NH1+1](C)C=O,-3.34,augment
5187,CCCCNC=CC=CC=C1C=CNC=N1,-3.7,augment
5188,C[NH2+1][C@H1]CC[C@@H1](CCCC)C(C)(O)[O-1],-2.25,augment
5189,COC=CC=C(OC(=O)N=CCC(C)CCC=CC)CCS,-2.6,augment
5190,CCOC=C=C,-2.31,augment
5191,COC(=O)C[NH1+1]=C(NC)C(C)C1(CCCC)COCCCC1C,-3.7,augment
5192,CCCN=CC1(C=NC=O)CC=C1S,-3.39,augment
5193,C12C(C)CC1=NC=C=C2C=CC=CCF,-3.67,augment
5194,C[C@@H1]C[C@@H1](C(N)C(=O)SCC=O)C(C)[C@@H1]SCCCC(Cl)=C,-2.51,augment
5195,CCC=CC=CCC(C1)=CC=CC=N[C@@H1](C)CCCC#C1,-3.83,augment
5196,CCCC[C@H1](C)[C@H1]C(C)C=O,-3.24,augment
5197,C=1[C@@H1](C)OC=1CC2C(Cl)(C)[C@H1]CCCCC=CN2CCC=O,0.0,augment
5198,CCN(C=NC(=O)SCC=CN=CCCl)CC,-3.04,augment
5199,CC#CC=O,-2.64,augment
5200,COC1=CC=CC=C1[C@@H1](C)C=NCC=CC=CC,-3.57,augment
5201,CN[C@@H1](C)C(C)C=CCCCCF,-2.48,augment
5202,C1CCCCC(C[C@@H1]C2OC=CCC([C@@H1])C)CCNCSC3CC=CN1C3CC2,-4.93,augment
5203,CC(CCNC(=O)[C@H1]C)NC=CC1CC=C=C1C=O,-4.01,augment
5204,C1CC2=CC=CC=C12,-3.04,augment
5205,CCOC=CC=C(OCCC=CC(C)C=O)S,-2.81,augment
5206,C1OC(=O)C=CC=C=CC2CC21,-3.73,augment
5207,O=C(CCC1C2CC=CC(=C3)[NH1]1)N(C)CC(C)C=COC23,-4.52,augment
5208,C1OC=NN=C1[C@@H1]CNCCCC(=C)C=CC=N,-2.67,augment
5209,O=CNCN=CNCCF,-2.97,augment
5210,C1CC=CC(C(C)NCOC1NCC2NCCC=C2CC=CC3)=CC3C,-5.13,augment
5211,C[NH1+1]OC1=NCC2CCC=C2C=CC3C=C31,-4.72,augment
5212,CCOCC(O1)C1=O,-3.01,augment
5213,C[C@@H1]S[C@@](C)C(=O)C=CC(=O)CCCC=C(F)CF,-2.75,augment
5214,O=C(CCC=CC(=C)C=CCF)C=O,-3.4,augment
5215,CCSC=C([C@@H1](C)NC=O)S=CC=COCC,-3.42,augment
5216,CC(CC1C2C)=CC=C2SC=NC=C=C1CC=NN=C3CC3=NC=N,-5.48,augment
5217,C=C(C)C1=CC=CCC=NC(C)[C@@H1]C=CC2C1(CC)C2,-4.51,augment
5218,O=C(CN)C(=O)NCCNCCNCCC=CC=C1CC=CN=N1,-1.08,augment
5219,CNC(CCCCC(C)C=CC1=CC=CC=CC1C)CC2=CC=CC=C2N,-4.2,augment
5220,C1CCCC2([NH2+1][C@@H1]3C(=O)CC4CC42C)C3C=C1C,-5.05,augment
5221,CCOC[C@H1](C)CCCCC=NC(CCCCC1Cl)C1N=O,0.0,augment
5222,CC=CC=CC(C1(C)CC=CNCNC(C)C=CC2)C1=C2,-4.82,augment
5223,CCCC[C@@H1](O)C#COC[NH3+1],-2.83,augment
5224,O=C=O,-2.12,augment
5225,CC(C)(F)[C@@H1](NC(=O)[C@@H1]=CCCCC=C1CC)CC=C1,-4.51,augment
5226,COC(=O)NCOCCC=CC=O,-3.09,augment
5227,C1CCCC(N)C1=O,-3.46,augment
5228,CCNC1=CC=CN=C1S=CCC,-3.46,augment
5229,CC(C)[C@@H1]CCCN[C@H1](C)[NH1+1]CCCC(C)(C)C=NNC=C,0.0,augment
5230,C1NC=CN1C(=O)C[C@H1](CCCNN([NH1+1])COC)CC(C)C=NN,0.0,augment
5231,C1[C@H1]C=CC=C(NC2C3N[C@@H1][C@H1]CC(C)=NC=C(C)C)C3N=C21,-3.76,augment
5232,CCCCC(C)CCC1(CCC=C1SCOCCCC=O)C,-3.46,augment
5233,CCOC=O,-2.11,augment
5234,CC[S@]NC=CC1SCC2C=C1CC=CC=CC=CC=C=C2N=N,-5.79,augment
5235,C1C=C(NCO)CC2CCC1C(C)=C2CCF,-4.64,augment
5236,C[C@H1]CC=CNC1OC=CC1CCC=CC=CNC(N2)=C3C=CC=C2CC(C)=C3,-4.74,augment
5237,OC=CC=CC1=NN(C)CCC2C=C2CC=NC=C1C3=CC3,-4.56,augment
5238,C=COC[C@H1](C)NCC1=C(S)CC1CF,-1.74,augment
5239,CC1[C@H1](CCCCC[C@H1]CS2C(C)=C1C=O)C2(C)C(O)C,-4.0,augment
5240,[NH3+1][C@H1]C=NN1C=C(CC=CC2=CC=CC1C2)C,-4.17,augment
5241,CC=CC=CC(=C)C(C)N1CC=CN1[C@H1][C@@H1]=NC2=CC=CC=C2,-4.27,augment
5242,CC=CC(C)(O)CC1CC1(O)C=O,-3.35,augment
5243,C1C=NN1C,-2.32,augment
5244,COC=CC=CNC=N[C@H1]C=NC(C)CF,-3.04,augment
5245,CCC=1NC=CNC(=O)NC(Cl)NNC=1C=CC=CC,-4.05,augment
5246,O1CNC(=N)CC(C)=C(C)C(Cl)=C1C(C)CSNOC,-3.01,augment
5247,CCN=CC=CC1=CC2=NC=CC=CN=[NH1+1][C@H1]2C(C)C(O)C=CC=S1,0.0,augment
5248,CC(O)CC=CC=CCOC(=O)CC=CC=CC(C)=CCl,-3.84,augment
5249,CCC=NC=CCNC(=C)CSC=CC=C,-3.28,augment
5250,CCCCCC(C(=O)NC(=O)CCCC=CC1)C1,-4.3,augment
5251,CC=CC1=NCN=C1CC=CC=CCC=C(C(=O)[O-1])C=O,-3.98,augment
5252,CC(=C)CC1=CC=C(C=C12)CC2=C,-3.69,augment
5253,C1OC1=O,-2.49,augment
5254,CCC1=CC=CC=C1CNC(=O)NC=NC(=O)C=CCCCC,-4.36,augment
5255,CC[NH1+1]C=O,-2.39,augment
5256,CCNC(=O)CC(=O)C=CNC(O)C=CC=C(F)C=O,-3.59,augment
5257,C12OC=C(OC(C)C[C@@H1][C@@H1]1CC=O)CCCC2,-4.04,augment
5258,C1C(C)C=CC=C1C#N,-3.5,augment
5259,CC1OCCCOC=C1NN2C(=O)NCC(=C)C=CC2C,-4.34,augment
5260,CCC1=CSCC1CNC(=N)NC2=CC=CC=C[NH1]CC2,-4.58,augment
5261,CCN1CCCCCOC[C@H1]CCC[NH1+1]C1,-3.72,augment
5262,CC(=C)NCCC=CCCCCCCOC=NC(=C)C=CC,-1.47,augment
5263,COCCC(CS(=O)=O)N1CCCC(C=C)C#C1,-3.87,augment
5264,CCOC[C@H1](N)C(N1)(O)/N=C(\[O-1])C=C2CCCC21C[C@@H1]F,-2.52,augment
5265,CC(=O)NCCC=CSCCl,-2.86,augment
5266,C[C@@H1](OC1CC=CN1)C2CC2(C)NN(C)CC=C=CC,-3.14,augment
5267,OC(=O)/N=CC1=CC=CSCCN1CC=CC=C2C(=C)CC2CCC,-5.21,augment
5268,O=C(CNN=CC=O)CC12CCCC1N2,-3.42,augment
5269,C=CC=CC=CC=C(C1)C1,-3.41,augment
5270,CC=CC=C1C(=O)C=CCC(CC2CC)C(CC=C2)CCC1C=N,-5.15,augment
5271,C[C@H1]C#CC1[C@@H1][C@@H1]1OCC=O,-2.88,augment
5272,CC=CCCCC=C(C(C)C[NH1+1][C@@H1])CCC=O,-2.94,augment
5273,CC(C)C[C@@H1]1CCCC[C@@H1]1CN=CCCN(C)OC,-3.59,augment
5274,CC(C)NCC=CC(=O)C=CC=CC=CC(Cl)S/C=CC=O,-3.77,augment
5275,C1CC=CC=C1CC(CC)(OC)CCC=CCSCC=O,-3.3,augment
5276,COC=CCC=CC#CSC=CC=O,-2.95,augment
5277,CCCC(CCNC=O)=C,-2.89,augment
5278,C[C@](C)[C@@H1][C@@H1]NC(=O)C=O,-3.4,augment
5279,C1C=CC1C(C)NCCCCC(C=NC(C)C2CC23)=CS3,-3.6,augment
5280,CC(=O)N=CCC(N1C(C)=CC(C)C1=C)CCCCC=S,-3.54,augment
5281,CC=CC(O)CCCC(=O)CC=CNCCCNC=O,-2.45,augment
5282,C1CC2=C1CSCNC=CC=C3CCC24C3C5=CCC5=C4,-5.17,augment
5283,CC1(C)[C@@H1]=CC=C1C(=O)NCC=C2C=C2NN=O,-5.32,augment
5284,C1CC2C=CC(NC(=O)CCNC=CC=CC(=O)C[NH1]2)CC1,-4.39,augment
5285,O=CC=1N(C=NC(=O)C=CC(C)CC=1CN2CCS(C=O)CCC)C2,-3.7,augment
5286,CCN=CF,-2.01,augment
5287,CCC=C(SC(C)(N)C(O)C=C=C=C)CF,-2.8,augment
5288,CCNC(CCC[C@@H1](C1)CC=CC1CCl)O,-3.58,augment
5289,O=CN1CC[NH1+1](F)C1F,-2.72,augment
5290,CCC=CC=CC=C=C=CS1(O)[C@@H1]2CCCC=C12,-4.6,augment
5291,CC=C1C(N)SNCC[C@H1](CCCC)C1ON,-3.5,augment
5292,C[C@H1](C)[C@@H1][C@@H1]CCCC1(O)CCC=C1,-3.28,augment
5293,CCNCCC1C=C1OC(C)C[C@H1](C)CCNCOC(C)C(=O)CCCCCS,-0.67,augment
5294,CC=CC=NC#CON(C)CCCCCCCN(C#N)CC=CC=CC,-3.59,augment
5295,C1C(=O)N=C2CO[C@H1](C)CN2C1CC=CC,0.0,augment
5296,C=CC=CNCC(F)NC=C(C)CNC[C@H1]CC1NC(O)N=CC=C2CC2=NC1=C,-2.06,augment
5297,CC[C@H1]CNC=CC=COC(N)C=C[C@@H1](C)CC#C,-2.97,augment
5298,N1C(=C)N1CCCC(NC2)CC2CNN3SCC45S3CCC4C5C=O,-4.28,augment
5299,CO[C@H1]C1CO[C@@H1]CC2CCC(C)CC=CC=C2CS1,-4.28,augment
5300,CCOC=C(SCCC(N)CNCNC=O)NO,-0.85,augment
5301,C[C@H1](C)C(=O)C=CC=O,-3.26,augment
5302,C1CCC1(C)C(O)N[C@@H1]C(C)N=CSNNNSCC=C=C,-1.67,augment
5303,CN[C@H1]([C@H1]1)CC[NH1+1]CCCC(C2)=C1COC2=CC=C,-4.31,augment
5304,O=C(CNC=CC=C=CCC)NC,-3.3,augment
5305,CC=CC(N[C@H1](C)C=NN1C2=CC=CCC=CC1)C2C3C=N3,-4.49,augment
5306,O=C(CC)CCCCCCCl,-2.98,augment
5307,CCC(C)C[NH1+1](C)C=O,-3.24,augment
5308,N#CC=C=C=CCS(O)NC=O,-3.27,augment
5309,O=C(C)C1=C2C=C([O-1])N1C(=C)CCOC(C)C3C=C3C=CC=C2,-5.35,augment
5310,CCC=CC=CCCC1NNCNCCNC[C@@H1](C)NC[NH1+1](C)CCC2=CS2(C)CC1,-4.39,augment
5311,CCN(CC[C@H1]C(=O)C(=O)C=CC=CO)CC[NH1+1](C)CC=O,-2.45,augment
5312,CNCCC(N)C(=O)CC=CC=C1C=CN2C=C1[C@H1]NCCC=CC=CCCC2C,-4.12,augment
5313,O=C([O-1])NC(=S)NC=C1CC1NC=CCCN(C)C=CSSN,-2.76,augment
5314,CC=NCC=CC(=O)CN=CS=C(C=CN=CCC)C=O,-3.4,augment
5315,CCNCC(CNC=O)[C@H1]CCCCCCNCCC[C@H1](C1)C#CC1,-3.53,augment
5316,C[C@@H1]1O[C@H1]1C=CC=CC=CC=CC=C,0.0,augment
5317,CC(=O)NC[C@@H1]C=NC#C,-3.01,augment
5318,CCOC(CC)SC=O,-2.71,augment
5319,C1[C@H1]2CSCC1([C@@H1](C)NC(CC3)O3)C=C2C#C,-4.23,augment
5320,CC=CC1=C2C=C2C=C=CN[C@H1]1CCC=CC=CC=C=C,-4.8,augment
5321,CC=NN(C)C=CC(=C)PCCC=CC=CC1COC1C=NCO,-3.6,augment
5322,COC=CCC(COCC=O)C1=CCCNC1C,-3.13,augment
5323,CC(N)CCCCC1CC1CCC=CC(C)CCCOOC=C,-1.91,augment
5324,CCOC=NC=C(C=C[NH1]C(C1)CC1ONN2C=CCCC2C(C)C)CC,-4.04,augment
5325,C[NH1+1](C1)CCNO[C@H1](C=CCC[C@@H1]1CC=O)CCC=CCOC,0.0,augment
5326,CCCCC=CN=CCC(=O)C=O,-3.09,augment
5327,CCCC=NC(C)CCCC1NC12[C@@H1]C(=O)[C@H1]2C,-3.21,augment
5328,CSCCCONN(C(=C)C(=O)C=CC)CC=O,-2.36,augment
5329,CC=CCCCCSCCCNSCC=C=O,-3.09,augment
5330,C[C@][C@@H1](N)C(=C)C=CCCCl,-3.22,augment
5331,CC=CC=CNC#COCCCCCC=CC=C1NC1NNCCCOC(C)=C,-3.05,augment
5332,O=C(N)[C@@H1][C@@H1]C=CC=CC(=O)C(C)C=C1OC=CC=C1[N+1](=O)C=CC,-4.75,augment
5333,C1C=CC=C1CCCC(O)C=C2C=CC=C2CC=C=C,-3.93,augment
5334,C1=CC=C1C=O,-3.07,augment
5335,C1OC=CC=CC2=C1S2NNC=CC=CC=C(O)[C@H1](C)OCCOC#C,-3.94,augment
5336,C[C@H1]C(=O)/C=CC=CC=CC=NCC=NC=CCCCCC=C,-3.9,augment
5337,CSCC=NCCNNNC(C(=O)NC=CC=CC=C1C)=C1N,-2.48,augment
5338,N1C=CC1(N)CN2NC(O)C=C2ON=CC=CC=COSO,-4.61,augment
5339,C[NH1+1](C)C[C@@H1]CSC=CN(C(=O)C=CCCl)C=C,-2.36,augment
5340,CC[C@@H1](CC)CC=CC=NC=C[C@H1](CCC=O)N=NC=C(CCCC1Cl)[NH1]1,0.0,augment
5341,CC(C)(F)C(C(=O)NC1CC=C2C=C2)C(C3)=C31,-4.37,augment
5342,CCC(=C)N(C=O)CC(C1)C1,-2.88,augment
5343,CCOC=O,-2.11,augment
5344,C1C=NC=CC=CC=C1C2NC2=O,-4.73,augment
5345,O=C(C)[C@@H1]CCO[C@H1]C[C@@H1]COC1OC2C=CCC2OCC=CC=C1,-3.15,augment
5346,CCOC=CC[C@@H1][C@@H1]C=O,-2.74,augment
5347,O=C(CN)C=NCCCCC=C(C)C1(C)C=CC=C1,-4.02,augment
5348,C1[C@](O)OCCC=CS1C2OCC=CC=C2C,-4.09,augment
5349,C1=CC[C@H1]1C=CC=NN,-3.32,augment
5350,CC(C)C(=C)C=CC=CC1=CCCN[C@H1]1OCC[NH2+1],-3.16,augment
5351,C1COC=CNS[C@H1]CCOC=CC=C(C(=O)C=O)C=CC=C1,-4.81,augment
5352,CCCCCNC=C(N=C(C1)SCCCC(NC)=CC(C)C)OS1,-2.1,augment
5353,CC([C@@H1])(C)C(=O)N=C(N)[C@@H1](C)C=O,-3.49,augment
5354,COC=CCOC=C,-2.46,augment
5355,CC1=CC=CCC=C1OC=CC=NCNCCC=CC=C,-4.74,augment
5356,O=C(CC12N(C)CC=C1)C3[C@H1]CCCCC=C2O3,-5.24,augment
5357,C=CC=CC=C[NH1]C1(CC[C@H1]([NH2+1])N(C=O)CCCOC=C1)CCOC,0.0,augment
5358,C1CCC[C@@H1]C=NCCNC=CCC2C(C=CN=C2S=O)CC1C,-5.3,augment
5359,CC=C[C@@H1](OC)C1(C=O)OC2=C1C2=O,-3.61,augment
5360,CC(C)C(C)CCC=O,-3.36,augment
5361,CCCCC1C=CC=C1F,-3.02,augment
5362,C1OC=CC1(CC=CN)CCC2NCC(O)C2C=O,-3.81,augment
5363,CC[NH2+1]C[C@@H1]CCNC[C@@H1]SCNC[C@H1]C=O,0.0,augment
5364,CCCOC=C(CNC(=O)C1CC)[C@H1]C=C1C(C)=CC=N,-4.19,augment
5365,COC=CC=CCNCCNC1[C@@H1]CCC=CC2=NC=C(C)C2(C)C3=NN13,-4.3,augment
5366,C1C(C=C[C@H1]1C2=CC=O)CC=C=C=C/C(C)S=C2C(=O)C=N,0.0,augment
5367,C=CN=CNCCCCCC1=[NH1+1]C1CCl,-2.55,augment
5368,NCCC=CCCN(C1)CCC=CN1CC=O,-3.05,augment
5369,CC=CC1=CC=NNCNC[C@@H1]CCCC=C1C=CNNNC=NC[C@H1]CCC=O,-4.24,augment
5370,CC1C=CC=C(CC[C@H1]C([C@H1])NC2(C)CC23CC)NS3CC1,-4.87,augment
5371,CC=CC=CC=O,-3.26,augment
5372,O=C(O)[C@H1](N)C=C1C(O)C=C1COCC(F)CCN=CN=CC=C=C,0.0,augment
5373,CCOC=C(N)C(C)CC[C@@H1][C@@H1]COC=CC(C=CC1C(C)CC2)CCCC=C12,-4.1,augment
5374,C1OC=CC=CC=C1N2C3=CCCC2C3NCCCSC,-3.74,augment
5375,CN(C=CCC1=O)NC=CC1C2=CC=CC=C2N=CCCCC,-3.89,augment
5376,C1[C@H1]C1=O,-2.81,augment
5377,O[C@H1]C=CN=C(C1CCC)CN1CCC=CC2CC=NN=C2C,-4.76,augment
5378,CC(C)(C1)[NH2+1]1,-2.55,augment
5379,CCC[C@H1]=[C@H1]CCCCC(C)NC([C@H1])CCCCCF,-2.1,augment
5380,CCC=CC(C(=O)C=O)C(C1)CC=C(C=NN(C)CNC1)OCCCC,-3.89,augment
5381,CC=NN(CCC)CC(CNCCCCN=NCC=NC=CC=O)C1=CC1,-1.17,augment
5382,C1C=NC=CCC=C=C(C=C/C=CC=CNCNNC=CC=CC=C[O-1])N1Br,-5.42,augment
5383,CC[C@H1]CCOC=CC1(C)C=CC=C1NCCN=O,-3.96,augment
5384,CCC(=O)CCCCCC(C1)CCCC1C[NH1+1]NCCC=CC=O,-3.63,augment
5385,CC(CC[C@H1]O)(OC(C)(C)C=CCl)COS,-1.13,augment
5386,O=C(N)C=CCN=CC=CC1(C)CCC=C1C=NC(O)NCCCC,-3.75,augment
5387,CC=CC=O,-2.7,augment
5388,O=C(N)NC(CCCNC)=CC=O,-3.42,augment
5389,C=C=N[C@@H1](N=C1NC(C)C1)CC=NC=CS#N,-3.46,augment
5390,C1=CCC[C@H1]CC(=O)CN1C2CNCCN2C=O,-4.21,augment
5391,CC=C(N)N(O)CCCC(NCCOC=CC=CF)C=NC=NC,-1.92,augment
5392,CCCCCC(C(C)NC(=O)C=CC=CCCF)P,-2.7,augment
5393,CC=NN(CCCC)CC=CC=CC=CN(CC)CCC=CC#CC,-3.2,augment
5394,CC=CC=O,-2.7,augment
5395,COC(C)(C)C=C(OCC)CCN[C@@H1](C)C(CC)=O,-2.8,augment
5396,CCCC=C(C)C1SC(C=CCCN)C2=CC=CCC2OC1C=CS,-5.06,augment
5397,CCCCCC=CC=CC=CC=CNCCCNC=NC[C@H1]C=NC=O,-2.53,augment
5398,C[C@H1]C1=CCC=C(C2SCCS1C3=NC4(C)C=CN=C4[C@H1]3)COCO2,-5.21,augment
5399,COC(=O)[C@H1](C)N(C(C)C=CC1)CC1(O)C,-3.25,augment
5400,CC(C)[C@H1]([C@@H1](C)C=O)CC,0.0,augment
5401,C1CN1C,-2.06,augment
5402,C1C=CC=C([C@H1]C2[C@H1]CCCCC(C)CC=CN21)CCC,-5.13,augment
5403,C1=C2C(C)[C@@H1](O3)NCCCN3C2O1,-3.75,augment
5404,C/C(=NN)C(C(C)C=COC)=CC=O,-3.4,augment
5405,COC[C@H1](C(=C)C=CNC=NC=CCC=CC=C)[O-1],0.0,augment
5406,C1C(C)=[C@H1]CCCC(=O)C2C=C1C2=C,-4.48,augment
5407,C1=CO1,-2.08,augment
5408,C1C=COC=CC=C1CCC(=O)CCCNC(S)C=CC=C(F)C,-2.8,augment
5409,CC(O)C=NC=CCC=O,-3.11,augment
5410,CC(=O)C1CCNC1CNCCCCCCCCC=CCCC(=C)NCF,-1.66,augment
5411,C[C@H1](C=CC=CC(=O)CCC=CC)CC1CC1(C)CCCC,0.0,augment
5412,CCOC=NC=C=C1CS(=O)C2[NH1+1]1CC[C@H1]CCCOC=CC=C2,-4.9,augment
5413,O=C[C@@H1](CC=NC(C)=CC1=CC(=N)C1Cl)CCN=C=CC=CNCCC2C=C2,-4.19,augment
5414,C[C@@H1](COC=CC(C)C=1CF)NCC=1[C@@H1]CCC[C@@H1]C[C@H1]CCCC=C,0.0,augment
5415,CCC=NC1(O)C(C2)[C@H1]2[C@H1](C#N)CC1C,-3.39,augment
5416,C1C(C)OC=C1C=CC=O,-3.68,augment
5417,CC1[NH2+1]C=NC=CC1CC(=O)C2=C=C=C(CC2CC)S,-3.82,augment
5418,CSC[C@H1]C(=C)CCN[C@@H1][C@H1]CCCC=[C@@H1]C=[C@@H1]C,-2.66,augment
5419,CCCCC=C(OC=NCC(=C1)C=COC=C1)C=O,-3.32,augment
5420,C[C@@H1]CC=CCC(C)C=O,-3.18,augment
5421,CCNC=C1CC=CC(N[C@@H1](N)NC[NH1+1]([C@@H1])CCC=C[C@@H1]C)C1,-3.54,augment
5422,C[NH1+1](C=CCCCC(CC1)[C@@H1](C)C=C1S)CCONCC2CC2=NN=C,-1.75,augment
5423,COC1=CC2=CC1CCCCCO[C@@H1](CC=C)C2,-3.84,augment
5424,O=CCC=CCCOC12[C@H1]NC3=CN3CC=CC(C1C=C(OC)CN)ON2C,-3.25,augment
5425,CC(N)C=CC=C(CC)C(=O)NCCCC(=O)C(C)F,-3.73,augment
5426,CC(=O)CCCNC=C1[C@@H1](C=CC2=CC=NNC2C1N)CCC3NC3,-2.78,augment
5427,CC=NC[C@H1](C)C1COC(C[C@H1]CCC[C@@H1]C[C@@H1]C(C)(C)C=C)C1,-3.11,augment
5428,CCC=C(CCCC(C)NC1=C2CN)CCC=CC1C2C=O,-4.11,augment
5429,O[C@H1](C)C(C)OC=CC=CCCCC1C=NC=CC=CCC1CC,0.0,augment
5430,COC=CC=C(CCC1CCCNCC=CCC)C1F,-3.66,augment
5431,CC=CC1=C(C=NC=CC=C1C[C@H1]CCC2=N)C3=CC=C2C=C3COCO,-5.61,augment
5432,CC[C@@H1](C)N=C(C)[C@@H1]CCC1CC1ON2CNC#CC=CC2C,-3.74,augment
5433,CC(=C)N1CCN/C(=O)NC(C=CC=CC=C1CC)F,-3.99,augment
5434,O=C=[NH1+1]C(NCOC=CC=O)CC=CC=CC1=CNC=NC1C,-3.91,augment
5435,C=1C=CC=CC=1C(O)CC[NH1+1]([NH2+1])CCOC=O,-1.41,augment
5436,O=C[C@H1]C1CN1SCC(CNC(=O)CC=O)C=CC=CC#C,-2.53,augment
5437,C[C@@H1][C@H1](CC)C=O,-2.8,augment
5438,O=C(CNC=CC1=CC=CCC2C=C2CCNC=C1)N=CC[NH3+1],-4.93,augment
5439,CCCCCC(C)(CC)[C@H1](N)CCCCCCCS,-2.76,augment
5440,CCN(C1CO)CCCNCCC2CC=C1C=C2C=C=O,-4.12,augment
5441,CCNCC12NC=CC3=C=C1[C@H1](C)NCC4N2C(=O)CC(N5C4=N)C5=C3,-4.47,augment
5442,C[C@@H1]CC=C(NC[C@@H1]C1CCCN1C=CC=C(Cl)C)CC=O,-3.92,augment
5443,CC=CC=CC=O,-3.26,augment
5444,CCC=NN=C(C=NCCC=O)C,-3.25,augment
5445,C#CCOC=CC=CC(C=O)CF,-2.87,augment
5446,C12CC=C3C=C=C1CCC2CN(C=C)C3,-4.09,augment
5447,C1CCCCNC(=O)CCN[C@@H1](C)[NH1+1](C)CCCCC2=CC21,-4.9,augment
5448,[NH3+1][C@@H1](C)[C@@H1][C@@H1]C=CSCCC=C(NC=CC1)CC=CC1=C,-4.59,augment
5449,COC(=C)[C@@H1]SCN=C=O,-2.84,augment
5450,C1CC=CC=C1CCSC=NC=CC=C2C=C(OCN3C=N2)CC=C=C3C,-5.18,augment
5451,C1CC2CC1NCC(N)C3C4N(C)N3C=CC=CCC=C2OCCCCC=C4,-4.86,augment
5452,CC(C=O)C=CC=NC(C)C=O,-3.18,augment
5453,CCNC[C@H1](CCC(=O)[C@@H1]CCCCCC)CC[NH2+1]CSCF,-0.97,augment
5454,CCC(C=O)=C=NC\C(CCC=O)(C)C=C,-3.29,augment
5455,C1C=CCCC(C(=C)C2=O)C=C1CNC=CCNCCC=CN=CSS2,-5.59,augment
5456,CC=CC=CCBr,-2.88,augment
5457,NC(=O)C=O,-2.3,augment
5458,C1CCC=CC=C1SCC#CCC2C=C2NCCOC[NH1]C3=CC=CC=C3,-3.91,augment
5459,CCOCCC[C@H1]=CNC=O,-3.09,augment
5460,C1C[C@@H1]CCCCNC(C)C(O)CC=NN=NN(CCCCC2)CC2=NNC=N1,-4.73,augment
5461,C1C(C)(O)C=CC=C1N=NC,-3.8,augment
5462,C1[C@H1](C2CCC1)C2(F)CF,-2.75,augment
5463,CCC1(C)C=CC2=NN=CS(C)C2C1N(C)[C@H1](C)C=O,-4.11,augment
5464,CC=CCCOC=NCN[C@H1](C[C@H1])CCOC1OC=CCC1=CC,0.0,augment
5465,C=C[NH1]C(C)C=C(SCC=CC)C,-3.02,augment
5466,COC=CC=C(CCCS[C@@H1](C)C(C)C=C(O)C1=CC=CC2=C1OC=CC=C2)O,-3.55,augment
5467,CC(=C)C=CN(OC(C)=CC=NC=CC(Cl)=CC)C,-3.36,augment
5468,C12CCC=CC3CC=CC3C1C2,-4.26,augment
5469,CC(NC[NH1+1]CCC=C([NH1+1])CF)C,-1.62,augment
5470,C12CCNC=CC1(CNC=O)S2,-4.02,augment
5471,C1CC=[NH1+1]C=CCNC=CCCC(=O)[C@@H1]CCCC=CC=C=C1,-5.11,augment
5472,CC(=O)C=CC(C=C1C=CO)CCCCCN1CC=CC2=CC2,-4.11,augment
5473,O=C(N)[C@@H1](O)CCC(CNCCCC=CSS)CF,-1.06,augment
5474,C1C=CC=C(CO)CCCCC=C1C,-5.39,augment
5475,CC[C@@H1]C1=NC[NH1+1](O)CCC=CC=CC1=CCCON,-4.73,augment
5476,CCOC=CCCNC(=O)[C@@H1]C=CCC=O,-4.09,augment
5477,CCN(CCCC1)CC=C(C[C@H1](CC=O)C)CNCCCCOC1,-4.27,augment
5478,C[C@@H1]N[C@@H1]COC=CCCCC=CCC(C)NC=CC=CC1C=C1,-2.74,augment
5479,CCCC=CC(=O)OC[C@H1]C(=C)CCCC=CCC=C=O,-3.84,augment
5480,CC1=NNC(C2)CC(=C)C(=N)N=C1S2=C=O,-4.35,augment
5481,O=C(OC1=CC=CC=C1NC=CCN)CCC(Cl)=CCF,-3.47,augment
5482,CC=CC=C/NC=NCC(=O)C1CN1CCCCC=C=CC,-4.36,augment
5483,CCC[C@@H1]1C(=N)NNC(=O)NCCC2C3CC=C(C(O)C=C3)SC21,-4.71,augment
5484,COCC1C[C@@](OC)=CNC(C=CC1[C@H1]N[C@@H1]2CCCCC2)C3COCC3C,-4.18,augment
5485,C#CC=CC1=CC#CC(=O)NC2OC=CCC=C12,-4.19,augment
5486,C[NH1+1]OC=CC=CC=CCCCCC(=O)C=CC=C=SC=O,-3.88,augment
5487,C1C2OC(=O)C=C1S(C3)=CC(O)C23NC(C)C=C,-3.95,augment
5488,O=C([O-1])C=CCN(C)C=C1NC2=CC=CCC3C2C=C1C=C3,-4.65,augment
5489,CCOC(=C)C(=O)NN(C=O)NCCCCCCC=C=C,-3.19,augment
5490,C1C(C)(CCCC=C)C=C1CC2[C@H1](C)N(C)CCC2=C,-4.54,augment
5491,CNC(=O)COSCC=C=NCC(CCC1C=C1)CC,-2.57,augment
5492,C[C@@H1]1[NH1]CCC(=O)CCCNNC=C1N(C)C(F)CCOC=CCF,0.0,augment
5493,CCNN=CC(=O)C1CC=NC1OCCC=C,-3.17,augment
5494,CC=NC=C(C1C=CC1C[NH1+1](N2)C[C@H1](C)CC2CC)C,-3.88,augment
5495,CC[C@H1](C)CCNC(C)=CSCCNO[C@H1]C=NC=O,0.0,augment
5496,COC=CC=C(C(=C)C(C[NH2+1])CC=CC)CC=C[NH1]C,-3.0,augment
5497,O=CCC=CC=CC(N1C)CCNC=NC[NH1]N=CN1CC,-3.25,augment
5498,C1C(C(Cl)C=C1)C=CC=O,-3.97,augment
5499,CC=CC=CC=NCCCN[C@@H1]CCCCNCCC1C[NH1]1,-0.74,augment
5500,C1[C@@H1]OC([C@@H1]1CC=CC(OC=CC)C=NC)(C)CCS,-3.36,augment
5501,COC=C1C=CCCCCCCCC(C)=C1NCC=NC=CC=CC=CC,-4.16,augment
5502,C1OCC[NH1+1]CCSC=CC(=O)CCCC=CN=C(CCCS12=C)CCC2OC,-5.6,augment
5503,CC(N)CC[NH1]C(O/C)([O-1])C=C=C=C(C#C[O-1])C=CC=N,-3.36,augment
5504,CC(C1)C(=O)NC1=C,-3.64,augment
5505,COC=CC1C[C@@H1]1N(C=O)C=CC=CC#C,-3.01,augment
5506,C1OCCCCC=CC(C)C1NC(=O)N(C)CCC,-4.13,augment
5507,CCC=CC(CCl)N=[C@H1]OCCC(C1)C1=CC=CCCC,-3.47,augment
5508,O=CSCC=NNC=CC=CC=C(C=CS=CC(=C)C=CC=C)C=CCC[O-1],-4.27,augment
5509,C1C=CC=C1C(C)CS[C@H1]S(C)CCC2CC2=NS,-4.37,augment
5510,NCOC=NC=O,-2.32,augment
5511,CC(C)CCNCC=NC[C@H1]C(C1)CC=CN=C1C(F)CC=NC,-2.92,augment
5512,CC(C)CC=CC(CCC1C)C(=O)CCC=C1,-4.64,augment
5513,COC1=CC=CC=C1OCC(=O)C=O,-2.84,augment
5514,CCC#CC(=O)CC=CC=CNC1C=CCCCC1,-4.11,augment
5515,C12SC3CC1(COC=CC=CC34C=CC=C4C(C)(C)C5)C5C2,-5.24,augment
5516,COC=CC=CCS(S)CC#C,-2.77,augment
5517,CCCOCCCC(C1)CCC=C1CCCSCC=O,-3.84,augment
5518,C1C=CC=CCN1CNC=O,-3.73,augment
5519,CCOC=CN(C)CCCNC=CC(=O)C[C@H1](C1NC(O)C=C1)NO,-3.18,augment
5520,C[C@H1]C=CSCC(C)[C@@H1]CN1NCC2CCC(S)COC1C2=C,-3.81,augment
5521,C=[C@H1]CCC(S)CCC=CC(C=C1C=NN=C1)=NCNN,-4.37,augment
5522,NC[N+1](CN=CC)C(=O)NC(C1=CCCS1=O)=O,-3.74,augment
5523,CCNCCC(=O)C(C1=CC(=O)N(C)NC=C)N(OC)C1O,-2.51,augment
5524,CNC(=O)CCC=CC=CC(C)C=CC=O,-3.9,augment
5525,CCOCCNC=C1NC(O)CC2CCOC=C2CC=N1,-3.78,augment
5526,[NH3+1][C@@H1]COC=C[C@H1](O)C(=O)C=C(C)CC=CC=N,0.0,augment
5527,CCOC(=O)[C@@H1]CCNS1C(C)OCC1CC=CCC,-2.76,augment
5528,C1N(C=O)CC1(CCNC=C)CCN=C=CC=CCC=C,-3.27,augment
5529,C12CN2C1C[NH1+1]C(C)CCC,-2.53,augment
5530,COCCC=C(C1N)CC(=O)C1C=O,-3.29,augment
5531,CC=CC=CCS1C2NNCC2CC3C=C3OCC=C1C,-4.35,augment
5532,CC=C(CC=CCC(C)C)OC=CCC=CC#CF,-3.07,augment
5533,C1CCC=CNCN1N2SC3=CC4=C2C=C3C=NO4,-3.95,augment
5534,O=C([O-1])N(C)C=CCS(=O)(=O)N=CC=CC=CCC,-3.93,augment
5535,CC1CC1=NC[C@H1]C=C(C2=CC(O)CCC2C3)C#CCC=C3,-4.54,augment
5536,C1=CC=NC2=C1NCSC=C2NC=CC(C)C=O,-4.02,augment
5537,C1OC=CC=C1CC=C,-2.88,augment
5538,C1C[C@H1]C1OC[NH1+1]N=CC(C=C2C=O)NC=C2,-3.81,augment
5539,C[NH1+1](C)[C@H1]CC[C@H1](C=NC1CC1)OCCC,0.0,augment
5540,CC(C)NC1=CC=CC=C1CCN=C=NC=CC=CNCCC=O,-3.59,augment
5541,CC=CC=C(O1)NCCCC(=O)/C=CC2CCC=C1C3=CC3C=C2O,-5.05,augment
5542,CCN=C=C=CC(NCNC(O)CC1=CC=CCS1N)=O,-3.25,augment
5543,CC1COC(C)=C1C(=O)N[C@H1](S)C([C@H1])(C)CC(C)C#N,-3.52,augment
5544,CC=CC1=CC=CC=C1C(O)C(=C)C=CC2CC2,-3.9,augment
5545,COC=CC=C(C)[C@@H1](O)C[NH1+1]([NH2+1])CCCCCNC=CC=CNCCCCCCC,-2.85,augment
5546,C1OC=CNC(=O)CCC(=C)C=C(N)C(O2)C=C2SS1,-4.1,augment
5547,C1CC=NN1CC=CC=O,-3.36,augment
5548,CCCCCCN=C(C=CC1=CCNC1C2)NCCC(C)=CN2,-4.27,augment
5549,CCNC#C,-2.09,augment
5550,CCO[C@@H1]CCN[C@@H1](CC=O)C=O,-2.25,augment
5551,CCNC[C@H1](N[C@H1]C1C=C1C)NC=CC(CC=CC=CC#CN2)CCCC=C2,0.0,augment
5552,CCCCC(CCC)C[C@@H1]1CCNNCC=CC(=C)C1N=C=O,-3.91,augment
5553,C1=CC1CC=NC,-2.84,augment
5554,CNC=C[C@@H1]C=O,-2.97,augment
5555,CCC=CC(C=CC=C(C)C1=O)S1NNC=O,-4.37,augment
5556,CCCCCCNCCCCNCCCNNC=CC(C=CC=C)C=CN=O,-2.66,augment
5557,CC(N)[C@H1]CNCCOC(=O)C([C@H1]C=COCCC=CCC)C(C)C,-1.4,augment
5558,CCNCN1C=NSN2C(=O)C=CC3(CCS1C3)S2,-4.22,augment
5559,O=C([O-1])[C@H1]=CC=CNC(C)[C@@H1](C)NCCC(O1)C1=O,-4.88,augment
5560,CCOC(=N)N(C=CCCC=CC1=CC=CCC#C1)C=C,-4.06,augment
5561,C#CCNCCCC(NCCC(ON1)NCC2CCCC2=N3)C=C=NC13CC,-3.75,augment
5562,O=CNC[C@@H1](NC(=O)N[O-1])CN=C(C)CCC,-2.65,augment
5563,CCC=NCNC=CCC(C)[C@@H1]C(C)CCCCNC1=CCCC1C#N,-2.96,augment
5564,CCNC1=CC1[C@@H1]C(=O)[C@@H1]2CC[NH2+1][C@H1]2CCC=CSCC,0.0,augment
5565,C1CC=C=CC(CC[C@H1]C=O)CSCOC=N1,-3.99,augment
5566,CC1C[C@@H1](C)N=C(N2)C(=O)CC1C(C)=CC=CC=C2C,0.0,augment
5567,C1CC(C)CC=CC=C1COCON=O,-4.24,augment
5568,C1CCNC1=O,-3.29,augment
5569,O=C([C@@H1]1)CCC=C1PN=CC=CCNC2=CC(C)C=N2,-4.49,augment
5570,CCC=C=C[C@@H1][C@@H1]CCCCCCNC=O,-2.59,augment
5571,CCC(C)NC=COCNC=NC1C(C=CC=C1)C,-4.09,augment
5572,CCN[C@H1](C=NC=O)C=CC=CC=NC#CF,0.0,augment
5573,C1C2(C)CC=C1C=CC3=C2N(C=O)C3=O,-4.52,augment
5574,CC[C@@H1](C)CC=CC=CNC(C)(NC1CCS)CC1C=O,-3.34,augment
5575,CC(C)CCCCNC(=O)C=O,-3.26,augment
5576,C1[C@H1]C[C@H1](C(=O)NCCCCCC=CCCNC)CCCC2CC2=NC=C1C,0.0,augment
5577,CCC=CC=C=C=NC(C)CNN(C=O)NN[C@H1]C=NC(O)CCCCO,-1.69,augment
5578,C[NH1+1]([O-1])C(C1=CC=CC=C1NCC2)CC=NC=N2,-3.71,augment
5579,CNC=NC=C1C=CC(CCC=C)CC=CC2=C1CSN2CCC,-4.76,augment
5580,CCC[C@@H1](N[C@@H1])CC(=O)N(CCCC1)CC1,-3.31,augment
5581,C=CC=CCOC=CC(C)C=C[C@H1](C)C1=CC#C1,-3.52,augment
5582,C1[C@H1]CCC[NH1+1]1N2NC(=O)C=C2C(=O)CN=CS,-3.33,augment
5583,CC(C)CCNC=CC(=O)CN[C@@H1](C)C(NN)[C@@H1]CNCCC1CC1CC=C,-1.72,augment
5584,C1CCCCCN(C(=O)N)C=CC=CC2=CC=CC=NC2S=N1,-5.3,augment
5585,O=CCC(N=CC=CC1=C2C(CCCC2)C=O)C=COC=C1,-4.73,augment
5586,CC[NH1+1]CCNCCOC(C)NC=O,-0.83,augment
5587,CCNC=C(C=CC=CCC1=O)C=C1O,-3.8,augment
5588,COCC1CCCSNC=N1,-3.38,augment
5589,CC(O)C=CCCNN(O)NNCC=CC=O,-3.66,augment
5590,CC=CN=CNC1=C(NC)CC1C=O,-3.37,augment
5591,C12CC=[C@@H1]C1(C=CC=CCC2)C3[NH1]C(CCC)C=C3[NH1]CPC,-4.55,augment
5592,C[C@H1]C=CC(C)(O)C=C[C@@H1]=C(O)C(=O)CCC=C,-3.28,augment
5593,O=C(N)C=NC(C)C,-3.32,augment
5594,CC=C1C=C(CCO1)CN(CCCCC)CF,-2.64,augment
5595,C1C(C1(CCC=C)N)[C@@H1]=CC=CC(=C)C=CNN(C)CCCC,-3.67,augment
5596,C1[C@H1](OC=C1CNC=CC(N)CCN=NCNC)CC=CCC2=CC2,-3.22,augment
5597,O=CC[C@@H1]C=CC=CC=CCF,-3.47,augment
5598,C=1C2=CC=C(CN2NC=NN=S=C)N=1,-3.56,augment
5599,CCOC=CC=CCC(C1)N=C1CC=CCS#COOCC,-3.46,augment
5600,O1[C@@H1]NNCC[NH1+1]C=CCC(OC)(C)C=CC=C1Cl,-4.26,augment
5601,CC[C@@H1](C)C[C@H1](O)C=CC=CCSC1CC1CNN=O,0.0,augment
5602,CCOC=CNN(C1)C(C=O)=CC=NC=CCN(C)C=C1,-3.57,augment
5603,ClCC=C=C=CC=NCCCCCC=O,-3.38,augment
5604,O=CC=CC=C1NC(O2)CN1CSC2=C,-4.19,augment
5605,CCCC=CC=C1C=CN=C(O)CNC=C2C([C@H1])N1C[C@H1]2C3CC=CC34CC4=O,-5.51,augment
5606,C1COC=CC=CN(C=C1C=CCCOC=C)C[C@H1]OCCC=O,-3.66,augment
5607,C1C(=O)C(=C)C=C=C(N)NCCCCOC=NN(CCC1(C)CC)C=CC=C,-4.72,augment
5608,C[C@@H1]C(=O)CCNC(C)CC=O,-2.8,augment
5609,C12C(CNC=C1N)NC=CC(C)N2,-3.65,augment
5610,CCCNN1CC=CN=C1C=CC=CC,-3.49,augment
5611,CC=CC=C(NNCCCC(O)CCC1CCO)C=C1N,-3.74,augment
5612,CCCCC[NH1+1](CCNCC=O)C,-2.79,augment
5613,CC(C)OC=CCCCC(=O)CC=[C@H1]CC(=C)C,-2.67,augment
5614,CCSCC(CN(C)CC1=CC=CC(C)=C1)=O,-3.18,augment
5615,CC(C)SC(NC(C)C1)=C1C(O)N2CCCCC2=O,-3.87,augment
5616,C1CC(C)(C)CCCCN(C)OC(N)N(C#N)S1,-3.74,augment
5617,CC=CC=CC=CC(=C)C(N)CC=CC=CC=O,-4.17,augment
5618,C=CC1=NC(O)[C@H1]1C=CC=O,-3.54,augment
5619,CNC[C@@H1]CS[C@H1][C@@H1][C@@H1]CC1[C@H1](CCCCCOC=O)CCCC1C,-3.37,augment
5620,C1NCCNC23CNC=C1CC=S2CC4CC4(C=NC=C[O-1])N3,-4.17,augment
5621,O=CC=CC(C=CC=CC)=CCCC(C)C(O)[NH1]C#CC,-3.62,augment
5622,CCOCCC[NH1+1]C(=O)C(C)NC=CCSN=O,-2.73,augment
5623,C[C@H1](C)CCC[NH1+1]C=[C@@H1]CC[C@@H1]C(=N)C=CC(=O)C=O,-3.02,augment
5624,CC=C1C(CC)CCNCNC(CC=C1C=CCCF)CC,-4.04,augment
5625,C[NH1+1](C)[C@H1](NCCCNCC=C=CC=CNC=CC=CCCO)C1=NS1,0.0,augment
5626,CC(C)(O)OCCNC=NC=CCCSC=NC=O,-2.64,augment
5627,CCCCC1=C=C1,-2.34,augment
5628,OC=CC=CNC=CC=NOC(C=CS1COOOOC=CC=CC)=CC1,-4.58,augment
5629,O=C(C=O)C=C,-2.67,augment
5630,CC1C(C)C=C1NC2C=C2CCOCON=CCC=CC=C(F)C#C,-3.44,augment
5631,C1C2(C)[C@@H1]1NCC(C=O)NCCCC(C)CON=C2,-4.3,augment
5632,C1NN=C(CCCOC=O)C1=[NH1],-2.87,augment
5633,CC1OCCNCC(C)=CC#CNNCCCC1,-4.61,augment
5634,C1C=CC1C=C,-2.55,augment
5635,CC=CSC(OCC(=O)CN(C)CCC=CN1)C1,-4.08,augment
5636,CCNC=CC=CC=CC(C)NC=CC(=O)C=O,-3.58,augment
5637,CCC(C[C@@H1])CCCC=CC(C(=C1)NCCN)C1,-3.49,augment
5638,C1OC=C2CCC=C1C2=C,-3.2,augment
5639,CCCN1N[C@@H1]NCCCC(=O)C[C@@H1]COCC=C(O)C=CCO1,-4.15,augment
5640,C[C@H1]CCCC(=O)CCC=O,-3.04,augment
5641,C12CC(=O)N1C(=O)C=CC=CC3=CC3CC#C2,-4.54,augment
5642,CCCC1C(CCN1SSC)=CC=CC=CF,-3.5,augment
5643,C1OC(C)C=C1C=CC=CC(C=CC=CF)(C)S,-3.69,augment
5644,COC=CC=C(C=CC)C(S)CCNC,-3.02,augment
5645,C1OC=CC=CC1C=O,-3.28,augment
5646,OC1(C)C=CNCN(C(N)=C)C=CC=C1F,-4.01,augment
5647,COC=CC=CCSC=NNC[C@@H1](C)N=NC(C1=O)CC=CC=C1CCOC=O,-2.83,augment
5648,C1C(C=O)[C@H1]1CCC=C,-3.27,augment
5649,CCCC=CNCC(=O)C[NH1+1]CCNC=NCCCNCC#C,-0.56,augment
5650,FC(F)(COCC=NC=C(C)C)OC(O)CCS=S,-1.22,augment
5651,C1CN(CCC=CC=O)CC=CC=CNCC2C=NC=C1C2,-4.57,augment
5652,COCCNCF,-1.68,augment
5653,O=C(C)[C@@H1](F)NCC1C2C1COC(C3C)C=CC=C32,-4.41,augment
5654,N1CCC=C=C1N2S([C@H1])(=O)C[C@@H1]2C=O,-3.63,augment
5655,CC=CNCN1CCC=C1CN(C)CF,-2.31,augment
5656,C=1CCC=C=1,-2.26,augment
5657,O=C(NNC(=O)CCC(C)=C1C=COCC2CCC)CC2=C=N1,-4.76,augment
5658,CC1=NCN(N)C(=O)C=NC=CNN(C(=O)N(C)C)CC=CC=C=NNS1,-4.94,augment
5659,C1C[C@@H1]CCCC=C1C=O,-4.18,augment
5660,COC=CC=C(CCC=[C@@H1]CN1C=C(CC=C1)C=CC)C[O-1],-4.13,augment
5661,C#CC(C=CC=CC(O)NNC)CNC#CC=O,-3.09,augment
5662,C1OC=CCC=C1C=CNC(=O)C=O,-4.06,augment
5663,CCC(O)C=C1CS1(C)(C)C=CN=O,-4.27,augment
5664,C1CCCC[C@@H1]C=CCON1CC2C(C)C3=CCOC=C3C=C4C=C24,-5.23,augment
5665,COCCCC(=O)CC=O,-2.88,augment
5666,CC=CC=C[C@H1](N)C[C@@H1]CCOC=COC=CC=CF,0.0,augment
5667,CCSC12C=NNC=C1CC(=O)CC=CCCCC=C2,-4.74,augment
5668,C1OC=CCC1(C(C2)CCCC=C2)CCCC=O,-3.89,augment
5669,CC=CC=CC([C@H1]CCCC[C@H1](C)C=O)CN,-2.48,augment
5670,CCOC=C1C=CCC=C1C=O,-3.44,augment
5671,N#CCCCOC=CC(=O)N[C@H1][C@@H1]CCC=C(F)F,-2.83,augment
5672,CC(C1)[NH1+1]=C1NC=NNC=CC(=O)C=CC2COCO2,-4.02,augment
5673,CC(C)CN=C=O,-3.04,augment
5674,CCCSC=C1C(C=CC(N)[C@@H1](C)CC=CC=C=C)=CCS=N1,-4.5,augment
5675,C123CN1NC=C2NC3O,-3.74,augment
5676,N#CC1=CC=CN1CCl,-2.5,augment
5677,C=CC[C@@H1](C)C=CC=CC=C1C=C1OCC=O,-3.77,augment
5678,C1OC=CC=C1C[NH1+1](C=CC=CC)CC=O,-3.32,augment
5679,CC[C@H1](OCNC)NC=NC=C=C(C)C=CNC=NNNCC,0.0,augment
5680,C1OC=CNCC1CC(C)[C@@H1](CCC(O)C[C@H1]C=O)CCOC,-2.86,augment
5681,C[NH1+1](C)CCOC=CC=NC=CC(=O)NCC[NH1],-2.64,augment
5682,CSC1CNNCCCN(C)N1CCCC=O,-3.44,augment
5683,C[C@H1]CC(C=CC=CC(O)N)=CCCNN(C)C1CC(C)NS1=S,-3.54,augment
5684,C[C@@H1]CCSCC(=O)CCC=CC=CC=CC(F)C=CS1=NC1OCOC,-3.18,augment
5685,CC(C)C(C)C=C1C=N1,-3.17,augment
5686,C1OCCSC(CCNCCCC=CC(=O)C=CC)=NN=C1,-4.74,augment
5687,C1C[C@H1](NCCC=CCCCC(C)CCCCN=CC)C=C1,0.0,augment
5688,C1[C@H1]2CNC3C(C=C=C2C=O)CCC1=S3,-4.94,augment
5689,C=1C(O)C2=CC=C[C@H1]2OC(=O)C=1C=NCC=CC=CC=CCC,-4.67,augment
5690,CCC[C@H1](CCC[NH1+1]C)CCCC=CCCN(C)C=CC=C=C,0.0,augment
5691,CC[C@H1](SCCN=CC=CC=C)C=C=CCOC,0.0,augment
5692,C[C@@](C)C1SCNC=C1C#N,-3.5,augment
5693,CCCC=CCCC=CSCNSCC=O,-2.85,augment
5694,CCOC=CC=CC=C(Br)CCCCSCCC(C)(O)CC=O,-3.24,augment
5695,C=CCC[C@@H1](NC(=O)CCCCN(C)CCNCC)NC1=NC12OC(C)C=C2,-1.76,augment
5696,CCOCOC#CNC(=O)C=C=C,-2.93,augment
5697,CCC=CC=CNC(C)(CC=O)NC(=C)C(C)F,-3.03,augment
5698,C#CC=C1COCCCC=C1C2COC=3CN[C@@H1]C=3C=CO2,-4.51,augment
5699,C[C@H1]C=C(C[NH1+1]NC=CC=C=CC=CNCC(=O)CCCN1CCCC1)CC=CC,-2.86,augment
5700,CC=NSC(C=CCC(CC)CCNCCCC=O)=C=CC=NN,-2.14,augment
5701,O=C(N)CCC1C=CC(=C)C=C1CNS(=O)NCN=C(C)C,-3.27,augment
5702,O=C(CCCNC(CCCC1)C2C1=NN)CC2Br,-4.63,augment
5703,CCCCC([C@H1])C=O,-2.94,augment
5704,CCCC=CC=CC=CC(N)C=CC(NCC)=CC=CC=CCC,-3.94,augment
5705,N1=C=NCCOC(=O)[C@H1]CC[C@@H1](C)C1(F)CCF,-3.61,augment
5706,CCC1OC(COC1)C=O,-3.4,augment
5707,CCC=C(C=NN)C=CCF,-2.78,augment
5708,C1COC=CCCCSNC=CCC2SC=NC=CCC21P,-4.57,augment
5709,C12CN1CN(C)CC2CNC=CCN,-3.22,augment
5710,C1C=C1C=O,-2.67,augment
5711,CC=CC=C(CNC=CNC(=O)SCCOCC=COC=C1C2=C1N3)C23,-4.83,augment
5712,FC=CC1=CC1C=O,-3.08,augment
5713,COC=CNC(C)C=O,-2.91,augment
5714,CCC1NNCCCC2(CCCC=C2C=CC=C13)CC3(C)N,-5.27,augment
5715,N=CC=CC=CN(C=O)C(C=CC(C=CC1=CC2=CC=C1Cl)S2#N)CC,-4.67,augment
5716,NCOC=CCC=C(CSC=O)CCCNCC,-0.65,augment
5717,CC=CC=CNCCC1=CC1N=C(C2=O)C(C3=C2O)C=C3C,-4.82,augment
5718,CC1=CC=CC(C=O)=C1O,-3.67,augment
5719,CN(C)C=CC=CC=CCC(=O)C=NC=CCCCF,-2.97,augment
5720,CC=C[NH1]C(OC)CNCC=CC=CC=CC(CC=CF)C,-3.35,augment
5721,C1CCC=C1C[C@@H1]C=CC#CNN2C=NC=CN2C=CC,-4.18,augment
5722,CC=CC(C=CC=CC=CC=CC=C(O)N)=C[C@@H1](C1)[C@@H1]1C2=CC=CCO2,-4.27,augment
5723,C1OC=C(COC=CN1CCC(Cl)C2C=C=C)CCC(C)=CC2C3=CC3,-4.42,augment
5724,CC=C1C=C2C([C@H1]1CC[C@@H1]CCCC(C)=C2C3C)=C3,0.0,augment
5725,FC=CC=CCN=C=NNC=NC(C(C)N[C@H1](C)N)CCl,-4.08,augment
5726,C[C@H1]C(C)CC=CC=CC(=O)C1=CC=C(CC1)F,-3.8,augment
5727,C1COC=CC=C1C(=O)C(C)=CC=C(C2CF)C=N2,-3.92,augment
5728,CC=CS=CC1C(=O)CC=C1C2=CNC=C2CCC=CC,-4.0,augment
5729,O=C(N)C=CSCCN1N(C)NC1=C[C@H1](C)C,-3.52,augment
5730,CCN=CC=C=CCCNC(C)SCCC=O,-3.4,augment
5731,O=COCC=NC(C)C=CC=CN=C(Cl)C#C,-3.39,augment
5732,CC=CC=CC1=CC=CS1CCCCCC[C@@H1](C2)O2,-3.58,augment
5733,C[C@@H1](C=CC(OCCC1)=CCC=C1)CNCCCCCCF,-4.23,augment
5734,O=C(C=CN(CC=O)N)C=CC=CC(C)F,-2.9,augment
5735,CCN(CCCCCC=O)CCCCC=CCCCC1C=C1,-2.47,augment
5736,C1CN1CN,-2.63,augment
5737,COC(C)COC=CC(=O)NCCCN=CSCOC=CC#N,-2.0,augment
5738,C1[C@H1](C=C1CC=C2)CS2,-3.26,augment
5739,CCCCCNC=CN=CS1CC(C2)CCNC=CC=CC(C)C(=O)S2C=CC=C1,-4.94,augment
5740,CNC[C@H1]C(C)CC=CCOCCCOC=C1[NH1]C1,-2.69,augment
5741,C1OCC[C@]1CC[C@H1](N2C(=O)CCC23C(=N)NC)C3(C)CCO,-3.54,augment
5742,CC=NCCC=CNC(=O)C=NC(=O)[C@H1]C,-3.55,augment
5743,CC(=C)CC=CC(N)[C@@H1]C1CCCCN(C)CCC=CC=C1F,-4.79,augment
5744,CCC1=CCCCC=C1OCCCCCC=CC,-3.45,augment
5745,CCCC(C)(C)OC=O,-2.95,augment
5746,CC[NH2+1]CN=CC=CC=CN([NH2+1])CC[C@H1]CC1CC=CC(C)C1CCC,-4.5,augment
5747,CCCC[NH1+1](C)[C@H1](N)C(O)CCC(C)S=NNCCC=CCCCO,0.0,augment
5748,CCOC(C=CNCC=[C@@H1]NCC=CC=C[O-1])=C,-3.11,augment
5749,CC=CC=C(OCC(C)CCC1=CN(C)CC1)OC2=CN=N2,-3.49,augment
5750,C1CCCNC2=C(C3CC=C2C3(C=O)C=CC=NCCC)C1,-4.32,augment
5751,C1CN1CC=C=CC=C/C=CC(=O)NC=CC=CC=C,-3.85,augment
5752,C1[C@H1](C)C=CC#CC=C1CNCCNC=CC=C=CC,-3.96,augment
5753,C1C2=CC=CC3=C2C(O)C=C(C=C3NCCC=CC)OC1C=CN,-3.9,augment
5754,CC(=O)OCCC1NC1C(C)CCC=CCSC=CNCCCCN=C,-2.01,augment
5755,CCOC=C(CCNCCNCCCS1CC1C=O)CSC,-3.98,augment
5756,C1C(C)C=CC1(C=CCCCNC2C3[NH1]C=CC=C3C4C)NCC24,-5.84,augment
5757,CCCCC[C@@H1](O)C=CC=O,-3.08,augment
5758,COC[C@@H1]=NC[NH3+1],-2.62,augment
5759,CCOCCC=CN=C(C[C@H1]O)NCOC#C[C@H1](C)N,-2.56,augment
5760,C[C@H1](NC=CC(C(C)CN1CCCNN)CC=N)N1CC=CC2=NC2,-4.07,augment
5761,C1C=CC#C[C@H1]([C@@H1])CC[NH1+1]CCC(CCCO2)CC2C=C1,-4.69,augment
5762,CCOC#CNCCC,-2.45,augment
5763,CCC=CCCN=NCNC1=CC(N)C1C=CC(C)=CCCCC,-3.28,augment
5764,CCN[C@H1](C)CC(CC(C)C(C)=N)C=CC(C)C=O,0.0,augment
5765,COCCC(N)C(C)CC(C)(C#N)CC=C=C,-2.48,augment
5766,CCCCC(C1=CCCN1)CCC(N[C@@H1](C)C)=CC=O,-3.21,augment
5767,CC1CCC(C2)C=C21,-3.1,augment
5768,CCC=C(C1C=C2CCCN)C1CCC=CC2,-4.45,augment
5769,CCCCC=C(C)C[C@@H1](C)C(=O)C=O,-3.44,augment
5770,CCCCN1CC(O)C(C)C(C=O)=CS1CCC,-3.6,augment
5771,C#CCNC=NC(OCCC1=O)C1CCC,-3.28,augment
5772,C[C@H1]CN(CCCCN1CNC=O)C1C=O,-2.98,augment
5773,C#CC=CC=CC=C=CC[C@H1],-3.33,augment
5774,CCNC=NC=C(CCl)C,-3.25,augment
5775,C1CNN=C(C(=O)C=O)CCCC1,-3.82,augment
5776,CCOC(CC)CC(N[C@@H1](O)N)CC1CN1CN=NC=CC=CCCC,-1.91,augment
5777,CC(CCCC)NCCC[C@@H1]C([C@@H1])CC1(CCCC=C1CC)CCC=C,-3.28,augment
5778,CC[NH2+1]C(C)[NH1+1](C[C@H1]C1SCCC=O)CCC=CO1,-3.89,augment
5779,CC=CC=O,-2.7,augment
5780,C1CCCCNNCS(O)C(N=CC=CC=C)C=CN(C)CC=C1OCC,-3.74,augment
5781,CC(C)CCC=CC(OC)[NH2+1]CC=CC=CCSNC(C)C,-3.45,augment
5782,C1C[C@H1](C)NC(=O)SCCN1,-3.63,augment
5783,CC=CC=O,-2.7,augment
5784,COCCC(=O)C=CCSC[C@H1](NC)C=CC=NC=O,0.0,augment
5785,CCCC1[C@@H1]OCCN1C=[C@@H1]N=C(O)CSCC(F)=CC=O,-3.96,augment
5786,OC(=O)CCN=CCC=O,-2.47,augment
5787,O=C(C1)CC=CSCCCC2CC=CN2C(C=CN(C=CC=C)CC[C@H1]F)=C1,-4.7,augment
5788,C1CCCCC1(C[C@H1]C(C)C2CCCC2CC)Cl,-4.03,augment
5789,C1C=CC(C)=C1NC(=O)NCCC(C)=NCC=CCCCCCCCNCC,-1.92,augment
5790,CC(C)C[C@@H1]CSCCNNC(C)CCCC(=O)S,-2.57,augment
5791,CC=CC(=O)NNC=C(OC/C(=O)C=CC1=CC1N)C2SN=CC3=C2C3,-4.4,augment
5792,C=C=C,-1.73,augment
5793,C1CC=C=CC=C1C=CCC23CCCCC2C[C@H1]4CCCCCCCCSC[C@@H1]4COO3,-6.69,augment
5794,C1C=NN=C1/C=CC=C2N(C=CC=CCCCC=C=C2NC=C)N=CN=CC,-5.21,augment
5795,COC=CSC=CC=C(SC1CC)OO1,-3.49,augment
5796,C1C(=O)NC2CCC(C=C2C=O)=CN=CC3=NC1CC=C3CC=C,-4.43,augment
5797,CCC=CC=CNC(=O)NCC1C[C@@H1]C(C)CC(=O)CC=C2C=CC3=C2CCC3C=C1,-6.13,augment
5798,CC=CC(=O)C=O,-2.93,augment
5799,C[C@H1]C=NC(C)C=CC=CC(C)(C)CC=CC=O,-4.27,augment
5800,CN(C)C(C)C=CC1=CC=NCCCCCC2C3C21C3=N,-4.75,augment
5801,CCSCC(CC1OC(ON[C@H1])=NC=CCCSC=C)C(=N2)CCS2S1,-3.5,augment
5802,C=C=NN(C=CC=C)C[NH1+1]C=CC=CN=S[C@H1]([C@@H1]CCC1CCC)C1C,-4.08,augment
5803,CCCCC(CC)=CC=O,-3.47,augment
5804,CC(=C)C=C(CCC=O)CCC(Cl)F,-3.03,augment
5805,CCCOC[NH1+1]NCOC(C)NCC(C)NC=CC(N1)C1,-1.19,augment
5806,COC=CC=CNNCOC=O,-2.51,augment
5807,C1C=CC(CC2NCCC3NCCCONCC=CCS214=CC=C)C=C4O3,-4.89,augment
5808,CC(C)C[NH1+1]C(C)N1CCN[C@@H1]C(C)C2S1CC=C2,-3.79,augment
5809,C[C@@H1](C)[C@H1]COCOC(=O)C(CNNN)C=1CCCC=1C,-2.15,augment
5810,CC=CC(=O)C(C)OC(C)CC#CCC=C,-2.92,augment
5811,CCCCCCCC([C@H1])CC[C@@H1]C=CC(=O)COC#C,-2.67,augment
5812,CC(C1CC=C2C=C21)N=CC(C)CCC=O,-3.74,augment
5813,CCC=CC=C(C1CC=C(C)S(=O)(=O)NC2=NC=CC2)COC#CCCCC1,-5.61,augment
5814,C1C[NH2+1]C(C=C(CNC=CC)CCl)=CC=C1C,-4.27,augment
5815,C1CCC=C1C,-2.61,augment
5816,COCCC(Br)=C(OCNCNC(C[C@H1]CCCCN)OC1C2=CC)C21O,-2.89,augment
5817,C1C[C@H1](C)[C@@H1](C)C=NC=C1[C@H1](C)CCCC=CC=CCC2CC2,0.0,augment
5818,CC(=O)NC=CCOC=C1CC(N)[C@H1](C)[C@H1]1O[C@H1]=NC=NC=CC(C)CCCC=C,0.0,augment
5819,CC[C@@]#CSN(CCOC(=C)C1=CNC2)CC=C1C2CC,-4.53,augment
5820,CC=CCCCl,-2.25,augment
5821,COC=CC=CC(=O)NCSCCC=O,-3.55,augment
5822,COCCCCC1C(C=C2NN1CCNC(C)CC)=C2,-2.12,augment
5823,CC=C(C)SC=CNCOC=CCN(C(C)=CCC)C1CCC=N1,-3.5,augment
5824,CC=CC=CC=CC=C(C=C)CC(C)[NH2+1]CCC,-3.8,augment
5825,CCNC=CNCSC=NN=CN[C@H1](N)C1=CC(=O)NC1=C,-4.07,augment
5826,O=C(NNC=CC(C)CC(O)C=C1)CCOC=C1C=CCCC=C=CC#C,-4.27,augment
5827,CCCC=NCC=C(CCCON)[C@@H1](O)CCCl,-3.2,augment
5828,CCOC=CC(C1C(C)[C@@H1]C)CC1CCCCCCC,-3.27,augment
5829,CSCC=CCC=CCCC=CCCCCS=CNC(C)NC,-3.55,augment
5830,C[NH1+1](CCN1C(C2)NN(C)C=CCl)NC1CC=N2,-4.2,augment
5831,C=1CC[C@@H1]=C=1,-2.27,augment
5832,C[NH1+1](C)CCC=C[C@H1](C[C@@H1]CCCC([NH1+1]1)CC(C)C)CN1,-3.48,augment
5833,C1N(C)C[C@H1](C)CC=CCCOCCC=C1,0.0,augment
5834,CC[C@@H1]CCC=C=N,-3.07,augment
5835,COC=CC=C(CCN1[C@@H1]COC=SNC=NC=CC=CCCN=CC)CCN=C1C,-3.74,augment
5836,C1CCC1C=CCCN=CC(=O)C=CC#CC=CC=CSN=NC=NC,-4.45,augment
5837,CCCCC=CNC=NC=O,-3.13,augment
5838,CC=C(C[NH2+1]C)ONC=CC=CC=CCCNC1C=CC=NC=C1C,-4.39,augment
5839,C1=CCC(C=C1OC=CC=CN2)C=N2,-4.34,augment
5840,CCC(=O)CCCC=CC(N)C=CC(C=CC=C)F,-2.9,augment
5841,CC=CC=CC=CCNN([NH1+1])C1=CCC(Br)C2=C1C#CC2,-4.06,augment
5842,CCCC=NNC[NH1+1]N(C1)CCCCN1CSC[C@H1]CC2CC=CC3=C2C3O,-1.8,augment
5843,C123N(C=CC4=C1CCC(O)C(C)C=C2)C=CC=C4C(C)C3,-4.81,augment
5844,C1CN=C1CCC=C,-2.84,augment
5845,C[C@H1](C)OCCC=CSCCNC=C=CC#C,-2.67,augment
5846,O=CCCCCCCC(C)(O)COCC=CC=C,-3.07,augment
5847,C1C=CC=C(C=C=CC(=C)CC=C(ON2)C=NN=C2C3CCC)C1OC3,-5.43,augment
5848,C1C=CC2=C1C=C(C)C=C(Cl)CC(C)C2CN=C=C,-4.76,augment
5849,CC(=O)NCCCC1=CC=CN1CNCC2N[C@@H1](C)C=C2C=O,-3.28,augment
5850,COC=CC(=O)NNC(S)(F)CCC(=O)NN=CCC(C)Br,-3.39,augment
5851,C=[NH1+1]CN1CC=CCC1,-3.34,augment
5852,CCCC[C@@H1](CC(=O)CCC(=O)CCON=O)CC=CC=C,-3.22,augment
5853,CCNC(=O)C(CCC[C@H1][C@H1]C1C=CC=CC=CC=CN=COC[NH1]C)ONN1,-3.9,augment
5854,CCOC=CC=CNC(C=CC=CC=CC=C=CC)=CC=C,-3.86,augment
5855,N#CC=CN=NOCOO,-3.38,augment
5856,CCC(C)NN(C)NC(=O)C1=CC1O,-3.56,augment
5857,NC(=O)C=CC(=C)C=C/C=CCC1N=C1SC=C=NCCCCCC(F)C,-3.7,augment
5858,O=C([O-1])C1CC(OC)[C@@H1][C@H1]C[C@H1]CCC1SCCCCC,-4.02,augment
5859,C1=C(COCCNC2=C1C=CN2)CCC=CCC,-4.13,augment
5860,C1C=NC=CC1C=CC=CC=C(OC)C=O,-4.02,augment
5861,C[C@H1]C1N2C=CN1C=C[C@@H1]CCN[C@H1]CC(N)(C=O)C2S,-3.85,augment
5862,O=C([O-1])C=C=[NH1+1]OC=CN(CC=CC)CC1=CC(C2)C1C=C3C2=C3,-4.85,augment
5863,COC=CC=CC=CC#CS=NNCC(C)C=NC(C)CCC=O,-2.66,augment
5864,CC=CC(SN1CCNC=O)=C1CC=2C=CC=2,-3.65,augment
5865,CC=C1C=CC2=C1C=NC#CNCCCC=C=COC2,-4.66,augment
5866,C1[C@H1](C)CC=C1COC(=O)NC=O,-4.04,augment
5867,CCN(CC)CCC1N(C)C2=C(CCCCCOCCC2)CS1,-3.53,augment
5868,CCC=NC(CCCN1C=NC(C=O)=CC=C2C=C2NC1)C,-4.25,augment
5869,C1C=CCC2OC=C1[C@H1](O)NCC(C)CC(C)C=C3C=C3C=C2,-4.76,augment
5870,NCNN(N1)C(=O)CC=CC#CC1=O,-4.49,augment
5871,C=1CCCN=C=1,-2.82,augment
5872,COC=CCCC(C1)C=CNC[C@@H1]1C=O,-3.8,augment
5873,CC1CC=C[NH1+1]C1,-2.96,augment
5874,C1C=CC=CC(=O)C(C)COCC=CC=C[NH1]1,-4.56,augment
5875,C1COCC[C@@H1]1[C@H1]CCNC(=O)C/N=CCCCOF,-2.63,augment
5876,CC=NOC=CC1=CN(C)C[C@@H1]1C,-4.01,augment
5877,C[C@@H1]CNC(C)=CCCNN(C)[C@@H1]1CC(C)C=C1C,-3.31,augment
5878,C[C@H1]1C(SCNC1=O)CCC(C)C(O)C(C)=CNC,0.0,augment
5879,C1C(C)C(C)=C=C1NC=NN(OC)CN2CCCC=N2,-4.26,augment
5880,C=C(C=CC=NCC[O-1])C=CC=O,-3.39,augment
5881,OC([O-1])CCSC=CC=CC(=O)C1C[C@H1]CCC1=CC,-4.72,augment
5882,C[C@@H1](C)C[C@H1]CCC(C)(C)CC=CC(Cl)CCF,-2.44,augment
5883,CC(CC1NC2)CC=C1C=C2CCCCCCN3C(=C)CCC=CN=C3,-4.56,augment
5884,C1CCC2CNC3CC31OCCCOC(C=C2C)=CC=CC=C,-4.67,augment
5885,COC(=O)C=C=CN=C(NC=N1)N(CCC#C)C1C=C,-2.6,augment
5886,CCCCCCC[C@@H1]CCNC=CSC=NC=O,-2.8,augment
5887,C12C=CC=C=CC=NC1C=CC2,-4.03,augment
5888,CC[C@H1]CCC(C)C=C[C@H1]CCCN(CCC=O)CCNCC=CC(Cl)C,-1.3,augment
5889,CC(C)CC=C=CSC[C@](C(C)C)=CN(N1)OCCC=C1C,-3.92,augment
5890,CC(N)(CSC=CC)C=O,-3.29,augment
5891,C1NC1=O,-2.84,augment
5892,CC(N1)C[NH1+1]1OCCC2CCNC=CC=C3C=C32,-4.52,augment
5893,CCC=CC=CCNCNC(=O)N(C1)[C@@H1](C)CCCC=C1C2CCOC2CC,-4.51,augment
5894,CCNC=CN=C(S)SC1=CNC2ONNCCC=CC2C=C1OCCN=CF,-4.17,augment
5895,CC=CC=CCN(CCCN)CNC(S)CN=NC1=NNSCC1C,-2.93,augment
5896,C=C1CN(COC=CC=CC=CC=C=C1COC)CC,-4.45,augment
5897,C[C@H1]C[C@H1]CNC(C)CNCCNC(=O)C1=CC(C)=C1C,-2.32,augment
5898,C1OC=C[C@@H1]1CCC=CC=O,-3.62,augment
5899,C12C3[NH2+1]C4[C@H1](C)CC=CC1CC=C2C4C=NC3CO,0.0,augment
5900,CCC(C)CCOC=O,-2.71,augment
5901,O1C2=CC=CC=C12,-2.98,augment
5902,C1COC(C)N1C=O,-2.8,augment
5903,COC[C@@H1]1C(=O)CC1(C=O)CC=C,-3.24,augment
5904,CCCCNCSNC1(O)C[C@@H1]2CC13CC3C2,-3.27,augment
5905,COC=CC=C(CCCCN1C=C(CCC1)C=C)CC,-3.54,augment
5906,COC=C1C2=CC=CC=C1C2NCCCC=CC3=CC=CC4=C3SS4C=C,-4.52,augment
5907,CC=CC=C=CC=CC=CC=C[C@@H1](C1NC=NCC)CCCCC2CC=C12,0.0,augment
5908,COCCNC(C)NC=O,-2.62,augment
5909,CCC(C1)[C@H1]2NC=CC=C2C(=O)CC3=CC=CC=C1C4=NC5=CCC4CC35,-5.57,augment
5910,C1=CCCC[NH1+1]1S(=O)NCNN=NCNC(C)C=CC(C)SN=N,-2.02,augment
5911,O=C(NN[C@H1]CCCNCNC=CC=CC1=CC=CCC1C)CO,-3.51,augment
5912,CC(C)CC#CC=CC=CNCC[NH1+1](O)CNC[C@@H1]=S,-3.18,augment
5913,CCOC1=CC=CC=C1C=O,-3.39,augment
5914,COC=CCCCNC=CC=CC=C(N)C=O,-3.03,augment
5915,CC=C(CN(C=O)C=O)CC(C=CN=CC)=CCC=CC=C,-3.66,augment
5916,CC(=O)[C@H1][C@@H1]CCC1C=C(C=CCC1)Cl,-4.18,augment
5917,CCNC(=O)NC1=CN(C)C(C)OC1CC=CN=C=NC,-3.53,augment
5918,CCN(CC)C(=O)C1=CC(CCNC)SCCNCC=C1C#C,-3.83,augment
5919,COC=O,-2.06,augment
5920,CCCNCSCC(=O)OC=CC1=CC1(C)NC=CC=CCl,-3.5,augment
5921,O[C@@H1]C[C@@H1]C(C)C(CC=NC=O)=CF,-3.13,augment
5922,CN(CC=C(C)SC=CCC1C)NC(=C)C(=C)C=C(C)C=CC=C1,-5.37,augment
5923,CC=CC=O,-2.7,augment
5924,CCOC=C(NC=CC(C)C(=O)NCC=C)C=CC1CC1=N,-3.93,augment
5925,C123CC1CCN2OCC(C)C4=CC=CC=C34,-4.62,augment
5926,CC=CC=C(CNCCC(=O)CC(C)=CCN)C=C=S=O,-2.89,augment
5927,CC(NNC=NNC(C1)CCCN(C)C)C=CC=CC=C2C=C2NC=N1,-4.64,augment
5928,CC[C@@H1](CC)C=O,-2.81,augment
5929,CCOCCCN[C@H1](C[C@@H1])NCCCCSCCOCC=CCC1C=C1,0.0,augment
5930,CCOC=CC=O,-2.47,augment
5931,CNC=C1CC(NC(=O)OCCN[C@@H1]1CC=CCCOC2=CC=CS2CCNN)=O,-3.24,augment
5932,COC=CC=C(CCCCC(=O)CC(S)NC1)CC1(C)O,-4.16,augment
5933,CC[C@@H1]CCNC=NC1C(N)[C@@H1](O)CCC1=C,-3.19,augment
5934,C[C@@H1]C[C@H1]CNC(C(=O)C=CC=NC=CF)NNCCC(C)C=N,-2.05,augment
5935,C1#CC[C@@H1]CN([NH1+1]C(C)CC1(C2C)CCCC2C)CN=CCC,-4.42,augment
5936,C1=C=CONCNC=CNC=CC1=C,-3.92,augment
5937,CC(C1)C1C(C)[C@@H1]CCSC=O,-3.45,augment
5938,CC=CC=C(OC)CC=C=CCCNCC=O,-3.47,augment
5939,CCCC(N)[C@H1]CC=CCSC=NNNC=O,-1.7,augment
5940,CC=CC(C)(O)C1(C2)CCSC1N[C@H1]CC3CC2C3=O,-3.8,augment
5941,O=C(C)C=CC=C(F)C#C,-3.7,augment
5942,CCC=CC=C(C=CNCOC(C)C1CCC(C)C=NN=O)CS1C=O,-3.6,augment
5943,C=CC=CCC1(C=N[C@H1]C=CC=C2C(C)=CCN2C1C=CC3=CC3)C,-4.6,augment
5944,CCCNC=C(C(C)CN[C@@H1]NC[C@H1]C[C@H1]CCC1CCCF)C=C1,-3.97,augment
5945,CCCC1=CC=NC=CC1(CNCCCCN)C=CNCCC=C,-2.42,augment
5946,CC=NC(CNS=O)NC=CC=O,-3.14,augment
5947,[NH3+1]OC=CC=CCSC=CCCC(=N)C1S(C)(F)CC=C1,-2.67,augment
5948,C[C@H1]([NH2+1])C[C@@H1](C)SCCC=NC=C1CC1,0.0,augment
5949,CC([NH2+1])CC(=C)C=O,-2.52,augment
5950,CN(C)SC(CCC1CC2C(NC)=CCO)C(C=CC=CN=C2)C=N1,-4.08,augment
5951,CC(C)OC=O,-2.44,augment
5952,CCCC=CCC(=C)SCC1NC=CC=CC(C)(O)CC2(C)CC(O)=CC=CS=C12,-4.07,augment
5953,CCCNC=CC=CC(=C)C(=O)C(C[NH2+1]CC)S(C=O)C,-3.52,augment
5954,C[C@@H1](CNCCCCC[C@H1]COC=O)C=CC=CCC=CS=CCC=CCC,-1.96,augment
5955,C1CCOC=C(C#N)C=CCC=C1,-3.78,augment
5956,O=C(NN1C2/CCN1NC=CC=C(F)C2CCC3C=C3N)C=CC,-3.29,augment
5957,C[C@H1]CCCN[C@@H1](CC(C)NCC=C)C(OC1)[C@@H1]1,-2.4,augment
5958,C=CC=C[C@H1](C=COCSCOC=CC=O)CC=CC(F)CCC1=C=N1,0.0,augment
5959,CCCCCC1CCC=CC(=O)NCCNC(C)CC=C1N,-4.04,augment
5960,COC=CC=CC=CC1NCSC=CC2=C(C)CCC(=C)C=N[C@H1]1S2=O,0.0,augment
5961,C1CC=CC=C(C[C@@H1])CCC[C@H1]C2CSCCN[C@@H1]2C(=O)N1C,-5.25,augment
5962,CC=C(CCCC(N)CCC)CNCCNC(C)=NC=CC,-1.94,augment
5963,C[C@H1](C)CC=CCC=O,-3.31,augment
5964,OCCCCCNNNCCCCC(Cl)=N,-0.95,augment
5965,CC=CC=CCCNCCNC=C1C=CC2(F)C=C1N2CC,-3.29,augment
5966,CCC[C@@H1]CNCN=C(C)C=NC(C)=CC(Cl)CC=CSSCS,-2.0,augment
5967,CCCS(C=O)O,-2.55,augment
5968,CC[C@@H1](CC=C)CSC=CNCCNC1=CC=CC=N1,-2.6,augment
5969,C1=C(C(O)CCN)C1C23CCCCN2NC=CC=CC=CC3C,-5.06,augment
5970,C1NCN(C)CNC(C)C12C3=C(N)C[C@@H1]2C3C(C)CC4=CC4,-4.28,augment
5971,C12CC3=S(C=O)C=C1CCCCC3C=C2,-4.62,augment
5972,O=C(NC=C(C)CCCC=C1F)CC=CN1C=C,-4.66,augment
5973,C1C[C@@H1]C=CC[C@@H1]CCOCCC(CCF)(C)CCS1,-3.96,augment
5974,O=C(OC1=CCCCN1NN[C@@H1]COCCO)[NH1+1]CCCCCC#C,-0.63,augment
5975,O=CC=CC=CC=CCC=CC=C(Cl)COCCNC=CC,-3.65,augment
5976,C#CCONNC(C)C=O,-3.46,augment
5977,CC[C@@H1]CCC[NH1+1](NC=CC)CNNCC1C[NH2+1]1,-2.6,augment
5978,O=C(CCCC=CC=CC(C)C)CC1=NC1,-3.36,augment
5979,COC(=O)C(=O)NC=C=CC(C=CC1=C)(C2)C2=C1C,-4.79,augment
5980,CC(O)[C@H1]CCCCCCCl,-3.4,augment
5981,COC(=O)C=CC(N)CCCC=C(Cl)NS=O,-3.13,augment
5982,CCNC=CCSCC(N)NSCN[C@H1](O)CCCC=O,-1.41,augment
5983,CC1CCCNC=C=CC(C(=O)CCC1C(O)N=CC=C)CCCC,-3.85,augment
5984,CC=CC[C@@]CC1C[C@@H1](C)NC1C2[C@H1](C)CC2CCl,-3.9,augment
5985,CNC=CCC=CN=CNC(C=O)C1CC=CC=C1C=O,-3.81,augment
5986,CC=CC=CNC=CNCONC(=O)CC1C=CCC=C1C(C)CCO,-3.22,augment
5987,C1C=NC=C(C(C)NCNC)N(CC=CC=CC=CC=C1)C,-4.75,augment
5988,C1[C@@H1](C)C(CC[C@@H1]1C[C@@H1](C#N)C2Cl)C=CC=N2,-4.17,augment
5989,C[C@H1]1[C@@H1](C)CC1,-2.55,augment
5990,CC[C@@H1](O)N(NCCC)C[C@@H1]([C@@H1]CCC=CCOC)C,-1.11,augment
5991,CC1C=C1C=CC(C)OC=CN=C(C=O)N(C23)C2CC=C3CC,-3.96,augment
5992,CCCS1NC(C)C=C1NNCCC2CCCNC3=NC=CS3CC2,-5.22,augment
5993,CC1OC(=O)C(NC2)CC=CN=C2CNN1NCC=CNC(C)CC=C,-3.69,augment
5994,O=C(CNCCC)C1CCC=CC=CC1NCCC2C=C=CC=C2,-3.8,augment
5995,O=C[C@H1]C(N)C(=O)NCCC=C([C@@H1]C)CC(C)C=CC=C,-2.97,augment
5996,C1C(CC=C1/C(OC)ON)C\[NH1]/N2CCC=C=C2[NH1],-2.47,augment
5997,COC=C1C=C/C(NC(C)C=CCNCC2C1(C)C)C=C2,-4.67,augment
5998,CC1C=C(CC=C1)C=O,-3.91,augment
5999,CCC=N[C@H1](N)N(C)C[C@H1]N=CCC=CCC=CC=O,0.0,augment
